[class.foxconnect.kr/index.html]
[backblue.gif]
[fade.gif]
[index.html]
[class.foxconnect.kr/resources/front/site/SITE_00000/images/common/og_title40de.jpg]
[class.foxconnect.kr/resources/front/site/SITE_00000/images/favicon/apple-icon-57x57.png]
[class.foxconnect.kr/resources/front/site/SITE_00000/images/favicon/apple-icon-60x60.png]
[class.foxconnect.kr/resources/front/site/SITE_00000/images/favicon/apple-icon-72x72.png]
[class.foxconnect.kr/resources/front/site/SITE_00000/images/favicon/apple-icon-76x76.png]
[class.foxconnect.kr/resources/front/site/SITE_00000/images/favicon/apple-icon-114x114.png]
[class.foxconnect.kr/resources/front/site/SITE_00000/images/favicon/apple-icon-120x120.png]
[class.foxconnect.kr/resources/front/site/SITE_00000/images/favicon/apple-icon-144x144.png]
[class.foxconnect.kr/resources/front/site/SITE_00000/images/favicon/apple-icon-152x152.png]
[class.foxconnect.kr/resources/front/site/SITE_00000/images/favicon/apple-icon-180x180.png]
[class.foxconnect.kr/resources/front/site/SITE_00000/images/favicon/android-icon-192x192.png]
[class.foxconnect.kr/resources/front/site/SITE_00000/images/favicon/favicon-32x32.png]
[class.foxconnect.kr/resources/front/site/SITE_00000/images/favicon/favicon-96x96.png]
[class.foxconnect.kr/resources/front/site/SITE_00000/images/favicon/favicon-16x16.png]
[class.foxconnect.kr/resources/front/site/SITE_00000/images/favicon/manifestd41d.json]
[class.foxconnect.kr/resources/front/site/SITE_00000/images/favicon/ms-icon-144x144.png]
[class.foxconnect.kr/resources/front/site/SITE_00000/images/favicon/favicon.ico]
[class.foxconnect.kr/resources/front/site/SITE_00000/css/stylef784.css]
[class.foxconnect.kr/resources/front/site/SITE_00000/css/site25c3.css]
[class.foxconnect.kr/index-2.html]
[class.foxconnect.kr/fox/course/courseList94ea.html]
[class.foxconnect.kr/fox/dicary/foxDicary40b0.html]
[class.foxconnect.kr/board/boardListbc8b.html]
[class.foxconnect.kr/board/boardList41ab.html]
[class.foxconnect.kr/qainfo/qainfoList1833.html]
[class.foxconnect.kr/faq/faqList3f34.html]
[class.foxconnect.kr/fox/cls/clsList9fd4.html]
[class.foxconnect.kr/fox/cls/clsList53e1.html]
[class.foxconnect.kr/fox/cls/clsLista499.html]
[class.foxconnect.kr/fox/cls/clsList622a.html]
[class.foxconnect.kr/fox/cls/clsList8444.html]
[class.foxconnect.kr/board/boardList192e.html]
[class.foxconnect.kr/fox/quiz/courseQuizReco.html]
[class.foxconnect.kr/resources/front/site/SITE_00000/images/main2024/intro_img1.png]
[class.foxconnect.kr/resources/front/site/SITE_00000/images/main2024/intro_img2.png]
[class.foxconnect.kr/resources/front/site/SITE_00000/images/main2024/intro_img3.png]
[class.foxconnect.kr/resources/front/site/SITE_00000/images/main2024/intro_img4.png]
[class.foxconnect.kr/resources/front/site/SITE_00000/images/main2024/intro_img5.png]
[class.foxconnect.kr/resources/front/site/SITE_00000/images/main2024/curriculum_img1_1.jpg]
[class.foxconnect.kr/resources/front/site/SITE_00000/images/main2024/curriculum_img1_2.jpg]
[class.foxconnect.kr/resources/front/site/SITE_00000/images/main2024/curriculum_img1_3.jpg]
[class.foxconnect.kr/resources/front/site/SITE_00000/images/main2024/curriculum_img2_1.jpg]
[class.foxconnect.kr/resources/front/site/SITE_00000/images/main2024/curriculum_img2_2.jpg]
[class.foxconnect.kr/resources/front/site/SITE_00000/images/main2024/curriculum_img2_3.jpg]
[class.foxconnect.kr/resources/front/site/SITE_00000/images/main2024/review_img1.jpg]
[class.foxconnect.kr/resources/front/site/SITE_00000/images/main2024/review_img2c4ca.jpg]
[class.foxconnect.kr/resources/front/site/SITE_00000/images/main2024/review_img3.jpg]
[class.foxconnect.kr/qainfo/qainfoList.html]
[portal.foxconnect.kr/foxlc/agent.jpg]
[t1.kakaocdn.net/kakao_js_sdk/v1/kakao.js]
[class.foxconnect.kr/resources/lib/jquery/jquery.min.js]
[class.foxconnect.kr/resources/lib/jquery-ui/jquery-ui.min.js]
[class.foxconnect.kr/resources/lib/tinymce7/tinymce.min.js]
[class.foxconnect.kr/resources/common/js/tinyModulebc56.js]
[class.foxconnect.kr/resources/front/site/SITE_00000/js/slick.min.js]
[class.foxconnect.kr/resources/front/site/SITE_00000/js/swiper-bundle.js]
[class.foxconnect.kr/resources/front/site/SITE_00000/js/ScrollMagic.min.js]
[class.foxconnect.kr/resources/front/site/SITE_00000/js/TweenMax.min.js]
[class.foxconnect.kr/resources/front/site/SITE_00000/js/animation.gsap.min.js]
[class.foxconnect.kr/resources/front/site/SITE_00000/js/common9322.js]
[down.foxedu.kr/download/foxsite/js/common_foxsite.js]
[class.foxconnect.kr/resources/common/js/common9322.js]
[class.foxconnect.kr/index.html]
[class.foxconnect.kr/resources/front/site/SITE_00000/js/sitec992.js]
[class.foxconnect.kr/resources/front/site/SITE_00000/css/vendors/bootstrap-icons.css]
[class.foxconnect.kr/resources/front/site/SITE_00000/css/vendors/slick.css]
[class.foxconnect.kr/resources/front/site/SITE_00000/css/vendors/swiper-bundle.min.css]
[down.foxedu.kr/download/foxsite/css/style_foxsitec106.css]
[class.foxconnect.kr/resources/front/site/SITE_00000/css/font/NotoSans-Thin.woff2]
[class.foxconnect.kr/resources/front/site/SITE_00000/css/font/NotoSans-Thin.woff]
[class.foxconnect.kr/resources/front/site/SITE_00000/css/font/NotoSans-Light.woff2]
[class.foxconnect.kr/resources/front/site/SITE_00000/css/font/NotoSans-Light.woff]
[class.foxconnect.kr/resources/front/site/SITE_00000/css/font/NotoSans-Regular.woff2]
[class.foxconnect.kr/resources/front/site/SITE_00000/css/font/NotoSans-Regular.woff]
[class.foxconnect.kr/resources/front/site/SITE_00000/css/font/NotoSans-Medium.woff2]
[class.foxconnect.kr/resources/front/site/SITE_00000/css/font/NotoSans-Medium.woff]
[class.foxconnect.kr/resources/front/site/SITE_00000/css/font/NotoSans-Bold.woff2]
[class.foxconnect.kr/resources/front/site/SITE_00000/css/font/NotoSans-Bold.woff]
[class.foxconnect.kr/resources/front/site/SITE_00000/css/font/Pretendard-Light.woff2]
[class.foxconnect.kr/resources/front/site/SITE_00000/css/font/Pretendard-Light.woff]
[class.foxconnect.kr/resources/front/site/SITE_00000/css/font/Pretendard-Regular.woff2]
[class.foxconnect.kr/resources/front/site/SITE_00000/css/font/Pretendard-Regular.woff]
[class.foxconnect.kr/resources/front/site/SITE_00000/css/font/Pretendard-Medium.woff2]
[class.foxconnect.kr/resources/front/site/SITE_00000/css/font/Pretendard-Medium.woff]
[class.foxconnect.kr/resources/front/site/SITE_00000/css/font/Pretendard-Bold.woff2]
[class.foxconnect.kr/resources/front/site/SITE_00000/css/font/Pretendard-Bold.woff]
[class.foxconnect.kr/resources/front/site/SITE_00000/css/font/Pretendard-Black.woff2]
[class.foxconnect.kr/resources/front/site/SITE_00000/css/font/Pretendard-Black.woff]
[class.foxconnect.kr/resources/front/site/SITE_00000/css/font/bootstrap-icons.woff]
[class.foxconnect.kr/resources/front/site/SITE_00000/css/font/bootstrap-icons.woff2]
[class.foxconnect.kr/resources/front/site/SITE_00000/images/main2024/visual_bg_star.png]
[class.foxconnect.kr/resources/front/site/SITE_00000/images/main2024/visual_bg.png]
[class.foxconnect.kr/resources/front/site/SITE_00000/images/character/character_space.png]
[class.foxconnect.kr/resources/front/site/SITE_00000/images/character/character_space_excited.png]
[class.foxconnect.kr/resources/front/site/SITE_00000/images/main2024/visual_item1.png]
[class.foxconnect.kr/resources/front/site/SITE_00000/images/main2024/visual_item2.png]
[class.foxconnect.kr/resources/front/site/SITE_00000/images/main2024/info_bg.jpg]
[class.foxconnect.kr/resources/front/site/SITE_00000/images/sub/visual1.jpg]
[class.foxconnect.kr/resources/front/site/SITE_00000/images/sub/myinfo_level_obj.gif]
[class.foxconnect.kr/resources/front/site/SITE_00000/images/course/bg_reco.jpg]
[class.foxconnect.kr/resources/front/site/SITE_00000/images/course/course_ai.png]
[class.foxconnect.kr/resources/front/site/SITE_00000/images/course/course_entry.png]
[class.foxconnect.kr/resources/front/site/SITE_00000/images/course/course_scratch.png]
[class.foxconnect.kr/resources/front/site/SITE_00000/images/course/course_navmap.png]
[class.foxconnect.kr/resources/front/site/SITE_00000/images/character/character_face.png]
[class.foxconnect.kr/resources/front/site/SITE_00000/images/character/character_face_smile.png]
[class.foxconnect.kr/resources/front/site/SITE_00000/images/course/bg_map1.jpg]
[class.foxconnect.kr/resources/front/site/SITE_00000/images/course/bg_map2.jpg]
[class.foxconnect.kr/resources/front/site/SITE_00000/images/course/bg_map3.jpg]
[class.foxconnect.kr/resources/front/site/SITE_00000/images/character/character.png]
[class.foxconnect.kr/resources/front/site/SITE_00000/images/character/character_excited.png]
[class.foxconnect.kr/resources/front/site/SITE_00000/css/stylef784.css]
[class.foxconnect.kr/resources/front/site/SITE_00000/css/site25c3.css]
[class.foxconnect.kr/index-2.html]
[class.foxconnect.kr/resources/front/site/SITE_00000/images/common/og_title.jpg]
[class.foxconnect.kr/resources/front/site/SITE_00000/images/logo/logo.svg]
[class.foxconnect.kr/fox/cls/clsList7ee0-2.html]
[class.foxconnect.kr/fox/cls/clsListef36-2.html]
[class.foxconnect.kr/fox/cls/clsList8d3b-2.html]
[class.foxconnect.kr/fox/cls/clsList02c3-2.html]
[class.foxconnect.kr/fox/cls/clsList10cc-2.html]
[class.foxconnect.kr/fox/cls/clsList2f96-2.html]
[class.foxconnect.kr/fox/cls/clsList7b7e-2.html]
[class.foxconnect.kr/fox/cls/clsList538c-2.html]
[class.foxconnect.kr/fox/cls/clsList40f0-2.html]
[class.foxconnect.kr/fox/cls/clsList04a3-2.html]
[class.foxconnect.kr/fox/cls/clsList2aa3-2.html]
[class.foxconnect.kr/fox/cls/clsListab2f-2.html]
[class.foxconnect.kr/fox/cls/clsListe68b-2.html]
[class.foxconnect.kr/fox/cls/clsList37a2-2.html]
[class.foxconnect.kr/fox/cls/clsListc4d4-2.html]
[class.foxconnect.kr/fox/cls/clsList9049-2.html]
[class.foxconnect.kr/fox/cls/clsList18f7-2.html]
[class.foxconnect.kr/fox/cls/clsList36aa-2.html]
[class.foxconnect.kr/fox/cls/clsList5b62-2.html]
[class.foxconnect.kr/fox/cls/clsListe23d-2.html]
[class.foxconnect.kr/fox/cls/clsList3450-2.html]
[class.foxconnect.kr/fox/cls/clsListfeaa-2.html]
[class.foxconnect.kr/fox/cls/clsList7245-2.html]
[class.foxconnect.kr/fox/cls/clsListd97e-2.html]
[class.foxconnect.kr/fox/cls/clsListb323-2.html]
[class.foxconnect.kr/fox/cls/clsList3c1b-2.html]
[class.foxconnect.kr/fox/cls/clsListe35c-2.html]
[class.foxconnect.kr/board/boardList87a6-2.html]
[class.foxconnect.kr/fox/cls/globalSearch30e7-2.html]
[class.foxconnect.kr/fox/cls/globalSearchc4be-2.html]
[class.foxconnect.kr/fox/cls/globalSearch1a24-2.html]
[class.foxconnect.kr/fox/cls/globalSearche43d-2.html]
[class.foxconnect.kr/fox/cls/globalSearch07fb-2.html]
[class.foxconnect.kr/fox/cls/globalSearchf909-2.html]
[class.foxconnect.kr/fox/cls/globalSearchd137-2.html]
[class.foxconnect.kr/fox/cls/globalSearch912f-2.html]
[class.foxconnect.kr/fox/cls/globalSearch42e2-2.html]
[class.foxconnect.kr/fox/cls/globalSearch0fb4-2.html]
[class.foxconnect.kr/fox/cls/clsList803e-2.html]
[class.foxconnect.kr/fox/cls/clsListf12c-2.html]
[class.foxconnect.kr/fox/cls/clsLista8f4-2.html]
[class.foxconnect.kr/fox/cls/clsListbec6-2.html]
[class.foxconnect.kr/fox/cls/clsList117d-2.html]
[class.foxconnect.kr/fox/cls/clsListb206-2.html]
[class.foxconnect.kr/fox/cls/clsList3250-2.html]
[class.foxconnect.kr/fox/cls/clsList26c4-2.html]
[class.foxconnect.kr/fox/cls/clsList4ba3-2.html]
[class.foxconnect.kr/fox/cls/clsList946e-2.html]
[class.foxconnect.kr/fox/cls/clsList609c-2.html]
[class.foxconnect.kr/fox/cls/clsList5cbc-2.html]
[class.foxconnect.kr/fox/cls/clsListafd4-2.html]
[class.foxconnect.kr/fox/cls/clsList0e84-2.html]
[class.foxconnect.kr/fox/cls/clsList8510-2.html]
[class.foxconnect.kr/fox/cls/clsListe13a-2.html]
[class.foxconnect.kr/fox/cls/clsListd418-2.html]
[class.foxconnect.kr/fox/cls/clsList2838-2.html]
[class.foxconnect.kr/fox/cls/clsList8d08-2.html]
[class.foxconnect.kr/fox/cls/clsList8c56-2.html]
[class.foxconnect.kr/contents/COURSE/THUMB/20240510/20240510054655889.png]
[class.foxconnect.kr/contents/COURSE/THUMB/20240507/20240507040817933.png]
[class.foxconnect.kr/contents/COURSE/THUMB/20240507/20240507040836325.png]
[class.foxconnect.kr/embed/fox/course/checkCourseAuthced2.json]
[class.foxconnect.kr/contents/COURSE/THUMB/20240507/20240507040938658.jpg]
[class.foxconnect.kr/embed/fox/course/checkCourseAuth6dd0.json]
[class.foxconnect.kr/contents/COURSE/THUMB/20240507/20240507041009444.jpg]
[class.foxconnect.kr/embed/fox/course/checkCourseAuth7f6b.json]
[class.foxconnect.kr/contents/COURSE/THUMB/20240507/20240507041031244.jpg]
[class.foxconnect.kr/embed/fox/course/checkCourseAuth71bd.json]
[class.foxconnect.kr/contents/COURSE/THUMB/20240507/20240507041044705.jpg]
[class.foxconnect.kr/embed/fox/course/checkCourseAuth0fef.json]
[class.foxconnect.kr/contents/COURSE/THUMB/20240507/20240507041116200.jpg]
[class.foxconnect.kr/embed/fox/course/checkCourseAuth977c.json]
[class.foxconnect.kr/contents/COURSE/THUMB/20240507/20240507041134888.jpg]
[class.foxconnect.kr/embed/fox/course/checkCourseAuth12d0.json]
[class.foxconnect.kr/contents/COURSE/THUMB/20240507/20240507041146729.jpg]
[class.foxconnect.kr/fox/dicary/foxDicarycbde.html]
[class.foxconnect.kr/embed/fox/course/checkCourseAuth15d3.json]
[class.foxconnect.kr/contents/COURSE/THUMB/20240507/20240507041206877.jpg]
[class.foxconnect.kr/embed/fox/course/checkCourseAuthef01.json]
[class.foxconnect.kr/contents/COURSE/THUMB/20240507/20240507041217136.jpg]
[class.foxconnect.kr/embed/fox/course/checkCourseAuthd4fa.json]
[class.foxconnect.kr/contents/COURSE/THUMB/20240507/20240507041227745.jpg]
[class.foxconnect.kr/fox/course/courseList94ea.html]
[class.foxconnect.kr/resources/front/fox/course/js/courseListcb6d.js]
[class.foxconnect.kr/fox/dicary/foxDicary40b0.html]
[class.foxconnect.kr/board/boardView3c78.html]
[class.foxconnect.kr/board/boardList0a1f.html]
[class.foxconnect.kr/board/boardListbc8b.html]
[class.foxconnect.kr/resources/front/board/BBSTMPLT_001/js/boardListd140.js]
[class.foxconnect.kr/board/boardList0210.html]
[class.foxconnect.kr/board/boardList41ab.html]
[class.foxconnect.kr/qainfo/qainfoList878f.html]
[class.foxconnect.kr/qainfo/qainfoList1833.html]
[class.foxconnect.kr/resources/front/qainfo/js/qainfoListb014.js]
[class.foxconnect.kr/faq/faqView9557.html]
[class.foxconnect.kr/faq/faqView9f9b.html]
[class.foxconnect.kr/faq/faqViewa526.html]
[class.foxconnect.kr/faq/faqView9d66.html]
[class.foxconnect.kr/faq/faqView04e6.html]
[class.foxconnect.kr/faq/faqViewdb1b.html]
[class.foxconnect.kr/faq/faqList5ca2.html]
[class.foxconnect.kr/faq/faqList3f34.html]
[class.foxconnect.kr/fox/cls/clsList02ea.html]
[class.foxconnect.kr/fox/cls/clsListab9a.html]
[class.foxconnect.kr/fox/cls/clsList3287.html]
[class.foxconnect.kr/fox/cls/clsList2c98.html]
[class.foxconnect.kr/fox/cls/clsList6316.html]
[class.foxconnect.kr/fox/cls/clsList68e8.html]
[class.foxconnect.kr/fox/cls/clsList2ae4.html]
[class.foxconnect.kr/fox/cls/clsList797a.html]
[class.foxconnect.kr/fox/cls/clsListdc82.html]
[class.foxconnect.kr/fox/cls/clsList4ffa.html]
[class.foxconnect.kr/fox/cls/clsList9fd4.html]
[class.foxconnect.kr/fox/cls/clsList0bda.html]
[class.foxconnect.kr/fox/cls/clsListc28b.html]
[class.foxconnect.kr/fox/cls/clsList586e.html]
[class.foxconnect.kr/fox/cls/clsList346a.html]
[class.foxconnect.kr/fox/cls/clsList2780.html]
[class.foxconnect.kr/fox/cls/clsList7213.html]
[class.foxconnect.kr/fox/cls/clsList0bc9.html]
[class.foxconnect.kr/fox/cls/clsList1995.html]
[class.foxconnect.kr/fox/cls/clsList12aa.html]
[class.foxconnect.kr/fox/cls/clsListad6a.html]
[class.foxconnect.kr/fox/cls/clsList7360.html]
[class.foxconnect.kr/fox/cls/clsList53e1.html]
[class.foxconnect.kr/fox/cls/clsListfbc9.html]
[class.foxconnect.kr/fox/cls/clsListd990.html]
[class.foxconnect.kr/fox/cls/clsList0af3.html]
[class.foxconnect.kr/fox/cls/clsListeb92.html]
[class.foxconnect.kr/fox/cls/clsLista499.html]
[class.foxconnect.kr/fox/cls/clsListae16.html]
[class.foxconnect.kr/fox/cls/clsList1f56.html]
[class.foxconnect.kr/fox/cls/clsList0855.html]
[class.foxconnect.kr/fox/cls/clsList2d5c.html]
[class.foxconnect.kr/fox/cls/clsList5b61.html]
[class.foxconnect.kr/fox/cls/clsList0806.html]
[class.foxconnect.kr/fox/cls/clsList7c0f.html]
[class.foxconnect.kr/fox/cls/clsListe723.html]
[class.foxconnect.kr/fox/cls/clsList265c.html]
[class.foxconnect.kr/fox/cls/clsList78c8.html]
[class.foxconnect.kr/fox/cls/clsListb4eb.html]
[class.foxconnect.kr/fox/cls/clsList4bd9.html]
[class.foxconnect.kr/fox/cls/clsListd8de.html]
[class.foxconnect.kr/fox/cls/clsList622a.html]
[class.foxconnect.kr/fox/cls/clsListdf36.html]
[class.foxconnect.kr/fox/cls/clsList7a34.html]
[class.foxconnect.kr/fox/cls/clsListfe3c.html]
[class.foxconnect.kr/fox/cls/clsList2c4d.html]
[class.foxconnect.kr/fox/cls/clsList8444.html]
[class.foxconnect.kr/board/boardView2e2c.html]
[class.foxconnect.kr/board/boardList6551.html]
[class.foxconnect.kr/board/boardList192e.html]
[class.foxconnect.kr/resources/front/site/SITE_00000/images/common/noimg.jpg]
[class.foxconnect.kr/fox/quiz/courseQuizReco.html]
[class.foxconnect.kr/resources/front/site/SITE_00000/images/main2024/use_ico1.svg]
[class.foxconnect.kr/resources/front/site/SITE_00000/images/main2024/use_ico2.svg]
[class.foxconnect.kr/resources/front/site/SITE_00000/images/main2024/use_ico3.svg]
[class.foxconnect.kr/resources/front/site/SITE_00000/images/main2024/use_ico4.svg]
[class.foxconnect.kr/resources/front/fox/course/js/courseQuizReco69ab.js]
[class.foxconnect.kr/qainfo/qainfoList618a.html]
[class.foxconnect.kr/qainfo/qainfoList.html]
[class.foxconnect.kr/resources/front/site/SITE_00000/css/vendors/bootstrap-icons.css]
[class.foxconnect.kr/resources/front/site/SITE_00000/css/vendors/slick.css]
[class.foxconnect.kr/resources/front/site/SITE_00000/css/vendors/swiper-bundle.min.css]
[down.foxedu.kr/download/foxsite/css/style_foxsitec106.css]
[class.foxconnect.kr/resources/front/site/SITE_00000/images/main2024/bg_box_l.svg]
[class.foxconnect.kr/resources/front/site/SITE_00000/images/main2024/bg_box_r.svg]
[class.foxconnect.kr/resources/front/site/SITE_00000/images/common/sel_arr_bg.svg]
[class.foxconnect.kr/resources/front/site/SITE_00000/images/common/ico_check_wh.svg]
[class.foxconnect.kr/resources/front/site/SITE_00000/images/common/lnk_arr.svg]
[class.foxconnect.kr/resources/front/site/SITE_00000/images/common/ico_etc.html]
[class.foxconnect.kr/resources/front/site/SITE_00000/images/common/ico_zzim_wh.svg]
[class.foxconnect.kr/resources/front/site/SITE_00000/images/common/ico_zzim.svg]
[class.foxconnect.kr/resources/front/site/SITE_00000/images/common/ico_zzim_wh_full.svg]
[class.foxconnect.kr/resources/front/site/SITE_00000/images/common/btn_help.svg]
[class.foxconnect.kr/resources/front/site/SITE_00000/images/common/ico_user.html]
[class.foxconnect.kr/resources/front/site/SITE_00000/images/common/ico_down.svg]
[class.foxconnect.kr/resources/front/site/SITE_00000/images/common/ico_zzim_spot.svg]
[class.foxconnect.kr/resources/front/site/SITE_00000/images/common/ico_share.svg]
[class.foxconnect.kr/resources/front/site/SITE_00000/images/common/ico_class_sprites.svg]
[class.foxconnect.kr/resources/front/site/SITE_00000/images/common/ico_pdf.svg]
[class.foxconnect.kr/resources/front/site/SITE_00000/images/common/ico_calendar.svg]
[class.foxconnect.kr/resources/front/site/SITE_00000/images/common/btn_first.svg]
[class.foxconnect.kr/resources/front/site/SITE_00000/images/common/btn_prev.svg]
[class.foxconnect.kr/resources/front/site/SITE_00000/images/common/btn_next.svg]
[class.foxconnect.kr/resources/front/site/SITE_00000/images/common/btn_last.svg]
[class.foxconnect.kr/resources/front/site/SITE_00000/images/common/arr.svg]
[class.foxconnect.kr/resources/front/site/SITE_00000/images/common/bg_logo.svg]
[class.foxconnect.kr/resources/front/site/SITE_00000/images/common/ico_sch.svg]
[class.foxconnect.kr/resources/front/site/SITE_00000/images/common/sel_arr.svg]
[class.foxconnect.kr/resources/front/site/SITE_00000/images/main2024/curriculum_obj.svg]
[class.foxconnect.kr/resources/front/site/SITE_00000/images/common/location_arr.svg]
[class.foxconnect.kr/resources/front/site/SITE_00000/images/common/star.svg]
[class.foxconnect.kr/resources/front/site/SITE_00000/images/common/star_spot.svg]
[class.foxconnect.kr/resources/front/site/SITE_00000/images/common/ico_play.svg]
[class.foxconnect.kr/resources/front/site/SITE_00000/images/common/check_r.svg]
[class.foxconnect.kr/resources/front/site/SITE_00000/images/common/check_r_spot.svg]
[class.foxconnect.kr/resources/front/site/SITE_00000/images/common/ico_fullscreen_wh.svg]
[class.foxconnect.kr/resources/front/site/SITE_00000/images/common/ico-q-o.svg]
[class.foxconnect.kr/resources/front/site/SITE_00000/images/common/ico-q-x.svg]
[class.foxconnect.kr/resources/front/site/SITE_00000/images/common/ico_move.svg]
[class.foxconnect.kr/resources/front/site/SITE_00000/images/common/ico_move_h.svg]
[class.foxconnect.kr/resources/front/site/SITE_00000/images/common/coupon-border-l.svg]
[class.foxconnect.kr/resources/front/site/SITE_00000/images/common/coupon-border-r.svg]
[class.foxconnect.kr/resources/front/site/SITE_00000/images/common/coupon-bg.svg]
[class.foxconnect.kr/resources/front/site/SITE_00000/images/logo/simbol.svg]
[class.foxconnect.kr/resources/front/site/SITE_00000/images/sub/attendance.svg]
[class.foxconnect.kr/resources/front/site/SITE_00000/images/sub/attendance_on.svg]
[class.foxconnect.kr/resources/front/site/SITE_00000/images/sub/myinfo_level_bg.svg]
[class.foxconnect.kr/resources/front/site/SITE_00000/images/sub/myinfo_badge_ico.svg]
[class.foxconnect.kr/resources/front/site/SITE_00000/images/common/ico_home.svg]
[class.foxconnect.kr/resources/front/site/SITE_00000/images/course/ico_dictionary.svg]
[class.foxconnect.kr/resources/front/site/SITE_00000/images/course/badge_end.svg]
[class.foxconnect.kr/resources/front/site/SITE_00000/images/common/ico_ok.svg]
[class.foxconnect.kr/'/index.html]
[class.foxconnect.kr/fox/cls/clsList7ee0-2.html]
[class.foxconnect.kr/fox/cls/clsListef36-2.html]
[class.foxconnect.kr/fox/cls/clsList8d3b-2.html]
[class.foxconnect.kr/fox/cls/clsList02c3-2.html]
[class.foxconnect.kr/fox/cls/clsList10cc-2.html]
[class.foxconnect.kr/fox/cls/clsList0808.html]
[class.foxconnect.kr/fox/cls/clsListc5e1.html]
[class.foxconnect.kr/fox/cls/clsListca06.html]
[class.foxconnect.kr/fox/cls/clsListf7df.html]
[class.foxconnect.kr/fox/cls/clsList15ef.html]
[class.foxconnect.kr/fox/cls/clsList7cf0.html]
[class.foxconnect.kr/fox/cls/clsListd495.html]
[class.foxconnect.kr/fox/cls/clsLista926.html]
[class.foxconnect.kr/fox/cls/clsList77bb.html]
[class.foxconnect.kr/fox/cls/clsList9098.html]
[class.foxconnect.kr/fox/cls/clsListf983.html]
[class.foxconnect.kr/fox/cls/clsList2f96-2.html]
[class.foxconnect.kr/fox/cls/clsList7b7e-2.html]
[class.foxconnect.kr/fox/cls/clsList538c-2.html]
[class.foxconnect.kr/fox/cls/clsList40f0-2.html]
[class.foxconnect.kr/fox/cls/clsList04a3-2.html]
[class.foxconnect.kr/fox/cls/clsListed58.html]
[class.foxconnect.kr/fox/cls/clsListb471.html]
[class.foxconnect.kr/fox/cls/clsList25ed.html]
[class.foxconnect.kr/fox/cls/clsListe3ad.html]
[class.foxconnect.kr/fox/cls/clsListd3ad.html]
[class.foxconnect.kr/fox/cls/clsList6c13.html]
[class.foxconnect.kr/fox/cls/clsList431e.html]
[class.foxconnect.kr/fox/cls/clsList78ff.html]
[class.foxconnect.kr/fox/cls/clsList61e9.html]
[class.foxconnect.kr/fox/cls/clsListb86b.html]
[class.foxconnect.kr/fox/cls/clsListe352.html]
[class.foxconnect.kr/fox/cls/clsList2aa3-2.html]
[class.foxconnect.kr/fox/cls/clsListab2f-2.html]
[class.foxconnect.kr/fox/cls/clsListe68b-2.html]
[class.foxconnect.kr/fox/cls/clsList37a2-2.html]
[class.foxconnect.kr/fox/cls/clsListc4d4-2.html]
[class.foxconnect.kr/fox/cls/clsList9049-2.html]
[class.foxconnect.kr/fox/cls/clsList18f7-2.html]
[class.foxconnect.kr/fox/cls/clsList36aa-2.html]
[class.foxconnect.kr/fox/cls/clsList5b62-2.html]
[class.foxconnect.kr/fox/cls/clsListe23d-2.html]
[class.foxconnect.kr/fox/cls/clsList3450-2.html]
[class.foxconnect.kr/fox/cls/clsListfeaa-2.html]
[class.foxconnect.kr/fox/cls/clsList7245-2.html]
[class.foxconnect.kr/fox/cls/clsListd97e-2.html]
[class.foxconnect.kr/fox/cls/clsListb323-2.html]
[class.foxconnect.kr/fox/cls/clsList3c1b-2.html]
[class.foxconnect.kr/fox/cls/clsListe35c-2.html]
[class.foxconnect.kr/board/boardList87a6-2.html]
[class.foxconnect.kr/fox/cls/clsView02b7.html]
[class.foxconnect.kr/contents/CLASS/THUMB/20220921/20220921103605068_thumb_1920x1080.jpg]
[class.foxconnect.kr/fox/cls/clsViewd4e1.html]
[class.foxconnect.kr/contents/CLASS/THUMB/20220921/20220921103436990_thumb_1920x1080.jpg]
[class.foxconnect.kr/fox/cls/clsView83e5.html]
[class.foxconnect.kr/contents/CLASS/THUMB/20220921/20220921103134148_thumb_1920x1080.jpg]
[class.foxconnect.kr/fox/cls/clsViewa39e.html]
[class.foxconnect.kr/contents/CLASS/THUMB/20220921/20220921100517651_thumb_1920x1080.jpg]
[class.foxconnect.kr/fox/cls/clsView4b80.html]
[class.foxconnect.kr/contents/CLASS/THUMB/20220921/20220921100351446_thumb_1920x1080.jpg]
[class.foxconnect.kr/fox/cls/clsView3b5b.html]
[class.foxconnect.kr/contents/CLASS/THUMB/20220921/20220921100225057_thumb_1920x1080.jpg]
[class.foxconnect.kr/fox/cls/clsView1523.html]
[class.foxconnect.kr/contents/CLASS/THUMB/20220921/20220921095911402_thumb_1920x1080.jpg]
[class.foxconnect.kr/fox/cls/clsView9771.html]
[class.foxconnect.kr/contents/CLASS/THUMB/20220921/20220921095727619_thumb_1920x1080.jpg]
[class.foxconnect.kr/fox/cls/clsViewef37.html]
[class.foxconnect.kr/contents/CLASS/THUMB/20220921/20220921095611349_thumb_1920x1080.jpg]
[class.foxconnect.kr/fox/cls/clsView4e03.html]
[class.foxconnect.kr/contents/CLASS/THUMB/20220921/20220921095356087_thumb_1920x1080.jpg]
[class.foxconnect.kr/fox/cls/clsView69d5.html]
[class.foxconnect.kr/contents/CLASS/THUMB/20220921/20220921095244952_thumb_1920x1080.jpg]
[class.foxconnect.kr/fox/cls/clsView4b3c.html]
[class.foxconnect.kr/contents/CLASS/THUMB/20220921/20220921095049319_thumb_1920x1080.jpg]
[class.foxconnect.kr/fox/cls/clsView3f6a.html]
[class.foxconnect.kr/contents/CLASS/THUMB/20220825/20220825100636772_thumb_1920x1080.jpg]
[class.foxconnect.kr/fox/cls/clsViewf1d5.html]
[class.foxconnect.kr/contents/CLASS/THUMB/20220824/20220824052156873_thumb_1920x1080.jpg]
[class.foxconnect.kr/fox/cls/clsView5030.html]
[class.foxconnect.kr/contents/CLASS/THUMB/20220824/20220824033938795_thumb_1920x1080.jpg]
[class.foxconnect.kr/fox/cls/clsViewa0fb.html]
[class.foxconnect.kr/contents/CLASS/THUMB/20220824/20220824033418241_thumb_1920x1080.jpg]
[class.foxconnect.kr/fox/cls/clsViewc43e.html]
[class.foxconnect.kr/contents/CLASS/THUMB/20220824/20220824025737921_thumb_1920x1080.jpg]
[class.foxconnect.kr/fox/cls/clsView8f90.html]
[class.foxconnect.kr/contents/CLASS/THUMB/20220824/20220824021448172_thumb_1920x1080.jpg]
[class.foxconnect.kr/fox/cls/clsViewad3f.html]
[class.foxconnect.kr/contents/CLASS/THUMB/20220824/20220824014610584_thumb_1920x1080.jpg]
[class.foxconnect.kr/fox/cls/clsViewbb99.html]
[class.foxconnect.kr/contents/CLASS/THUMB/20220824/20220824020859419_thumb_1920x1080.jpg]
[class.foxconnect.kr/fox/cls/globalSearchf284.html]
[class.foxconnect.kr/fox/cls/globalSearch087e.html]
[class.foxconnect.kr/fox/cls/globalSearch0ee0.html]
[class.foxconnect.kr/fox/cls/globalSearch8050.html]
[class.foxconnect.kr/fox/cls/globalSearchc8c7.html]
[class.foxconnect.kr/fox/cls/globalSearch48d5.html]
[class.foxconnect.kr/fox/cls/globalSearchfe6e.html]
[class.foxconnect.kr/fox/cls/globalSearchb931.html]
[class.foxconnect.kr/fox/cls/globalSearchc6a7.html]
[class.foxconnect.kr/fox/cls/globalSearche475.html]
[class.foxconnect.kr/fox/cls/globalSearchfd50.html]
[class.foxconnect.kr/fox/cls/globalSearch90fb.html]
[class.foxconnect.kr/fox/cls/globalSearch30e7-2.html]
[class.foxconnect.kr/resources/front/fox/cls/info/js/globalSearch34d5.js]
[class.foxconnect.kr/fox/cls/clsViewe7ca.html]
[class.foxconnect.kr/contents/CLASS/THUMB/20241217/20241217011508299_thumb_1920x1080.jpg]
[class.foxconnect.kr/fox/cls/clsView5ec6.html]
[class.foxconnect.kr/contents/CLASS/THUMB/20241217/20241217011549149_thumb_1920x1080.jpg]
[class.foxconnect.kr/fox/cls/clsView8cc9.html]
[class.foxconnect.kr/contents/CLASS/THUMB/20241217/20241217011632783_thumb_1920x1080.jpg]
[class.foxconnect.kr/fox/cls/clsView5798.html]
[class.foxconnect.kr/contents/CLASS/THUMB/20241217/20241217011733034_thumb_1920x1080.jpg]
[class.foxconnect.kr/fox/cls/clsView760e.html]
[class.foxconnect.kr/contents/CLASS/THUMB/20241217/20241217011806832_thumb_1920x1080.jpg]
[class.foxconnect.kr/fox/cls/clsViewae3f.html]
[class.foxconnect.kr/contents/CLASS/THUMB/20241217/20241217011909720_thumb_1920x1080.jpg]
[class.foxconnect.kr/fox/cls/clsViewf008.html]
[class.foxconnect.kr/contents/CLASS/THUMB/20241217/20241217011937951_thumb_1920x1080.jpg]
[class.foxconnect.kr/fox/cls/clsView12b7.html]
[class.foxconnect.kr/contents/CLASS/THUMB/20241217/20241217012016351_thumb_1920x1080.jpg]
[class.foxconnect.kr/fox/cls/clsView7837.html]
[class.foxconnect.kr/contents/CLASS/THUMB/20241217/20241217012055544_thumb_1920x1080.jpg]
[class.foxconnect.kr/fox/cls/clsViewb9b2.html]
[class.foxconnect.kr/contents/CLASS/THUMB/20241217/20241217012139371_thumb_1920x1080.jpg]
[class.foxconnect.kr/fox/cls/clsViewf608.html]
[class.foxconnect.kr/contents/CLASS/THUMB/20241217/20241217012330777_thumb_1920x1080.jpg]
[class.foxconnect.kr/fox/cls/clsView523a.html]
[class.foxconnect.kr/contents/CLASS/THUMB/20241217/20241217012403826_thumb_1920x1080.jpg]
[class.foxconnect.kr/fox/cls/clsViewc4d3.html]
[class.foxconnect.kr/contents/CLASS/THUMB/20241217/20241217012457621_thumb_1920x1080.jpg]
[class.foxconnect.kr/fox/cls/clsView8ee8.html]
[class.foxconnect.kr/contents/CLASS/THUMB/20241217/20241217012526200_thumb_1920x1080.jpg]
[class.foxconnect.kr/fox/cls/clsViewf3be.html]
[class.foxconnect.kr/contents/CLASS/THUMB/20241217/20241217012605500_thumb_1920x1080.jpg]
[class.foxconnect.kr/fox/cls/clsViewca47.html]
[class.foxconnect.kr/contents/CLASS/THUMB/20241217/20241217012653591_thumb_1920x1080.jpg]
[class.foxconnect.kr/fox/cls/clsView6083.html]
[class.foxconnect.kr/contents/CLASS/THUMB/20241217/20241217012738880_thumb_1920x1080.jpg]
[class.foxconnect.kr/fox/cls/clsView9511.html]
[class.foxconnect.kr/contents/CLASS/THUMB/20241217/20241217012818630_thumb_1920x1080.jpg]
[class.foxconnect.kr/fox/cls/clsViewe344.html]
[class.foxconnect.kr/contents/CLASS/THUMB/20241217/20241217012947901_thumb_1920x1080.jpg]
[class.foxconnect.kr/fox/cls/clsView1114.html]
[class.foxconnect.kr/contents/CLASS/THUMB/20241217/20241217013034331_thumb_1920x1080.jpg]
[class.foxconnect.kr/fox/cls/globalSearch8495.html]
[class.foxconnect.kr/fox/cls/globalSearch2bd5.html]
[class.foxconnect.kr/fox/cls/globalSearch1e23.html]
[class.foxconnect.kr/fox/cls/globalSearch66de.html]
[class.foxconnect.kr/fox/cls/globalSearchfec7.html]
[class.foxconnect.kr/fox/cls/globalSearchd0a3.html]
[class.foxconnect.kr/fox/cls/globalSearchbd77.html]
[class.foxconnect.kr/fox/cls/globalSearchd637.html]
[class.foxconnect.kr/fox/cls/globalSearch69f5.html]
[class.foxconnect.kr/fox/cls/globalSearch33ba.html]
[class.foxconnect.kr/fox/cls/globalSearch6d80.html]
[class.foxconnect.kr/fox/cls/globalSearchf73f.html]
[class.foxconnect.kr/fox/cls/globalSearchc4be-2.html]
[class.foxconnect.kr/fox/cls/globalSearchb7f9.html]
[class.foxconnect.kr/fox/cls/globalSearch3032.html]
[class.foxconnect.kr/fox/cls/globalSearchde91.html]
[class.foxconnect.kr/fox/cls/globalSearchafa6.html]
[class.foxconnect.kr/fox/cls/globalSearchbb23.html]
[class.foxconnect.kr/fox/cls/globalSearchcd5b.html]
[class.foxconnect.kr/fox/cls/globalSearchd6dd.html]
[class.foxconnect.kr/fox/cls/globalSearch9f48.html]
[class.foxconnect.kr/fox/cls/globalSearch651e.html]
[class.foxconnect.kr/fox/cls/globalSearch429a.html]
[class.foxconnect.kr/fox/cls/globalSearch3a20.html]
[class.foxconnect.kr/fox/cls/globalSearche3bc.html]
[class.foxconnect.kr/fox/cls/globalSearch1a24-2.html]
[class.foxconnect.kr/fox/cls/clsView3c77.html]
[class.foxconnect.kr/contents/CLASS/THUMB/20230605/20230605022518798_thumb_1920x1080.jpg]
[class.foxconnect.kr/fox/cls/clsView6cc1.html]
[class.foxconnect.kr/contents/CLASS/THUMB/20230309/20230309031655615_thumb_1920x1080.jpg]
[class.foxconnect.kr/fox/cls/clsView6f75.html]
[class.foxconnect.kr/contents/CLASS/THUMB/20230309/20230309020604371_thumb_1920x1080.jpg]
[class.foxconnect.kr/fox/cls/clsViewa372.html]
[class.foxconnect.kr/contents/CLASS/THUMB/20230309/20230309104908583_thumb_1920x1080.jpg]
[class.foxconnect.kr/fox/cls/clsView5f54.html]
[class.foxconnect.kr/contents/CLASS/THUMB/20230309/20230309103611125_thumb_1920x1080.jpg]
[class.foxconnect.kr/fox/cls/clsView27af.html]
[class.foxconnect.kr/contents/CLASS/THUMB/20230309/20230309102517245_thumb_1920x1080.jpg]
[class.foxconnect.kr/fox/cls/clsView75bc.html]
[class.foxconnect.kr/contents/CLASS/THUMB/20230309/20230309101533360_thumb_1920x1080.jpg]
[class.foxconnect.kr/fox/cls/clsView5572.html]
[class.foxconnect.kr/contents/CLASS/THUMB/20230309/20230309092535008_thumb_1920x1080.jpg]
[class.foxconnect.kr/fox/cls/clsView4d86.html]
[class.foxconnect.kr/contents/CLASS/THUMB/20230308/20230308055546288_thumb_1920x1080.jpg]
[class.foxconnect.kr/fox/cls/clsViewe7c7.html]
[class.foxconnect.kr/contents/CLASS/THUMB/20230308/20230308040059132_thumb_1920x1080.jpg]
[class.foxconnect.kr/fox/cls/clsViewa72c.html]
[class.foxconnect.kr/contents/CLASS/THUMB/20230308/20230308012659342_thumb_1920x1080.jpg]
[class.foxconnect.kr/fox/cls/clsView57d5.html]
[class.foxconnect.kr/contents/CLASS/THUMB/20230308/20230308102502763_thumb_1920x1080.jpg]
[class.foxconnect.kr/fox/cls/clsView7b94.html]
[class.foxconnect.kr/contents/CLASS/THUMB/20230308/20230308093526907_thumb_1920x1080.jpg]
[class.foxconnect.kr/fox/cls/clsView6962.html]
[class.foxconnect.kr/contents/CLASS/THUMB/20230307/20230307040111901_thumb_1920x1080.jpg]
[class.foxconnect.kr/fox/cls/clsViewe848.html]
[class.foxconnect.kr/contents/CLASS/THUMB/20230307/20230307034648707_thumb_1920x1080.jpg]
[class.foxconnect.kr/fox/cls/clsView137e.html]
[class.foxconnect.kr/contents/CLASS/THUMB/20230307/20230307030813927_thumb_1920x1080.jpg]
[class.foxconnect.kr/fox/cls/clsView82c7.html]
[class.foxconnect.kr/contents/CLASS/THUMB/20230307/20230307010448893_thumb_1920x1080.jpg]
[class.foxconnect.kr/fox/cls/clsViewef20.html]
[class.foxconnect.kr/contents/CLASS/THUMB/20221027/20221027103230288_thumb_1920x1080.jpg]
[class.foxconnect.kr/fox/cls/clsView95c7.html]
[class.foxconnect.kr/contents/CLASS/THUMB/20221014/20221014102453119_thumb_1920x1080.jpg]
[class.foxconnect.kr/fox/cls/clsView2384.html]
[class.foxconnect.kr/contents/CLASS/THUMB/20221014/20221014101031856_thumb_1920x1080.jpg]
[class.foxconnect.kr/fox/cls/globalSearch4585.html]
[class.foxconnect.kr/fox/cls/globalSearch3199.html]
[class.foxconnect.kr/fox/cls/globalSearchbeab.html]
[class.foxconnect.kr/fox/cls/globalSearchf697.html]
[class.foxconnect.kr/fox/cls/globalSearchc678.html]
[class.foxconnect.kr/fox/cls/globalSearch534a.html]
[class.foxconnect.kr/fox/cls/globalSearcha9ec.html]
[class.foxconnect.kr/fox/cls/globalSearch4929.html]
[class.foxconnect.kr/fox/cls/globalSearche2cf.html]
[class.foxconnect.kr/fox/cls/globalSearche43d-2.html]
[class.foxconnect.kr/fox/cls/clsView15e0.html]
[class.foxconnect.kr/contents/CLASS/THUMB/20221027/20221027095126484_thumb_1920x1080.jpg]
[class.foxconnect.kr/fox/cls/clsView294c.html]
[class.foxconnect.kr/contents/CLASS/THUMB/20221026/20221026095113946_thumb_1920x1080.jpg]
[class.foxconnect.kr/fox/cls/clsViewbfa5.html]
[class.foxconnect.kr/contents/CLASS/THUMB/20221011/20221011094506191_thumb_1920x1080.jpg]
[class.foxconnect.kr/fox/cls/clsView8a8b.html]
[class.foxconnect.kr/contents/CLASS/THUMB/20221012/20221012060817036_thumb_1920x1080.jpg]
[class.foxconnect.kr/fox/cls/clsView3e76.html]
[class.foxconnect.kr/contents/CLASS/THUMB/20220829/20220829062638915_thumb_1920x1080.jpg]
[class.foxconnect.kr/fox/cls/clsViewfc0f.html]
[class.foxconnect.kr/contents/CLASS/THUMB/20230428/20230428041457397_thumb_1920x1080.jpg]
[class.foxconnect.kr/fox/cls/clsViewc03e.html]
[class.foxconnect.kr/contents/CLASS/THUMB/20230428/20230428041422440_thumb_1920x1080.jpg]
[class.foxconnect.kr/fox/cls/clsView9c50.html]
[class.foxconnect.kr/contents/CLASS/THUMB/20230428/20230428041401021_thumb_1920x1080.jpg]
[class.foxconnect.kr/fox/cls/clsView1cf4.html]
[class.foxconnect.kr/contents/CLASS/THUMB/20230428/20230428041336749_thumb_1920x1080.jpg]
[class.foxconnect.kr/fox/cls/clsViewb52a.html]
[class.foxconnect.kr/contents/CLASS/THUMB/20230428/20230428041303436_thumb_1920x1080.jpg]
[class.foxconnect.kr/fox/cls/clsView285f.html]
[class.foxconnect.kr/contents/CLASS/THUMB/20230428/20230428041233676_thumb_1920x1080.jpg]
[class.foxconnect.kr/fox/cls/clsViewed42.html]
[class.foxconnect.kr/contents/CLASS/THUMB/20230428/20230428041208831_thumb_1920x1080.jpg]
[class.foxconnect.kr/fox/cls/clsView365d.html]
[class.foxconnect.kr/contents/CLASS/THUMB/20230710/20230710015203957_thumb_1920x1080.jpg]
[class.foxconnect.kr/fox/cls/clsViewf8fe.html]
[class.foxconnect.kr/contents/CLASS/THUMB/20230428/20230428041144929_thumb_1920x1080.jpg]
[class.foxconnect.kr/fox/cls/clsViewa811.html]
[class.foxconnect.kr/contents/CLASS/THUMB/20230710/20230710014952291_thumb_1920x1080.jpg]
[class.foxconnect.kr/fox/cls/clsViewcb12.html]
[class.foxconnect.kr/contents/CLASS/THUMB/20230428/20230428041131848_thumb_1920x1080.jpg]
[class.foxconnect.kr/fox/cls/clsView5d5e.html]
[class.foxconnect.kr/contents/CLASS/THUMB/20230710/20230710014722558_thumb_1920x1080.jpg]
[class.foxconnect.kr/fox/cls/clsViewe501.html]
[class.foxconnect.kr/contents/CLASS/THUMB/20230428/20230428040835444_thumb_1920x1080.jpg]
[class.foxconnect.kr/fox/cls/clsViewc387.html]
[class.foxconnect.kr/contents/CLASS/THUMB/20230710/20230710014423948_thumb_1920x1080.jpg]
[class.foxconnect.kr/fox/cls/globalSearch6d50.html]
[class.foxconnect.kr/fox/cls/globalSearchdd40.html]
[class.foxconnect.kr/fox/cls/globalSearch6ad8.html]
[class.foxconnect.kr/fox/cls/globalSearchb020.html]
[class.foxconnect.kr/fox/cls/globalSearch16f7.html]
[class.foxconnect.kr/fox/cls/globalSearch07fb-2.html]
[class.foxconnect.kr/fox/cls/clsView619e.html]
[class.foxconnect.kr/contents/CLASS/THUMB/20220908/20220908111829654_thumb_1920x1080.jpg]
[class.foxconnect.kr/fox/cls/clsView7346.html]
[class.foxconnect.kr/contents/CLASS/THUMB/20220905/20220905093340469_thumb_1920x1080.jpg]
[class.foxconnect.kr/fox/cls/clsViewddfa.html]
[class.foxconnect.kr/contents/CLASS/THUMB/20220830/20220830114554580_thumb_1920x1080.jpg]
[class.foxconnect.kr/fox/cls/clsViewf8cb.html]
[class.foxconnect.kr/contents/CLASS/THUMB/20220830/20220830113146679_thumb_1920x1080.jpg]
[class.foxconnect.kr/fox/cls/clsView1be3.html]
[class.foxconnect.kr/contents/CLASS/THUMB/20220829/20220829053247228_thumb_1920x1080.jpg]
[class.foxconnect.kr/fox/cls/clsView4861.html]
[class.foxconnect.kr/contents/CLASS/THUMB/20220829/20220829052144059_thumb_1920x1080.jpg]
[class.foxconnect.kr/fox/cls/clsView32de.html]
[class.foxconnect.kr/contents/CLASS/THUMB/20220922/20220922035131704_thumb_1920x1080.jpg]
[class.foxconnect.kr/fox/cls/clsView6d7d.html]
[class.foxconnect.kr/contents/CLASS/THUMB/20220922/20220922033120471_thumb_1920x1080.jpg]
[class.foxconnect.kr/fox/cls/clsViewb6f4.html]
[class.foxconnect.kr/contents/CLASS/THUMB/20220922/20220922021150536_thumb_1920x1080.jpg]
[class.foxconnect.kr/fox/cls/clsView212e.html]
[class.foxconnect.kr/contents/CLASS/THUMB/20220922/20220922111128341_thumb_1920x1080.jpg]
[class.foxconnect.kr/fox/cls/clsView0a59.html]
[class.foxconnect.kr/contents/CLASS/THUMB/20220908/20220908113102674_thumb_1920x1080.jpg]
[class.foxconnect.kr/fox/cls/clsView1d96.html]
[class.foxconnect.kr/contents/CLASS/THUMB/20220908/20220908102505522_thumb_1920x1080.jpg]
[class.foxconnect.kr/fox/cls/clsView4e67.html]
[class.foxconnect.kr/contents/CLASS/THUMB/20220908/20220908101840939_thumb_1920x1080.jpg]
[class.foxconnect.kr/fox/cls/clsViewd06a.html]
[class.foxconnect.kr/contents/CLASS/THUMB/20220908/20220908095748314_thumb_1920x1080.jpg]
[class.foxconnect.kr/fox/cls/clsViewc1f8.html]
[class.foxconnect.kr/contents/CLASS/THUMB/20220908/20220908095410378_thumb_1920x1080.jpg]
[class.foxconnect.kr/fox/cls/clsViewe0e5.html]
[class.foxconnect.kr/contents/CLASS/THUMB/20220908/20220908094738520_thumb_1920x1080.jpg]
[class.foxconnect.kr/fox/cls/clsView1039.html]
[class.foxconnect.kr/contents/CLASS/THUMB/20220908/20220908093722811_thumb_1920x1080.jpg]
[class.foxconnect.kr/fox/cls/clsView528a.html]
[class.foxconnect.kr/contents/CLASS/THUMB/20220908/20220908092702781_thumb_1920x1080.jpg]
[class.foxconnect.kr/fox/cls/clsView56ee.html]
[class.foxconnect.kr/contents/CLASS/THUMB/20220907/20220907030435590_thumb_1920x1080.jpg]
[class.foxconnect.kr/fox/cls/globalSearch5250.html]
[class.foxconnect.kr/fox/cls/globalSearch7eb9.html]
[class.foxconnect.kr/fox/cls/globalSearchd21f.html]
[class.foxconnect.kr/fox/cls/globalSearch5cb9.html]
[class.foxconnect.kr/fox/cls/globalSearchf909-2.html]
[class.foxconnect.kr/fox/cls/globalSearch0379.html]
[class.foxconnect.kr/fox/cls/globalSearchd137-2.html]
[class.foxconnect.kr/fox/cls/globalSearchb82c.html]
[class.foxconnect.kr/fox/cls/globalSearch912f-2.html]
[class.foxconnect.kr/fox/cls/globalSearchb1f8.html]
[class.foxconnect.kr/fox/cls/globalSearch42e2-2.html]
[class.foxconnect.kr/fox/cls/clsView0082.html]
[class.foxconnect.kr/fox/cls/clsView1540.html]
[class.foxconnect.kr/fox/cls/clsViewb832.html]
[class.foxconnect.kr/contents/CLASS/THUMB/20230428/20230428040714164_thumb_1920x1080.jpg]
[class.foxconnect.kr/fox/cls/clsView6a7c.html]
[class.foxconnect.kr/contents/CLASS/THUMB/20230428/20230428040451342_thumb_1920x1080.jpg]
[class.foxconnect.kr/fox/cls/clsView9af5.html]
[class.foxconnect.kr/contents/CLASS/THUMB/20230428/20230428035742212_thumb_1920x1080.jpg]
[class.foxconnect.kr/fox/cls/clsViewf694.html]
[class.foxconnect.kr/contents/CLASS/THUMB/20230428/20230428035342059_thumb_1920x1080.jpg]
[class.foxconnect.kr/fox/cls/clsView2488.html]
[class.foxconnect.kr/contents/CLASS/THUMB/20230428/20230428034647948_thumb_1920x1080.jpg]
[class.foxconnect.kr/fox/cls/clsView320b.html]
[class.foxconnect.kr/fox/cls/clsView524c.html]
[class.foxconnect.kr/fox/cls/clsView9f95.html]
[class.foxconnect.kr/contents/CLASS/THUMB/20250110/20250110110124795_thumb_1920x1080.jpg]
[class.foxconnect.kr/fox/cls/globalSearch1453.html]
[class.foxconnect.kr/fox/cls/globalSearch2c60.html]
[class.foxconnect.kr/fox/cls/globalSearch0fb4-2.html]
[class.foxconnect.kr/fox/cls/clsList803e-2.html]
[class.foxconnect.kr/fox/cls/clsListf12c-2.html]
[class.foxconnect.kr/fox/cls/clsLista8f4-2.html]
[class.foxconnect.kr/fox/cls/clsListbec6-2.html]
[class.foxconnect.kr/fox/cls/clsList117d-2.html]
[class.foxconnect.kr/fox/cls/clsListb206-2.html]
[class.foxconnect.kr/fox/cls/clsList3250-2.html]
[class.foxconnect.kr/fox/cls/clsList26c4-2.html]
[class.foxconnect.kr/fox/cls/clsList4ba3-2.html]
[class.foxconnect.kr/fox/cls/clsList946e-2.html]
[class.foxconnect.kr/fox/cls/clsList609c-2.html]
[class.foxconnect.kr/fox/cls/clsList5cbc-2.html]
[class.foxconnect.kr/fox/cls/clsListafd4-2.html]
[class.foxconnect.kr/fox/cls/clsList0e84-2.html]
[class.foxconnect.kr/fox/cls/clsList8510-2.html]
[class.foxconnect.kr/fox/cls/clsListe13a-2.html]
[class.foxconnect.kr/fox/cls/clsListd418-2.html]
[class.foxconnect.kr/fox/cls/clsList2838-2.html]
[class.foxconnect.kr/fox/cls/clsList8d08-2.html]
[class.foxconnect.kr/fox/cls/clsList8c56-2.html]
[class.foxconnect.kr/fox/dicary/foxDicarycbde.html]
[class.foxconnect.kr/resources/lib/fontawesome-free-6.5.2/css/all.min.css]
[class.foxconnect.kr/fms/네이버 웨일온 매뉴얼_v0.2_2203104414.pdf]
[class.foxconnect.kr/board/boardList3c78.html]
[class.foxconnect.kr/resources/front/board/BBSTMPLT_001/js/boardViewd140.js]
[class.foxconnect.kr/board/boardView3c78.html]
[class.foxconnect.kr/board/boardList0a1f.html]
[class.foxconnect.kr/board/boardList0210.html]
[class.foxconnect.kr/qainfo/qainfoList878f.html]
[class.foxconnect.kr/resources/front/comment/js/comment.js]
[class.foxconnect.kr/faq/faqList9fd7.html]
[class.foxconnect.kr/faq/faqView9557.html]
[class.foxconnect.kr/faq/faqView9f9b.html]
[class.foxconnect.kr/faq/faqViewa526.html]
[class.foxconnect.kr/faq/faqView9d66.html]
[class.foxconnect.kr/faq/faqView04e6.html]
[class.foxconnect.kr/faq/faqViewdb1b.html]
[class.foxconnect.kr/faq/faqList5ca2.html]
[class.foxconnect.kr/fox/cls/clsList02ea.html]
[class.foxconnect.kr/fox/cls/clsListab9a.html]
[class.foxconnect.kr/fox/cls/clsList3287.html]
[class.foxconnect.kr/fox/cls/clsList2c98.html]
[class.foxconnect.kr/fox/cls/clsList6316.html]
[class.foxconnect.kr/fox/cls/clsList68e8.html]
[class.foxconnect.kr/fox/cls/clsList2ae4.html]
[class.foxconnect.kr/fox/cls/clsList797a.html]
[class.foxconnect.kr/fox/cls/clsListdc82.html]
[class.foxconnect.kr/fox/cls/clsList4ffa.html]
[class.foxconnect.kr/fox/cls/clsList0bda.html]
[class.foxconnect.kr/fox/cls/clsListc28b.html]
[class.foxconnect.kr/fox/cls/clsList586e.html]
[class.foxconnect.kr/fox/cls/clsList346a.html]
[class.foxconnect.kr/fox/cls/clsList2780.html]
[class.foxconnect.kr/fox/cls/clsList7213.html]
[class.foxconnect.kr/fox/cls/clsList0bc9.html]
[class.foxconnect.kr/fox/cls/clsList1995.html]
[class.foxconnect.kr/fox/cls/clsList12aa.html]
[class.foxconnect.kr/fox/cls/clsListad6a.html]
[class.foxconnect.kr/fox/cls/clsList7360.html]
[class.foxconnect.kr/fox/cls/clsListfbc9.html]
[class.foxconnect.kr/fox/cls/clsListd990.html]
[class.foxconnect.kr/fox/cls/clsList0af3.html]
[class.foxconnect.kr/fox/cls/clsListeb92.html]
[class.foxconnect.kr/fox/cls/clsListae16.html]
[class.foxconnect.kr/fox/cls/clsList1f56.html]
[class.foxconnect.kr/fox/cls/clsList0855.html]
[class.foxconnect.kr/fox/cls/clsList2d5c.html]
[class.foxconnect.kr/fox/cls/clsList5b61.html]
[class.foxconnect.kr/fox/cls/clsList0806.html]
[class.foxconnect.kr/fox/cls/clsList7c0f.html]
[class.foxconnect.kr/fox/cls/clsListe723.html]
[class.foxconnect.kr/fox/cls/clsList265c.html]
[class.foxconnect.kr/fox/cls/clsList78c8.html]
[class.foxconnect.kr/fox/cls/clsListb4eb.html]
[class.foxconnect.kr/fox/cls/clsList4bd9.html]
[class.foxconnect.kr/fox/cls/clsListd8de.html]
[class.foxconnect.kr/fox/cls/clsListdf36.html]
[class.foxconnect.kr/fox/cls/clsList7a34.html]
[class.foxconnect.kr/fox/cls/clsListfe3c.html]
[class.foxconnect.kr/fox/cls/clsList2c4d.html]
[class.foxconnect.kr/board/boardList2e2c.html]
[class.foxconnect.kr/board/boardView2e2c.html]
[class.foxconnect.kr/board/boardList6551.html]
[class.foxconnect.kr/qainfo/qainfoList618a.html]
[fonts.googleapis.com/earlyaccess/notosanskr.css]
[class.foxconnect.kr/fox/cls/clsList7ee0.html]
[class.foxconnect.kr/fox/cls/clsList0808.html]
[class.foxconnect.kr/fox/cls/clsListc5e1.html]
[class.foxconnect.kr/fox/cls/clsListca06.html]
[class.foxconnect.kr/fox/cls/clsListf7df.html]
[class.foxconnect.kr/fox/cls/clsList15ef.html]
[class.foxconnect.kr/fox/cls/clsList7cf0.html]
[class.foxconnect.kr/fox/cls/clsListd495.html]
[class.foxconnect.kr/fox/cls/clsLista926.html]
[class.foxconnect.kr/fox/cls/clsList77bb.html]
[class.foxconnect.kr/fox/cls/clsList9098.html]
[class.foxconnect.kr/fox/cls/clsListf983.html]
[class.foxconnect.kr/fox/cls/clsListed58.html]
[class.foxconnect.kr/fox/cls/clsListb471.html]
[class.foxconnect.kr/fox/cls/clsList25ed.html]
[class.foxconnect.kr/fox/cls/clsListe3ad.html]
[class.foxconnect.kr/fox/cls/clsListd3ad.html]
[class.foxconnect.kr/fox/cls/clsList6c13.html]
[class.foxconnect.kr/fox/cls/clsList431e.html]
[class.foxconnect.kr/fox/cls/clsList78ff.html]
[class.foxconnect.kr/fox/cls/clsList61e9.html]
[class.foxconnect.kr/fox/cls/clsListb86b.html]
[class.foxconnect.kr/fox/cls/clsListe352.html]
[class.foxconnect.kr/fox/cls/clsView02b7.html]
[class.foxconnect.kr/fox/cls/clsViewd4e1.html]
[class.foxconnect.kr/fox/cls/clsView83e5.html]
[class.foxconnect.kr/fox/cls/clsViewa39e.html]
[class.foxconnect.kr/fox/cls/clsView4b80.html]
[class.foxconnect.kr/fox/cls/clsView3b5b.html]
[class.foxconnect.kr/fox/cls/clsView1523.html]
[class.foxconnect.kr/fox/cls/clsView9771.html]
[class.foxconnect.kr/fox/cls/clsViewef37.html]
[class.foxconnect.kr/fox/cls/clsView4e03.html]
[class.foxconnect.kr/fox/cls/clsView69d5.html]
[class.foxconnect.kr/fox/cls/clsView4b3c.html]
[class.foxconnect.kr/fox/cls/clsView3f6a.html]
[class.foxconnect.kr/fox/cls/clsViewf1d5.html]
[class.foxconnect.kr/fox/cls/clsView5030.html]
[class.foxconnect.kr/fox/cls/clsViewa0fb.html]
[class.foxconnect.kr/fox/cls/clsViewc43e.html]
[class.foxconnect.kr/fox/cls/clsView8f90.html]
[class.foxconnect.kr/fox/cls/clsViewad3f.html]
[class.foxconnect.kr/fox/cls/clsViewbb99.html]
[class.foxconnect.kr/fox/cls/globalSearchf284.html]
[class.foxconnect.kr/fox/cls/clsViewe41d.html]
[class.foxconnect.kr/contents/CLASS/THUMB/20220824/20220824020606056_thumb_1920x1080.jpg]
[class.foxconnect.kr/fox/cls/clsView133d.html]
[class.foxconnect.kr/contents/CLASS/THUMB/20220824/20220824015145016_thumb_1920x1080.jpg]
[class.foxconnect.kr/fox/cls/clsViewaa0f.html]
[class.foxconnect.kr/contents/CLASS/THUMB/20220824/20220824014321240_thumb_1920x1080.jpg]
[class.foxconnect.kr/fox/cls/clsView0fd2.html]
[class.foxconnect.kr/contents/CLASS/THUMB/20220824/20220824012102686_thumb_1920x1080.jpg]
[class.foxconnect.kr/fox/cls/clsView8bc2.html]
[class.foxconnect.kr/contents/CLASS/THUMB/20220824/20220824103426667_thumb_1920x1080.jpg]
[class.foxconnect.kr/fox/cls/clsView8f5c.html]
[class.foxconnect.kr/contents/CLASS/THUMB/20220824/20220824101101414_thumb_1920x1080.jpg]
[class.foxconnect.kr/fox/cls/clsView852c.html]
[class.foxconnect.kr/contents/CLASS/THUMB/20230705/20230705112708952_thumb_1920x1080.jpg]
[class.foxconnect.kr/fox/cls/clsView904a.html]
[class.foxconnect.kr/contents/CLASS/THUMB/20220824/20220824041202233_thumb_1920x1080.jpg]
[class.foxconnect.kr/fox/cls/clsView0d87.html]
[class.foxconnect.kr/contents/CLASS/THUMB/20220824/20220824040758139_thumb_1920x1080.jpg]
[class.foxconnect.kr/fox/cls/clsView5e5d.html]
[class.foxconnect.kr/contents/CLASS/THUMB/20220824/20220824040319116_thumb_1920x1080.jpg]
[class.foxconnect.kr/fox/cls/clsView70a4.html]
[class.foxconnect.kr/contents/CLASS/THUMB/20220824/20220824035731805_thumb_1920x1080.jpg]
[class.foxconnect.kr/fox/cls/clsVieweec6.html]
[class.foxconnect.kr/fox/cls/globalSearch087e.html]
[class.foxconnect.kr/contents/CLASS/THUMB/20220826/20220826055528001_thumb_1920x1080.jpg]
[class.foxconnect.kr/fox/cls/clsViewdc24.html]
[class.foxconnect.kr/contents/CLASS/THUMB/20241217/20241217013112629_thumb_1920x1080.jpg]
[class.foxconnect.kr/fox/cls/clsView7714.html]
[class.foxconnect.kr/contents/CLASS/THUMB/20241217/20241217013157372_thumb_1920x1080.jpg]
[class.foxconnect.kr/fox/cls/clsView330d.html]
[class.foxconnect.kr/contents/CLASS/THUMB/20241217/20241217013244164_thumb_1920x1080.jpg]
[class.foxconnect.kr/fox/cls/clsView2494.html]
[class.foxconnect.kr/contents/CLASS/THUMB/20241217/20241217013336029_thumb_1920x1080.jpg]
[class.foxconnect.kr/fox/cls/clsView102b.html]
[class.foxconnect.kr/contents/CLASS/THUMB/20241217/20241217013404195_thumb_1920x1080.jpg]
[class.foxconnect.kr/fox/cls/clsView036c.html]
[class.foxconnect.kr/contents/CLASS/THUMB/20241217/20241217013446179_thumb_1920x1080.jpg]
[class.foxconnect.kr/fox/cls/clsViewc58b.html]
[class.foxconnect.kr/contents/CLASS/THUMB/20241217/20241217013545027_thumb_1920x1080.jpg]
[class.foxconnect.kr/fox/cls/clsViewc6cf.html]
[class.foxconnect.kr/fox/cls/globalSearch0ee0.html]
[class.foxconnect.kr/contents/CLASS/THUMB/20241217/20241217013636708_thumb_1920x1080.jpg]
[class.foxconnect.kr/fox/cls/clsView194f.html]
[class.foxconnect.kr/contents/CLASS/THUMB/20241217/20241217013725180_thumb_1920x1080.jpg]
[class.foxconnect.kr/fox/cls/clsView15fb.html]
[class.foxconnect.kr/contents/CLASS/THUMB/20241217/20241217013813380_thumb_1920x1080.jpg]
[class.foxconnect.kr/fox/cls/clsView4201.html]
[class.foxconnect.kr/contents/CLASS/THUMB/20241217/20241217013922464_thumb_1920x1080.jpg]
[class.foxconnect.kr/fox/cls/clsViewa5a6.html]
[class.foxconnect.kr/contents/CLASS/THUMB/20241217/20241217013952623_thumb_1920x1080.jpg]
[class.foxconnect.kr/fox/cls/clsView7614.html]
[class.foxconnect.kr/contents/CLASS/THUMB/20241217/20241217014030888_thumb_1920x1080.jpg]
[class.foxconnect.kr/fox/cls/clsView124a.html]
[class.foxconnect.kr/contents/CLASS/THUMB/20241217/20241217014135837_thumb_1920x1080.jpg]
[class.foxconnect.kr/fox/cls/clsView543f.html]
[class.foxconnect.kr/contents/CLASS/THUMB/20241217/20241217014240683_thumb_1920x1080.jpg]
[class.foxconnect.kr/fox/cls/clsView09c3.html]
[class.foxconnect.kr/contents/CLASS/THUMB/20241217/20241217014330111_thumb_1920x1080.jpg]
[class.foxconnect.kr/fox/cls/clsView300f.html]
[class.foxconnect.kr/contents/CLASS/THUMB/20241217/20241217014427210_thumb_1920x1080.jpg]
[class.foxconnect.kr/fox/cls/clsView7561.html]
[class.foxconnect.kr/contents/CLASS/THUMB/20241217/20241217014459713_thumb_1920x1080.jpg]
[class.foxconnect.kr/fox/cls/clsView7c34.html]
[class.foxconnect.kr/contents/CLASS/THUMB/20241217/20241217014538691_thumb_1920x1080.jpg]
[class.foxconnect.kr/fox/cls/clsView6b9e.html]
[class.foxconnect.kr/contents/CLASS/THUMB/20241217/20241217014620657_thumb_1920x1080.jpg]
[class.foxconnect.kr/fox/cls/clsView2a95.html]
[class.foxconnect.kr/contents/CLASS/THUMB/20241217/20241217020612656_thumb_1920x1080.jpg]
[class.foxconnect.kr/fox/cls/clsViewc25b.html]
[class.foxconnect.kr/contents/CLASS/THUMB/20241217/20241217020705123_thumb_1920x1080.jpg]
[class.foxconnect.kr/fox/cls/clsView0dac.html]
[class.foxconnect.kr/contents/CLASS/THUMB/20241217/20241217020750415_thumb_1920x1080.jpg]
[class.foxconnect.kr/fox/cls/clsView516e.html]
[class.foxconnect.kr/contents/CLASS/THUMB/20241217/20241217020835101_thumb_1920x1080.jpg]
[class.foxconnect.kr/fox/cls/clsView2364.html]
[class.foxconnect.kr/contents/CLASS/THUMB/20241217/20241217020934030_thumb_1920x1080.jpg]
[class.foxconnect.kr/fox/cls/clsView39b2.html]
[class.foxconnect.kr/contents/CLASS/THUMB/20241217/20241217021043128_thumb_1920x1080.jpg]
[class.foxconnect.kr/fox/cls/clsView69e7.html]
[class.foxconnect.kr/contents/CLASS/THUMB/20241217/20241217021130149_thumb_1920x1080.jpg]
[class.foxconnect.kr/fox/cls/clsViewcce9.html]
[class.foxconnect.kr/contents/CLASS/THUMB/20241217/20241217021238960_thumb_1920x1080.jpg]
[class.foxconnect.kr/fox/cls/globalSearch8050.html]
[class.foxconnect.kr/fox/cls/clsViewa7e6.html]
[class.foxconnect.kr/contents/CLASS/THUMB/20241217/20241217021323600_thumb_1920x1080.jpg]
[class.foxconnect.kr/fox/cls/clsView1ab3.html]
[class.foxconnect.kr/contents/CLASS/THUMB/20241217/20241217021409198_thumb_1920x1080.jpg]
[class.foxconnect.kr/fox/cls/clsView9fba.html]
[class.foxconnect.kr/contents/CLASS/THUMB/20241217/20241217021449531_thumb_1920x1080.jpg]
[class.foxconnect.kr/fox/cls/clsView7a0a.html]
[class.foxconnect.kr/contents/CLASS/THUMB/20241217/20241217021527587_thumb_1920x1080.jpg]
[class.foxconnect.kr/fox/cls/clsViewb10e.html]
[class.foxconnect.kr/contents/CLASS/THUMB/20241217/20241217021631316_thumb_1920x1080.jpg]
[class.foxconnect.kr/fox/cls/clsViewaacf.html]
[class.foxconnect.kr/contents/CLASS/THUMB/20241217/20241217021903431_thumb_1920x1080.jpg]
[class.foxconnect.kr/fox/cls/clsView9495.html]
[class.foxconnect.kr/contents/CLASS/THUMB/20241217/20241217022002997_thumb_1920x1080.jpg]
[class.foxconnect.kr/fox/cls/clsView2e06.html]
[class.foxconnect.kr/contents/CLASS/THUMB/20241217/20241217022045687_thumb_1920x1080.jpg]
[class.foxconnect.kr/fox/cls/clsView1f19.html]
[class.foxconnect.kr/contents/CLASS/THUMB/20241217/20241217022137985_thumb_1920x1080.jpg]
[class.foxconnect.kr/fox/cls/clsView0c6e.html]
[class.foxconnect.kr/contents/CLASS/THUMB/20241217/20241217022221214_thumb_1920x1080.jpg]
[class.foxconnect.kr/fox/cls/clsViewf46f.html]
[class.foxconnect.kr/contents/CLASS/THUMB/20241217/20241217022314120_thumb_1920x1080.jpg]
[class.foxconnect.kr/fox/cls/clsView1122.html]
[class.foxconnect.kr/contents/CLASS/THUMB/20241217/20241217022411761_thumb_1920x1080.jpg]
[class.foxconnect.kr/fox/cls/clsView8f61.html]
[class.foxconnect.kr/contents/CLASS/THUMB/20241217/20241217022447461_thumb_1920x1080.jpg]
[class.foxconnect.kr/fox/cls/clsViewc762.html]
[class.foxconnect.kr/contents/CLASS/THUMB/20241217/20241217022531123_thumb_1920x1080.jpg]
[class.foxconnect.kr/fox/cls/clsView3afd.html]
[class.foxconnect.kr/contents/CLASS/THUMB/20241217/20241217023542570_thumb_1920x1080.jpg]
[class.foxconnect.kr/fox/cls/clsViewd6fc.html]
[class.foxconnect.kr/contents/CLASS/THUMB/20241217/20241217023718177_thumb_1920x1080.jpg]
[class.foxconnect.kr/fox/cls/clsViewae3a.html]
[class.foxconnect.kr/contents/CLASS/THUMB/20241217/20241217023802058_thumb_1920x1080.jpg]
[class.foxconnect.kr/fox/cls/clsView822e.html]
[class.foxconnect.kr/contents/CLASS/THUMB/20241217/20241217023839141_thumb_1920x1080.jpg]
[class.foxconnect.kr/fox/cls/clsView9323.html]
[class.foxconnect.kr/contents/CLASS/THUMB/20241217/20241217023920047_thumb_1920x1080.jpg]
[class.foxconnect.kr/fox/cls/clsViewfea1.html]
[class.foxconnect.kr/fox/cls/globalSearchc8c7.html]
[class.foxconnect.kr/contents/CLASS/THUMB/20241217/20241217024006319_thumb_1920x1080.jpg]
[class.foxconnect.kr/fox/cls/clsView7dca.html]
[class.foxconnect.kr/contents/CLASS/THUMB/20241217/20241217024258183_thumb_1920x1080.jpg]
[class.foxconnect.kr/fox/cls/clsView2990.html]
[class.foxconnect.kr/contents/CLASS/THUMB/20241217/20241217024344119_thumb_1920x1080.jpg]
[class.foxconnect.kr/fox/cls/clsView37d4.html]
[class.foxconnect.kr/contents/CLASS/THUMB/20241217/20241217024444663_thumb_1920x1080.jpg]
[class.foxconnect.kr/fox/cls/clsView1c88.html]
[class.foxconnect.kr/contents/CLASS/THUMB/20241217/20241217024537474_thumb_1920x1080.jpg]
[class.foxconnect.kr/fox/cls/clsViewa64a.html]
[class.foxconnect.kr/contents/CLASS/THUMB/20241217/20241217024645149_thumb_1920x1080.jpg]
[class.foxconnect.kr/fox/cls/clsViewce54.html]
[class.foxconnect.kr/contents/CLASS/THUMB/20241217/20241217024712601_thumb_1920x1080.jpg]
[class.foxconnect.kr/fox/cls/clsView91eb.html]
[class.foxconnect.kr/contents/CLASS/THUMB/20241217/20241217024753422_thumb_1920x1080.jpg]
[class.foxconnect.kr/fox/cls/clsView575c.html]
[class.foxconnect.kr/contents/CLASS/THUMB/20241217/20241217024838871_thumb_1920x1080.jpg]
[class.foxconnect.kr/fox/cls/clsView9496.html]
[class.foxconnect.kr/contents/CLASS/THUMB/20241217/20241217024923063_thumb_1920x1080.jpg]
[class.foxconnect.kr/fox/cls/clsView282c.html]
[class.foxconnect.kr/contents/CLASS/THUMB/20241217/20241217025005351_thumb_1920x1080.jpg]
[class.foxconnect.kr/fox/cls/clsView8d66.html]
[class.foxconnect.kr/contents/CLASS/THUMB/20241217/20241217025049151_thumb_1920x1080.jpg]
[class.foxconnect.kr/fox/cls/clsView1521.html]
[class.foxconnect.kr/contents/CLASS/THUMB/20241217/20241217025128771_thumb_1920x1080.jpg]
[class.foxconnect.kr/fox/cls/clsViewcffe.html]
[class.foxconnect.kr/contents/CLASS/THUMB/20241217/20241217025206556_thumb_1920x1080.jpg]
[class.foxconnect.kr/fox/cls/clsViewdda5.html]
[class.foxconnect.kr/contents/CLASS/THUMB/20241217/20241217025246218_thumb_1920x1080.jpg]
[class.foxconnect.kr/fox/cls/clsViewaebc.html]
[class.foxconnect.kr/contents/CLASS/THUMB/20241217/20241217025324105_thumb_1920x1080.jpg]
[class.foxconnect.kr/fox/cls/clsView0686.html]
[class.foxconnect.kr/contents/CLASS/THUMB/20241217/20241217025400442_thumb_1920x1080.jpg]
[class.foxconnect.kr/fox/cls/clsView80a1.html]
[class.foxconnect.kr/contents/CLASS/THUMB/20241217/20241217025608175_thumb_1920x1080.jpg]
[class.foxconnect.kr/fox/cls/clsView70f0.html]
[class.foxconnect.kr/contents/CLASS/THUMB/20241217/20241217025744911_thumb_1920x1080.jpg]
[class.foxconnect.kr/fox/cls/clsView4d4e.html]
[class.foxconnect.kr/contents/CLASS/THUMB/20241217/20241217030113229_thumb_1920x1080.jpg]
[class.foxconnect.kr/fox/cls/clsView28f8.html]
[class.foxconnect.kr/fox/cls/globalSearch48d5.html]
[class.foxconnect.kr/contents/CLASS/THUMB/20241217/20241217030157346_thumb_1920x1080.jpg]
[class.foxconnect.kr/fox/cls/clsViewfd3b.html]
[class.foxconnect.kr/contents/CLASS/THUMB/20241217/20241217030240932_thumb_1920x1080.jpg]
[class.foxconnect.kr/fox/cls/clsView872f.html]
[class.foxconnect.kr/contents/CLASS/THUMB/20241217/20241217030327129_thumb_1920x1080.jpg]
[class.foxconnect.kr/fox/cls/clsViewd988.html]
[class.foxconnect.kr/contents/CLASS/THUMB/20241217/20241217030411158_thumb_1920x1080.jpg]
[class.foxconnect.kr/fox/cls/clsView49b3.html]
[class.foxconnect.kr/contents/CLASS/THUMB/20241217/20241217030459084_thumb_1920x1080.jpg]
[class.foxconnect.kr/fox/cls/clsView2a5f.html]
[class.foxconnect.kr/contents/CLASS/THUMB/20241217/20241217030538548_thumb_1920x1080.jpg]
[class.foxconnect.kr/fox/cls/clsView1773.html]
[class.foxconnect.kr/contents/CLASS/THUMB/20241217/20241217030641694_thumb_1920x1080.jpg]
[class.foxconnect.kr/fox/cls/clsView271e.html]
[class.foxconnect.kr/contents/CLASS/THUMB/20241217/20241217030714290_thumb_1920x1080.jpg]
[class.foxconnect.kr/fox/cls/clsView8473.html]
[class.foxconnect.kr/contents/CLASS/THUMB/20241217/20241217030800979_thumb_1920x1080.jpg]
[class.foxconnect.kr/fox/cls/clsViewffae.html]
[class.foxconnect.kr/contents/CLASS/THUMB/20241217/20241217030838690_thumb_1920x1080.jpg]
[class.foxconnect.kr/fox/cls/clsViewe614.html]
[class.foxconnect.kr/contents/CLASS/THUMB/20241217/20241217030924899_thumb_1920x1080.jpg]
[class.foxconnect.kr/fox/cls/clsView57b9.html]
[class.foxconnect.kr/contents/CLASS/THUMB/20241217/20241217031010170_thumb_1920x1080.jpg]
[class.foxconnect.kr/fox/cls/clsViewcd69.html]
[class.foxconnect.kr/contents/CLASS/THUMB/20241217/20241217031053080_thumb_1920x1080.jpg]
[class.foxconnect.kr/fox/cls/clsViewa842.html]
[class.foxconnect.kr/contents/CLASS/THUMB/20241217/20241217031145753_thumb_1920x1080.jpg]
[class.foxconnect.kr/fox/cls/clsViewf405.html]
[class.foxconnect.kr/contents/CLASS/THUMB/20241217/20241217031238185_thumb_1920x1080.jpg]
[class.foxconnect.kr/fox/cls/clsViewe40e.html]
[class.foxconnect.kr/contents/CLASS/THUMB/20241217/20241217031318358_thumb_1920x1080.jpg]
[class.foxconnect.kr/fox/cls/clsViewa859.html]
[class.foxconnect.kr/contents/CLASS/THUMB/20241217/20241217031410886_thumb_1920x1080.jpg]
[class.foxconnect.kr/fox/cls/clsView8850.html]
[class.foxconnect.kr/contents/CLASS/THUMB/20241217/20241217031607430_thumb_1920x1080.jpg]
[class.foxconnect.kr/fox/cls/clsView4ab6.html]
[class.foxconnect.kr/contents/CLASS/THUMB/20241217/20241217031648351_thumb_1920x1080.jpg]
[class.foxconnect.kr/fox/cls/clsViewfe82.html]
[class.foxconnect.kr/contents/CLASS/THUMB/20241217/20241217031724962_thumb_1920x1080.jpg]
[class.foxconnect.kr/fox/cls/clsView4b85.html]
[class.foxconnect.kr/contents/CLASS/THUMB/20241217/20241217031811810_thumb_1920x1080.jpg]
[class.foxconnect.kr/fox/cls/globalSearchfe6e.html]
[class.foxconnect.kr/fox/cls/clsView138d.html]
[class.foxconnect.kr/contents/CLASS/THUMB/20241217/20241217034742241_thumb_1920x1080.jpg]
[class.foxconnect.kr/fox/cls/clsView43e5.html]
[class.foxconnect.kr/contents/CLASS/THUMB/20241217/20241217035155888_thumb_1920x1080.jpg]
[class.foxconnect.kr/fox/cls/clsView2b28.html]
[class.foxconnect.kr/contents/CLASS/THUMB/20241217/20241217035249493_thumb_1920x1080.jpg]
[class.foxconnect.kr/fox/cls/clsViewe29a.html]
[class.foxconnect.kr/contents/CLASS/THUMB/20241217/20241217035344148_thumb_1920x1080.jpg]
[class.foxconnect.kr/fox/cls/clsViewa07f.html]
[class.foxconnect.kr/contents/CLASS/THUMB/20241217/20241217040014788_thumb_1920x1080.jpg]
[class.foxconnect.kr/fox/cls/clsView2759.html]
[class.foxconnect.kr/contents/CLASS/THUMB/20241217/20241217040118937_thumb_1920x1080.jpg]
[class.foxconnect.kr/fox/cls/clsViewed15.html]
[class.foxconnect.kr/contents/CLASS/THUMB/20241217/20241217040302726_thumb_1920x1080.jpg]
[class.foxconnect.kr/fox/cls/clsViewc93c.html]
[class.foxconnect.kr/contents/CLASS/THUMB/20241217/20241217040442516_thumb_1920x1080.jpg]
[class.foxconnect.kr/fox/cls/clsViewf017.html]
[class.foxconnect.kr/contents/CLASS/THUMB/20241217/20241217040522696_thumb_1920x1080.jpg]
[class.foxconnect.kr/fox/cls/clsViewb4d3.html]
[class.foxconnect.kr/contents/CLASS/THUMB/20241217/20241217040609147_thumb_1920x1080.jpg]
[class.foxconnect.kr/fox/cls/clsViewca5b.html]
[class.foxconnect.kr/contents/CLASS/THUMB/20241217/20241217040659176_thumb_1920x1080.jpg]
[class.foxconnect.kr/fox/cls/clsView5f80.html]
[class.foxconnect.kr/contents/CLASS/THUMB/20241217/20241217040807407_thumb_1920x1080.jpg]
[class.foxconnect.kr/fox/cls/clsView7866.html]
[class.foxconnect.kr/contents/CLASS/THUMB/20241217/20241217040907733_thumb_1920x1080.jpg]
[class.foxconnect.kr/fox/cls/clsView4e28.html]
[class.foxconnect.kr/contents/CLASS/THUMB/20241217/20241217040946685_thumb_1920x1080.jpg]
[class.foxconnect.kr/fox/cls/clsView2071.html]
[class.foxconnect.kr/contents/CLASS/THUMB/20241217/20241217041031489_thumb_1920x1080.jpg]
[class.foxconnect.kr/fox/cls/clsView6783.html]
[class.foxconnect.kr/contents/CLASS/THUMB/20241217/20241217041111302_thumb_1920x1080.jpg]
[class.foxconnect.kr/fox/cls/clsView6d12.html]
[class.foxconnect.kr/contents/CLASS/THUMB/20241217/20241217041159577_thumb_1920x1080.jpg]
[class.foxconnect.kr/fox/cls/clsViewdf06.html]
[class.foxconnect.kr/contents/CLASS/THUMB/20241217/20241217041237703_thumb_1920x1080.jpg]
[class.foxconnect.kr/fox/cls/clsView66f3.html]
[class.foxconnect.kr/contents/CLASS/THUMB/20241217/20241217041323299_thumb_1920x1080.jpg]
[class.foxconnect.kr/fox/cls/clsView6328.html]
[class.foxconnect.kr/fox/cls/globalSearchb931.html]
[class.foxconnect.kr/contents/CLASS/THUMB/20241217/20241217041402509_thumb_1920x1080.jpg]
[class.foxconnect.kr/fox/cls/clsViewdee8.html]
[class.foxconnect.kr/contents/CLASS/THUMB/20241217/20241217041447632_thumb_1920x1080.jpg]
[class.foxconnect.kr/fox/cls/clsView5afd.html]
[class.foxconnect.kr/contents/CLASS/THUMB/20241217/20241217041537041_thumb_1920x1080.jpg]
[class.foxconnect.kr/fox/cls/clsView5d61.html]
[class.foxconnect.kr/contents/CLASS/THUMB/20241217/20241217053012808_thumb_1920x1080.jpg]
[class.foxconnect.kr/fox/cls/clsView3718.html]
[class.foxconnect.kr/contents/CLASS/THUMB/20241217/20241217053051524_thumb_1920x1080.jpg]
[class.foxconnect.kr/fox/cls/clsViewd6c6.html]
[class.foxconnect.kr/contents/CLASS/THUMB/20241217/20241217053130423_thumb_1920x1080.jpg]
[class.foxconnect.kr/fox/cls/clsView5a53.html]
[class.foxconnect.kr/contents/CLASS/THUMB/20241217/20241217053213002_thumb_1920x1080.jpg]
[class.foxconnect.kr/fox/cls/clsView72e2.html]
[class.foxconnect.kr/contents/CLASS/THUMB/20241217/20241217053253597_thumb_1920x1080.jpg]
[class.foxconnect.kr/fox/cls/clsView8efa.html]
[class.foxconnect.kr/contents/CLASS/THUMB/20241217/20241217053334259_thumb_1920x1080.jpg]
[class.foxconnect.kr/fox/cls/clsViewbfc0.html]
[class.foxconnect.kr/contents/CLASS/THUMB/20241217/20241217053414595_thumb_1920x1080.jpg]
[class.foxconnect.kr/fox/cls/clsView80aa.html]
[class.foxconnect.kr/contents/CLASS/THUMB/20241217/20241217053518813_thumb_1920x1080.jpg]
[class.foxconnect.kr/fox/cls/clsView6775.html]
[class.foxconnect.kr/contents/CLASS/THUMB/20241217/20241217053743807_thumb_1920x1080.jpg]
[class.foxconnect.kr/fox/cls/clsView4193.html]
[class.foxconnect.kr/contents/CLASS/THUMB/20241217/20241217053656908_thumb_1920x1080.jpg]
[class.foxconnect.kr/fox/cls/clsViewa0f2.html]
[class.foxconnect.kr/contents/CLASS/THUMB/20241218/20241218092612927_thumb_1920x1080.jpg]
[class.foxconnect.kr/fox/cls/clsVieweef3.html]
[class.foxconnect.kr/contents/CLASS/THUMB/20241218/20241218092712355_thumb_1920x1080.jpg]
[class.foxconnect.kr/fox/cls/clsView05d4.html]
[class.foxconnect.kr/contents/CLASS/THUMB/20241218/20241218092808447_thumb_1920x1080.jpg]
[class.foxconnect.kr/fox/cls/clsViewda6c.html]
[class.foxconnect.kr/contents/CLASS/THUMB/20241218/20241218092858026_thumb_1920x1080.jpg]
[class.foxconnect.kr/fox/cls/clsView57ef.html]
[class.foxconnect.kr/contents/CLASS/THUMB/20241218/20241218092938921_thumb_1920x1080.jpg]
[class.foxconnect.kr/fox/cls/clsView729c.html]
[class.foxconnect.kr/contents/CLASS/THUMB/20241218/20241218093053027_thumb_1920x1080.jpg]
[class.foxconnect.kr/fox/cls/clsViewdcc0.html]
[class.foxconnect.kr/contents/CLASS/THUMB/20241218/20241218093129811_thumb_1920x1080.jpg]
[class.foxconnect.kr/fox/cls/clsView5b17.html]
[class.foxconnect.kr/fox/cls/globalSearchc6a7.html]
[class.foxconnect.kr/contents/CLASS/THUMB/20241218/20241218093213789_thumb_1920x1080.jpg]
[class.foxconnect.kr/fox/cls/clsViewffce.html]
[class.foxconnect.kr/contents/CLASS/THUMB/20241218/20241218093349386_thumb_1920x1080.jpg]
[class.foxconnect.kr/fox/cls/clsView941a.html]
[class.foxconnect.kr/contents/CLASS/THUMB/20241218/20241218093434145_thumb_1920x1080.jpg]
[class.foxconnect.kr/fox/cls/clsView3039.html]
[class.foxconnect.kr/contents/CLASS/THUMB/20241218/20241218093518852_thumb_1920x1080.jpg]
[class.foxconnect.kr/fox/cls/clsView9ffe.html]
[class.foxconnect.kr/contents/CLASS/THUMB/20241218/20241218093559886_thumb_1920x1080.jpg]
[class.foxconnect.kr/fox/cls/clsViewc7e0.html]
[class.foxconnect.kr/contents/CLASS/THUMB/20241218/20241218093706126_thumb_1920x1080.jpg]
[class.foxconnect.kr/fox/cls/clsView3150.html]
[class.foxconnect.kr/contents/CLASS/THUMB/20241218/20241218094358569_thumb_1920x1080.jpg]
[class.foxconnect.kr/fox/cls/clsView1019.html]
[class.foxconnect.kr/contents/CLASS/THUMB/20241218/20241218094519911_thumb_1920x1080.jpg]
[class.foxconnect.kr/fox/cls/clsViewc166.html]
[class.foxconnect.kr/contents/CLASS/THUMB/20241218/20241218095316730_thumb_1920x1080.jpg]
[class.foxconnect.kr/fox/cls/clsView0e67.html]
[class.foxconnect.kr/contents/CLASS/THUMB/20241218/20241218095422423_thumb_1920x1080.jpg]
[class.foxconnect.kr/fox/cls/clsView2055.html]
[class.foxconnect.kr/contents/CLASS/THUMB/20241218/20241218095507944_thumb_1920x1080.jpg]
[class.foxconnect.kr/fox/cls/clsViewc5a7.html]
[class.foxconnect.kr/contents/CLASS/THUMB/20241218/20241218095548653_thumb_1920x1080.jpg]
[class.foxconnect.kr/fox/cls/clsViewcd3a.html]
[class.foxconnect.kr/contents/CLASS/THUMB/20241218/20241218095632654_thumb_1920x1080.jpg]
[class.foxconnect.kr/fox/cls/clsView894b.html]
[class.foxconnect.kr/contents/CLASS/THUMB/20241218/20241218103535699_thumb_1920x1080.jpg]
[class.foxconnect.kr/fox/cls/clsView6f2c.html]
[class.foxconnect.kr/contents/CLASS/THUMB/20241218/20241218103619977_thumb_1920x1080.jpg]
[class.foxconnect.kr/fox/cls/clsView69ff.html]
[class.foxconnect.kr/contents/CLASS/THUMB/20241218/20241218103658135_thumb_1920x1080.jpg]
[class.foxconnect.kr/fox/cls/clsViewca0b.html]
[class.foxconnect.kr/contents/CLASS/THUMB/20241218/20241218104007286_thumb_1920x1080.jpg]
[class.foxconnect.kr/fox/cls/clsView88ce.html]
[class.foxconnect.kr/contents/CLASS/THUMB/20241218/20241218104051550_thumb_1920x1080.jpg]
[class.foxconnect.kr/fox/cls/clsView4906.html]
[class.foxconnect.kr/contents/CLASS/THUMB/20241218/20241218104129363_thumb_1920x1080.jpg]
[class.foxconnect.kr/fox/cls/clsView0340.html]
[class.foxconnect.kr/contents/CLASS/THUMB/20241218/20241218104224620_thumb_1920x1080.jpg]
[class.foxconnect.kr/fox/cls/clsView748f.html]
[class.foxconnect.kr/fox/cls/globalSearche475.html]
[class.foxconnect.kr/contents/CLASS/THUMB/20241218/20241218104449807_thumb_1920x1080.jpg]
[class.foxconnect.kr/fox/cls/clsView4373.html]
[class.foxconnect.kr/contents/CLASS/THUMB/20241218/20241218104736259_thumb_1920x1080.jpg]
[class.foxconnect.kr/fox/cls/clsView206e.html]
[class.foxconnect.kr/contents/CLASS/THUMB/20241218/20241218105112081_thumb_1920x1080.jpg]
[class.foxconnect.kr/fox/cls/clsViewbff2.html]
[class.foxconnect.kr/contents/CLASS/THUMB/20241218/20241218105151582_thumb_1920x1080.jpg]
[class.foxconnect.kr/fox/cls/clsViewa233.html]
[class.foxconnect.kr/contents/CLASS/THUMB/20241218/20241218105234456_thumb_1920x1080.jpg]
[class.foxconnect.kr/fox/cls/clsViewc258.html]
[class.foxconnect.kr/contents/CLASS/THUMB/20241218/20241218105316191_thumb_1920x1080.jpg]
[class.foxconnect.kr/fox/cls/clsView8804.html]
[class.foxconnect.kr/contents/CLASS/THUMB/20241218/20241218105406763_thumb_1920x1080.jpg]
[class.foxconnect.kr/fox/cls/clsView2152.html]
[class.foxconnect.kr/contents/CLASS/THUMB/20241218/20241218105436508_thumb_1920x1080.jpg]
[class.foxconnect.kr/fox/cls/clsViewefa0.html]
[class.foxconnect.kr/contents/CLASS/THUMB/20241218/20241218105512424_thumb_1920x1080.jpg]
[class.foxconnect.kr/fox/cls/clsView5fde.html]
[class.foxconnect.kr/contents/CLASS/THUMB/20241218/20241218105555203_thumb_1920x1080.jpg]
[class.foxconnect.kr/fox/cls/clsView17c5.html]
[class.foxconnect.kr/contents/CLASS/THUMB/20241218/20241218111037375_thumb_1920x1080.jpg]
[class.foxconnect.kr/fox/cls/clsViewa549.html]
[class.foxconnect.kr/contents/CLASS/THUMB/20241218/20241218111121756_thumb_1920x1080.jpg]
[class.foxconnect.kr/fox/cls/clsView7a33.html]
[class.foxconnect.kr/contents/CLASS/THUMB/20241218/20241218111205067_thumb_1920x1080.jpg]
[class.foxconnect.kr/fox/cls/clsViewea2a.html]
[class.foxconnect.kr/contents/CLASS/THUMB/20241218/20241218111244191_thumb_1920x1080.jpg]
[class.foxconnect.kr/fox/cls/clsView9a78.html]
[class.foxconnect.kr/contents/CLASS/THUMB/20241218/20241218111346243_thumb_1920x1080.jpg]
[class.foxconnect.kr/fox/cls/clsView849a.html]
[class.foxconnect.kr/contents/CLASS/THUMB/20241218/20241218111445130_thumb_1920x1080.jpg]
[class.foxconnect.kr/fox/cls/clsViewd580.html]
[class.foxconnect.kr/contents/CLASS/THUMB/20241218/20241218111519862_thumb_1920x1080.jpg]
[class.foxconnect.kr/fox/cls/clsView43b6.html]
[class.foxconnect.kr/contents/CLASS/THUMB/20241218/20241218111602247_thumb_1920x1080.jpg]
[class.foxconnect.kr/fox/cls/clsView9704.html]
[class.foxconnect.kr/contents/CLASS/THUMB/20241218/20241218111639998_thumb_1920x1080.jpg]
[class.foxconnect.kr/fox/cls/clsView8b21.html]
[class.foxconnect.kr/contents/CLASS/THUMB/20241218/20241218111745466_thumb_1920x1080.jpg]
[class.foxconnect.kr/fox/cls/clsView5e18.html]
[class.foxconnect.kr/contents/CLASS/THUMB/20241218/20241218111828957_thumb_1920x1080.jpg]
[class.foxconnect.kr/fox/cls/globalSearchcbd4.html]
[class.foxconnect.kr/fox/cls/globalSearchdd5f.html]
[class.foxconnect.kr/fox/cls/globalSearch92e2.html]
[class.foxconnect.kr/fox/cls/globalSearchfd07.html]
[class.foxconnect.kr/fox/cls/globalSearch54ea.html]
[class.foxconnect.kr/fox/cls/globalSearchab7e.html]
[class.foxconnect.kr/fox/cls/globalSearch0464.html]
[class.foxconnect.kr/fox/cls/globalSearch508c.html]
[class.foxconnect.kr/fox/cls/globalSearchcbfc.html]
[class.foxconnect.kr/fox/cls/globalSearch85d1.html]
[class.foxconnect.kr/fox/cls/globalSearchfd50.html]
[class.foxconnect.kr/fox/cls/clsViewb8e0.html]
[class.foxconnect.kr/contents/CLASS/THUMB/20250120/20250120101555336_thumb_1920x1080.jpg]
[class.foxconnect.kr/fox/cls/clsView875b.html]
[class.foxconnect.kr/contents/CLASS/THUMB/20250120/20250120101648315_thumb_1920x1080.jpg]
[class.foxconnect.kr/fox/cls/clsView4de3.html]
[class.foxconnect.kr/contents/CLASS/THUMB/20250120/20250120101729601_thumb_1920x1080.jpg]
[class.foxconnect.kr/fox/cls/clsView2bc9.html]
[class.foxconnect.kr/contents/CLASS/THUMB/20250120/20250120101812430_thumb_1920x1080.jpg]
[class.foxconnect.kr/fox/cls/clsViewb1c2.html]
[class.foxconnect.kr/contents/CLASS/THUMB/20250120/20250120101858589_thumb_1920x1080.jpg]
[class.foxconnect.kr/fox/cls/clsView5725.html]
[class.foxconnect.kr/contents/CLASS/THUMB/20231012/20231012104838585_thumb_1920x1080.jpg]
[class.foxconnect.kr/fox/cls/clsViewab04.html]
[class.foxconnect.kr/contents/CLASS/THUMB/20231012/20231012105046401_thumb_1920x1080.jpg]
[class.foxconnect.kr/fox/cls/clsView6584.html]
[class.foxconnect.kr/contents/CLASS/THUMB/20231012/20231012105106923_thumb_1920x1080.jpg]
[class.foxconnect.kr/fox/cls/clsView3662.html]
[class.foxconnect.kr/contents/CLASS/THUMB/20231012/20231012105128086_thumb_1920x1080.jpg]
[class.foxconnect.kr/fox/cls/clsView9ee9.html]
[class.foxconnect.kr/contents/CLASS/THUMB/20231012/20231012105159022_thumb_1920x1080.jpg]
[class.foxconnect.kr/fox/cls/clsView1ced.html]
[class.foxconnect.kr/contents/CLASS/THUMB/20231012/20231012105256594_thumb_1920x1080.jpg]
[class.foxconnect.kr/fox/cls/clsViewc5de.html]
[class.foxconnect.kr/contents/CLASS/THUMB/20231012/20231012105321631_thumb_1920x1080.jpg]
[class.foxconnect.kr/fox/cls/clsViewbf56.html]
[class.foxconnect.kr/contents/CLASS/THUMB/20231012/20231012105342381_thumb_1920x1080.jpg]
[class.foxconnect.kr/fox/cls/clsView2380.html]
[class.foxconnect.kr/contents/CLASS/THUMB/20231012/20231012105405180_thumb_1920x1080.jpg]
[class.foxconnect.kr/fox/cls/clsViewa2e0.html]
[class.foxconnect.kr/contents/CLASS/THUMB/20231012/20231012105429120_thumb_1920x1080.jpg]
[class.foxconnect.kr/fox/cls/globalSearch080f.html]
[class.foxconnect.kr/fox/cls/globalSearch35cd.html]
[class.foxconnect.kr/fox/cls/globalSearchff8e.html]
[class.foxconnect.kr/fox/cls/globalSearchcb6a.html]
[class.foxconnect.kr/fox/cls/globalSearch4142.html]
[class.foxconnect.kr/fox/cls/globalSearch399e.html]
[class.foxconnect.kr/fox/cls/globalSearch35d1.html]
[class.foxconnect.kr/fox/cls/globalSearch90fb.html]
[class.foxconnect.kr/fox/cls/clsViewe7ca.html]
[class.foxconnect.kr/fox/cls/clsView5ec6.html]
[class.foxconnect.kr/fox/cls/clsView8cc9.html]
[class.foxconnect.kr/fox/cls/clsView5798.html]
[class.foxconnect.kr/fox/cls/clsView760e.html]
[class.foxconnect.kr/fox/cls/clsViewae3f.html]
[class.foxconnect.kr/fox/cls/clsViewf008.html]
[class.foxconnect.kr/fox/cls/clsView12b7.html]
[class.foxconnect.kr/fox/cls/clsView7837.html]
[class.foxconnect.kr/fox/cls/clsViewb9b2.html]
[class.foxconnect.kr/fox/cls/clsViewf608.html]
[class.foxconnect.kr/fox/cls/clsView523a.html]
[class.foxconnect.kr/fox/cls/clsViewc4d3.html]
[class.foxconnect.kr/fox/cls/clsView8ee8.html]
[class.foxconnect.kr/fox/cls/clsViewf3be.html]
[class.foxconnect.kr/fox/cls/clsViewca47.html]
[class.foxconnect.kr/fox/cls/clsView6083.html]
[class.foxconnect.kr/fox/cls/clsView9511.html]
[class.foxconnect.kr/fox/cls/clsViewe344.html]
[class.foxconnect.kr/fox/cls/clsView1114.html]
[class.foxconnect.kr/fox/cls/globalSearch8495.html]
[class.foxconnect.kr/fox/cls/globalSearch2bd5.html]
[class.foxconnect.kr/fox/cls/globalSearch1e23.html]
[class.foxconnect.kr/fox/cls/globalSearch66de.html]
[class.foxconnect.kr/fox/cls/globalSearchfec7.html]
[class.foxconnect.kr/fox/cls/globalSearchd0a3.html]
[class.foxconnect.kr/fox/cls/globalSearchbd77.html]
[class.foxconnect.kr/fox/cls/globalSearchd637.html]
[class.foxconnect.kr/fox/cls/globalSearch69f5.html]
[class.foxconnect.kr/fox/cls/clsView8517.html]
[class.foxconnect.kr/contents/CLASS/THUMB/20241218/20241218111912874_thumb_1920x1080.jpg]
[class.foxconnect.kr/fox/cls/clsView74a8.html]
[class.foxconnect.kr/contents/CLASS/THUMB/20241218/20241218111950753_thumb_1920x1080.jpg]
[class.foxconnect.kr/fox/cls/clsView0c5f.html]
[class.foxconnect.kr/contents/CLASS/THUMB/20241218/20241218112034158_thumb_1920x1080.jpg]
[class.foxconnect.kr/fox/cls/clsView69d8.html]
[class.foxconnect.kr/contents/CLASS/THUMB/20241218/20241218112117153_thumb_1920x1080.jpg]
[class.foxconnect.kr/fox/cls/clsView32fe.html]
[class.foxconnect.kr/contents/CLASS/THUMB/20241218/20241218112156348_thumb_1920x1080.jpg]
[class.foxconnect.kr/fox/cls/clsView5da4.html]
[class.foxconnect.kr/contents/CLASS/THUMB/20241218/20241218112236189_thumb_1920x1080.jpg]
[class.foxconnect.kr/fox/cls/clsView4d09.html]
[class.foxconnect.kr/contents/CLASS/THUMB/20241218/20241218112309936_thumb_1920x1080.jpg]
[class.foxconnect.kr/fox/cls/clsView9d3a.html]
[class.foxconnect.kr/contents/CLASS/THUMB/20241218/20241218112350155_thumb_1920x1080.jpg]
[class.foxconnect.kr/fox/cls/clsView3dc2.html]
[class.foxconnect.kr/contents/CLASS/THUMB/20241218/20241218112434538_thumb_1920x1080.jpg]
[class.foxconnect.kr/fox/cls/clsViewe175.html]
[class.foxconnect.kr/contents/CLASS/THUMB/20241218/20241218112513051_thumb_1920x1080.jpg]
[class.foxconnect.kr/fox/cls/clsView552a.html]
[class.foxconnect.kr/contents/CLASS/THUMB/20241218/20241218112549773_thumb_1920x1080.jpg]
[class.foxconnect.kr/fox/cls/clsViewef4e.html]
[class.foxconnect.kr/fox/cls/globalSearch33ba.html]
[class.foxconnect.kr/contents/CLASS/THUMB/20241218/20241218112636862_thumb_1920x1080.jpg]
[class.foxconnect.kr/fox/cls/clsView93f6.html]
[class.foxconnect.kr/contents/CLASS/THUMB/20241218/20241218112712859_thumb_1920x1080.jpg]
[class.foxconnect.kr/fox/cls/clsViewa0ce.html]
[class.foxconnect.kr/contents/CLASS/THUMB/20241218/20241218112748332_thumb_1920x1080.jpg]
[class.foxconnect.kr/fox/cls/clsView758f.html]
[class.foxconnect.kr/contents/CLASS/THUMB/20241218/20241218112831286_thumb_1920x1080.jpg]
[class.foxconnect.kr/fox/cls/clsView089f.html]
[class.foxconnect.kr/contents/CLASS/THUMB/20241218/20241218124207510_thumb_1920x1080.jpg]
[class.foxconnect.kr/fox/cls/clsView0f42.html]
[class.foxconnect.kr/contents/CLASS/THUMB/20241218/20241218124250618_thumb_1920x1080.jpg]
[class.foxconnect.kr/fox/cls/clsView6d0e.html]
[class.foxconnect.kr/contents/CLASS/THUMB/20241218/20241218124653945_thumb_1920x1080.jpg]
[class.foxconnect.kr/fox/cls/clsView22b6.html]
[class.foxconnect.kr/contents/CLASS/THUMB/20241218/20241218124743010_thumb_1920x1080.jpg]
[class.foxconnect.kr/fox/cls/clsView54bd.html]
[class.foxconnect.kr/contents/CLASS/THUMB/20241218/20241218124842220_thumb_1920x1080.jpg]
[class.foxconnect.kr/fox/cls/clsViewe778.html]
[class.foxconnect.kr/contents/CLASS/THUMB/20241218/20241218124923361_thumb_1920x1080.jpg]
[class.foxconnect.kr/fox/cls/clsView4359.html]
[class.foxconnect.kr/contents/CLASS/THUMB/20241218/20241218125006852_thumb_1920x1080.jpg]
[class.foxconnect.kr/fox/cls/clsViewe569.html]
[class.foxconnect.kr/contents/CLASS/THUMB/20241218/20241218125048765_thumb_1920x1080.jpg]
[class.foxconnect.kr/fox/cls/clsView5136.html]
[class.foxconnect.kr/contents/CLASS/THUMB/20241218/20241218125130396_thumb_1920x1080.jpg]
[class.foxconnect.kr/fox/cls/clsView5ea2.html]
[class.foxconnect.kr/contents/CLASS/THUMB/20241218/20241218125218225_thumb_1920x1080.jpg]
[class.foxconnect.kr/fox/cls/clsView238a.html]
[class.foxconnect.kr/contents/CLASS/THUMB/20241218/20241218125609512_thumb_1920x1080.jpg]
[class.foxconnect.kr/fox/cls/clsViewb2ef.html]
[class.foxconnect.kr/contents/CLASS/THUMB/20241218/20241218010129395_thumb_1920x1080.jpg]
[class.foxconnect.kr/fox/cls/clsView292c.html]
[class.foxconnect.kr/contents/CLASS/THUMB/20241218/20241218010216080_thumb_1920x1080.jpg]
[class.foxconnect.kr/fox/cls/clsView3810.html]
[class.foxconnect.kr/contents/CLASS/THUMB/20241218/20241218010307712_thumb_1920x1080.jpg]
[class.foxconnect.kr/fox/cls/clsViewe79a.html]
[class.foxconnect.kr/contents/CLASS/THUMB/20241218/20241218010354186_thumb_1920x1080.jpg]
[class.foxconnect.kr/fox/cls/clsViewd965.html]
[class.foxconnect.kr/contents/CLASS/THUMB/20241218/20241218010441102_thumb_1920x1080.jpg]
[class.foxconnect.kr/fox/cls/clsView8f29.html]
[class.foxconnect.kr/contents/CLASS/THUMB/20241218/20241218010521131_thumb_1920x1080.jpg]
[class.foxconnect.kr/fox/cls/globalSearch4238.html]
[class.foxconnect.kr/fox/cls/globalSearch981f.html]
[class.foxconnect.kr/fox/cls/globalSearch809c.html]
[class.foxconnect.kr/fox/cls/globalSearch2e59.html]
[class.foxconnect.kr/fox/cls/globalSearch026a.html]
[class.foxconnect.kr/fox/cls/globalSearch4a3a.html]
[class.foxconnect.kr/fox/cls/globalSearchb0d2.html]
[class.foxconnect.kr/fox/cls/globalSearch78f6.html]
[class.foxconnect.kr/fox/cls/globalSearchf545.html]
[class.foxconnect.kr/fox/cls/globalSearchefb2.html]
[class.foxconnect.kr/fox/cls/globalSearch6d80.html]
[class.foxconnect.kr/fox/cls/clsView3cfc.html]
[class.foxconnect.kr/contents/CLASS/THUMB/20241213/20241213010137034_thumb_1920x1080.jpg]
[class.foxconnect.kr/fox/cls/clsView6bca.html]
[class.foxconnect.kr/contents/CLASS/THUMB/20241213/20241213010217831_thumb_1920x1080.jpg]
[class.foxconnect.kr/fox/cls/clsView88d3.html]
[class.foxconnect.kr/contents/CLASS/THUMB/20241213/20241213010247345_thumb_1920x1080.jpg]
[class.foxconnect.kr/fox/cls/clsViewcb62.html]
[class.foxconnect.kr/contents/CLASS/THUMB/20250113/20250113100714884_thumb_1920x1080.jpg]
[class.foxconnect.kr/fox/cls/clsViewe734.html]
[class.foxconnect.kr/contents/CLASS/THUMB/20250114/20250114102031217_thumb_1920x1080.jpg]
[class.foxconnect.kr/fox/cls/globalSearchba7b.html]
[class.foxconnect.kr/fox/cls/globalSearchf73f.html]
[class.foxconnect.kr/fox/cls/globalSearchb7f9.html]
[class.foxconnect.kr/fox/cls/clsView0efe.html]
[class.foxconnect.kr/contents/CLASS/THUMB/20220922/20220922105216180_thumb_1920x1080.jpg]
[class.foxconnect.kr/fox/cls/clsView474e.html]
[class.foxconnect.kr/contents/CLASS/THUMB/20220922/20220922104958088_thumb_1920x1080.jpg]
[class.foxconnect.kr/fox/cls/clsView3cc0.html]
[class.foxconnect.kr/contents/CLASS/THUMB/20220922/20220922104725143_thumb_1920x1080.jpg]
[class.foxconnect.kr/fox/cls/clsView3428.html]
[class.foxconnect.kr/contents/CLASS/THUMB/20220922/20220922104452139_thumb_1920x1080.jpg]
[class.foxconnect.kr/fox/cls/clsView7435.html]
[class.foxconnect.kr/contents/CLASS/THUMB/20220921/20220921014438494_thumb_1920x1080.jpg]
[class.foxconnect.kr/fox/cls/clsView692f.html]
[class.foxconnect.kr/contents/CLASS/THUMB/20220921/20220921014300079_thumb_1920x1080.jpg]
[class.foxconnect.kr/fox/cls/clsViewd0b4.html]
[class.foxconnect.kr/contents/CLASS/THUMB/20220921/20220921014043136_thumb_1920x1080.jpg]
[class.foxconnect.kr/fox/cls/globalSearch3032.html]
[class.foxconnect.kr/fox/cls/clsViewdbe6.html]
[class.foxconnect.kr/contents/CLASS/THUMB/20220922/20220922114844096_thumb_1920x1080.jpg]
[class.foxconnect.kr/fox/cls/clsViewf41d.html]
[class.foxconnect.kr/contents/CLASS/THUMB/20220921/20220921013458388_thumb_1920x1080.jpg]
[class.foxconnect.kr/fox/cls/clsView6a76.html]
[class.foxconnect.kr/contents/CLASS/THUMB/20220921/20220921013302846_thumb_1920x1080.jpg]
[class.foxconnect.kr/fox/cls/clsView0737.html]
[class.foxconnect.kr/contents/CLASS/THUMB/20220921/20220921012834629_thumb_1920x1080.jpg]
[class.foxconnect.kr/fox/cls/clsView7549.html]
[class.foxconnect.kr/contents/CLASS/THUMB/20220830/20220830110435708_thumb_1920x1080.jpg]
[class.foxconnect.kr/fox/cls/clsViewcbe2.html]
[class.foxconnect.kr/contents/CLASS/THUMB/20220921/20220921012622753_thumb_1920x1080.jpg]
[class.foxconnect.kr/fox/cls/clsView5b98.html]
[class.foxconnect.kr/contents/CLASS/THUMB/20220921/20220921012329132_thumb_1920x1080.jpg]
[class.foxconnect.kr/fox/cls/clsView34a0.html]
[class.foxconnect.kr/contents/CLASS/THUMB/20220824/20220824041210997_thumb_1920x1080.jpg]
[class.foxconnect.kr/fox/cls/clsView9077.html]
[class.foxconnect.kr/contents/CLASS/THUMB/20230605/20230605033630285_thumb_1920x1080.jpg]
[class.foxconnect.kr/fox/cls/clsView400f.html]
[class.foxconnect.kr/contents/CLASS/THUMB/20230605/20230605025615142_thumb_1920x1080.jpg]
[class.foxconnect.kr/fox/cls/clsView4b5d.html]
[class.foxconnect.kr/contents/CLASS/THUMB/20230605/20230605024333069_thumb_1920x1080.jpg]
[class.foxconnect.kr/fox/cls/clsView588f.html]
[class.foxconnect.kr/contents/CLASS/THUMB/20230605/20230605102300425_thumb_1920x1080.jpg]
[class.foxconnect.kr/fox/cls/clsView8633.html]
[class.foxconnect.kr/contents/CLASS/THUMB/20230310/20230310032151320_thumb_1920x1080.jpg]
[class.foxconnect.kr/fox/cls/clsView0552.html]
[class.foxconnect.kr/fox/cls/globalSearchde91.html]
[class.foxconnect.kr/contents/CLASS/THUMB/20230310/20230310112055572_thumb_1920x1080.jpg]
[class.foxconnect.kr/fox/cls/clsViewc673.html]
[class.foxconnect.kr/contents/CLASS/THUMB/20230310/20230310110605777_thumb_1920x1080.jpg]
[class.foxconnect.kr/fox/cls/clsView234b.html]
[class.foxconnect.kr/contents/CLASS/THUMB/20230310/20230310103422838_thumb_1920x1080.jpg]
[class.foxconnect.kr/fox/cls/clsViewe65d.html]
[class.foxconnect.kr/contents/CLASS/THUMB/20230310/20230310094829980_thumb_1920x1080.jpg]
[class.foxconnect.kr/fox/cls/clsView79e4.html]
[class.foxconnect.kr/contents/CLASS/THUMB/20230310/20230310093402112_thumb_1920x1080.jpg]
[class.foxconnect.kr/fox/cls/clsView2d0c.html]
[class.foxconnect.kr/contents/CLASS/THUMB/20230310/20230310090105125_thumb_1920x1080.jpg]
[class.foxconnect.kr/fox/cls/clsViewe731.html]
[class.foxconnect.kr/contents/CLASS/THUMB/20230310/20230310085435010_thumb_1920x1080.jpg]
[class.foxconnect.kr/fox/cls/clsView7fcf.html]
[class.foxconnect.kr/contents/CLASS/THUMB/20230308/20230308100726828_thumb_1920x1080.jpg]
[class.foxconnect.kr/fox/cls/clsViewe96b.html]
[class.foxconnect.kr/fox/cls/globalSearchafa6.html]
[class.foxconnect.kr/contents/CLASS/THUMB/20230308/20230308094316332_thumb_1920x1080.jpg]
[class.foxconnect.kr/fox/cls/clsViewa5a9.html]
[class.foxconnect.kr/contents/CLASS/THUMB/20230307/20230307042205262_thumb_1920x1080.jpg]
[class.foxconnect.kr/fox/cls/clsView14eb.html]
[class.foxconnect.kr/contents/CLASS/THUMB/20221018/20221018025520131_thumb_1920x1080.jpg]
[class.foxconnect.kr/fox/cls/clsView1a40.html]
[class.foxconnect.kr/contents/CLASS/THUMB/20221018/20221018101631354_thumb_1920x1080.jpg]
[class.foxconnect.kr/fox/cls/clsView08db.html]
[class.foxconnect.kr/contents/CLASS/THUMB/20221018/20221018095242728_thumb_1920x1080.jpg]
[class.foxconnect.kr/fox/cls/clsView71ff.html]
[class.foxconnect.kr/contents/CLASS/THUMB/20221018/20221018093851470_thumb_1920x1080.jpg]
[class.foxconnect.kr/fox/cls/clsView50ce.html]
[class.foxconnect.kr/contents/CLASS/THUMB/20221017/20221017050734057_thumb_1920x1080.jpg]
[class.foxconnect.kr/fox/cls/clsView38ff.html]
[class.foxconnect.kr/contents/CLASS/THUMB/20221017/20221017045838954_thumb_1920x1080.jpg]
[class.foxconnect.kr/fox/cls/clsView2076.html]
[class.foxconnect.kr/contents/CLASS/THUMB/20221017/20221017044028969_thumb_1920x1080.jpg]
[class.foxconnect.kr/fox/cls/clsViewd174.html]
[class.foxconnect.kr/contents/CLASS/THUMB/20221017/20221017042145484_thumb_1920x1080.jpg]
[class.foxconnect.kr/fox/cls/clsViewc3b0.html]
[class.foxconnect.kr/contents/CLASS/THUMB/20221017/20221017010613887_thumb_1920x1080.jpg]
[class.foxconnect.kr/fox/cls/clsViewcb1e.html]
[class.foxconnect.kr/contents/CLASS/THUMB/20221017/20221017125011742_thumb_1920x1080.jpg]
[class.foxconnect.kr/fox/cls/clsViewe262.html]
[class.foxconnect.kr/contents/CLASS/THUMB/20221017/20221017104222852_thumb_1920x1080.jpg]
[class.foxconnect.kr/fox/cls/clsViewe89b.html]
[class.foxconnect.kr/contents/CLASS/THUMB/20221017/20221017102651775_thumb_1920x1080.jpg]
[class.foxconnect.kr/fox/cls/globalSearchbb23.html]
[class.foxconnect.kr/fox/cls/clsViewcd73.html]
[class.foxconnect.kr/contents/CLASS/THUMB/20221017/20221017103731193_thumb_1920x1080.jpg]
[class.foxconnect.kr/fox/cls/clsView6244.html]
[class.foxconnect.kr/contents/CLASS/THUMB/20221017/20221017101439703_thumb_1920x1080.jpg]
[class.foxconnect.kr/fox/cls/clsView718d.html]
[class.foxconnect.kr/contents/CLASS/THUMB/20221014/20221014102916675_thumb_1920x1080.jpg]
[class.foxconnect.kr/fox/cls/clsView8500.html]
[class.foxconnect.kr/contents/CLASS/THUMB/20221014/20221014103222925_thumb_1920x1080.jpg]
[class.foxconnect.kr/fox/cls/clsViewf62c.html]
[class.foxconnect.kr/contents/CLASS/THUMB/20221013/20221013045356972_thumb_1920x1080.jpg]
[class.foxconnect.kr/fox/cls/clsView0659.html]
[class.foxconnect.kr/contents/CLASS/THUMB/20221013/20221013093212406_thumb_1920x1080.jpg]
[class.foxconnect.kr/fox/cls/clsViewcb68.html]
[class.foxconnect.kr/contents/CLASS/THUMB/20221013/20221013093929860_thumb_1920x1080.jpg]
[class.foxconnect.kr/fox/cls/clsViewabff.html]
[class.foxconnect.kr/contents/CLASS/THUMB/20221013/20221013092421949_thumb_1920x1080.jpg]
[class.foxconnect.kr/fox/cls/clsView2e10.html]
[class.foxconnect.kr/contents/CLASS/THUMB/20221012/20221012042400113_thumb_1920x1080.jpg]
[class.foxconnect.kr/fox/cls/clsView7421.html]
[class.foxconnect.kr/contents/CLASS/THUMB/20221012/20221012032110992_thumb_1920x1080.jpg]
[class.foxconnect.kr/fox/cls/clsViewd25f.html]
[class.foxconnect.kr/contents/CLASS/THUMB/20221012/20221012103320110_thumb_1920x1080.jpg]
[class.foxconnect.kr/fox/cls/clsViewcd51.html]
[class.foxconnect.kr/contents/CLASS/THUMB/20221012/20221012093537236_thumb_1920x1080.jpg]
[class.foxconnect.kr/fox/cls/clsView862c.html]
[class.foxconnect.kr/contents/CLASS/THUMB/20221012/20221012094811688_thumb_1920x1080.jpg]
[class.foxconnect.kr/fox/cls/clsViewdd25.html]
[class.foxconnect.kr/contents/CLASS/THUMB/20221012/20221012093233312_thumb_1920x1080.jpg]
[class.foxconnect.kr/fox/cls/clsView0109.html]
[class.foxconnect.kr/contents/CLASS/THUMB/20221012/20221012091821425_thumb_1920x1080.jpg]
[class.foxconnect.kr/fox/cls/clsView6d88.html]
[class.foxconnect.kr/contents/CLASS/THUMB/20221011/20221011094924056_thumb_1920x1080.jpg]
[class.foxconnect.kr/fox/cls/clsView49d1.html]
[class.foxconnect.kr/contents/CLASS/THUMB/20221011/20221011094637703_thumb_1920x1080.jpg]
[class.foxconnect.kr/fox/cls/globalSearchcd5b.html]
[class.foxconnect.kr/fox/cls/clsView78b5.html]
[class.foxconnect.kr/contents/CLASS/THUMB/20221011/20221011093841540_thumb_1920x1080.jpg]
[class.foxconnect.kr/fox/cls/clsView1ec9.html]
[class.foxconnect.kr/contents/CLASS/THUMB/20221007/20221007022054804_thumb_1920x1080.jpg]
[class.foxconnect.kr/fox/cls/clsView7dff.html]
[class.foxconnect.kr/contents/CLASS/THUMB/20221007/20221007113749639_thumb_1920x1080.jpg]
[class.foxconnect.kr/fox/cls/clsViewba4e.html]
[class.foxconnect.kr/contents/CLASS/THUMB/20221007/20221007113653630_thumb_1920x1080.jpg]
[class.foxconnect.kr/fox/cls/clsView29f2.html]
[class.foxconnect.kr/contents/CLASS/THUMB/20221007/20221007101031196_thumb_1920x1080.jpg]
[class.foxconnect.kr/fox/cls/clsViewa472.html]
[class.foxconnect.kr/contents/CLASS/THUMB/20221007/20221007100752557_thumb_1920x1080.jpg]
[class.foxconnect.kr/fox/cls/clsView71a9.html]
[class.foxconnect.kr/contents/CLASS/THUMB/20221006/20221006052550200_thumb_1920x1080.jpg]
[class.foxconnect.kr/fox/cls/clsView25b0.html]
[class.foxconnect.kr/contents/CLASS/THUMB/20221006/20221006030820292_thumb_1920x1080.jpg]
[class.foxconnect.kr/fox/cls/clsViewd7ec.html]
[class.foxconnect.kr/contents/CLASS/THUMB/20221006/20221006022714272_thumb_1920x1080.jpg]
[class.foxconnect.kr/fox/cls/clsView9b1a.html]
[class.foxconnect.kr/contents/CLASS/THUMB/20221006/20221006014141594_thumb_1920x1080.jpg]
[class.foxconnect.kr/fox/cls/clsViewb819.html]
[class.foxconnect.kr/contents/CLASS/THUMB/20221006/20221006105250042_thumb_1920x1080.jpg]
[class.foxconnect.kr/fox/cls/clsViewd4ab.html]
[class.foxconnect.kr/contents/CLASS/THUMB/20221005/20221005105947619_thumb_1920x1080.jpg]
[class.foxconnect.kr/fox/cls/clsView25b0-2.html]
[class.foxconnect.kr/contents/CLASS/THUMB/20221004/20221004053320333_thumb_1920x1080.jpg]
[class.foxconnect.kr/fox/cls/clsViewd90f.html]
[class.foxconnect.kr/contents/CLASS/THUMB/20221004/20221004044850038_thumb_1920x1080.jpg]
[class.foxconnect.kr/fox/cls/clsView15dd.html]
[class.foxconnect.kr/contents/CLASS/THUMB/20221004/20221004043412958_thumb_1920x1080.jpg]
[class.foxconnect.kr/fox/cls/clsView6ec5.html]
[class.foxconnect.kr/contents/CLASS/THUMB/20221004/20221004033130031_thumb_1920x1080.jpg]
[class.foxconnect.kr/fox/cls/clsView9ade.html]
[class.foxconnect.kr/contents/CLASS/THUMB/20221004/20221004030313994_thumb_1920x1080.jpg]
[class.foxconnect.kr/fox/cls/clsView9141.html]
[class.foxconnect.kr/contents/CLASS/THUMB/20221004/20221004025436065_thumb_1920x1080.jpg]
[class.foxconnect.kr/fox/cls/clsView08c5.html]
[class.foxconnect.kr/contents/CLASS/THUMB/20221004/20221004015234942_thumb_1920x1080.jpg]
[class.foxconnect.kr/fox/cls/clsView14ec.html]
[class.foxconnect.kr/contents/CLASS/THUMB/20221004/20221004011510739_thumb_1920x1080.jpg]
[class.foxconnect.kr/fox/cls/globalSearchd6dd.html]
[class.foxconnect.kr/fox/cls/clsView3e54.html]
[class.foxconnect.kr/contents/CLASS/THUMB/20221004/20221004125820806_thumb_1920x1080.jpg]
[class.foxconnect.kr/fox/cls/clsViewf45d.html]
[class.foxconnect.kr/contents/CLASS/THUMB/20221004/20221004125316583_thumb_1920x1080.jpg]
[class.foxconnect.kr/fox/cls/clsView864a.html]
[class.foxconnect.kr/contents/CLASS/THUMB/20221004/20221004094035091_thumb_1920x1080.jpg]
[class.foxconnect.kr/fox/cls/clsView079f.html]
[class.foxconnect.kr/contents/CLASS/THUMB/20220930/20220930022728959_thumb_1920x1080.jpg]
[class.foxconnect.kr/fox/cls/clsViewa8d1.html]
[class.foxconnect.kr/contents/CLASS/THUMB/20220930/20220930105235712_thumb_1920x1080.jpg]
[class.foxconnect.kr/fox/cls/clsView2b10.html]
[class.foxconnect.kr/contents/CLASS/THUMB/20220930/20220930103115739_thumb_1920x1080.jpg]
[class.foxconnect.kr/fox/cls/clsViewcd54.html]
[class.foxconnect.kr/contents/CLASS/THUMB/20220930/20220930094722055_thumb_1920x1080.jpg]
[class.foxconnect.kr/fox/cls/clsView2400.html]
[class.foxconnect.kr/contents/CLASS/THUMB/20220929/20220929020351650_thumb_1920x1080.jpg]
[class.foxconnect.kr/fox/cls/clsViewfe5b.html]
[class.foxconnect.kr/contents/CLASS/THUMB/20220929/20220929015618691_thumb_1920x1080.jpg]
[class.foxconnect.kr/fox/cls/clsView308c.html]
[class.foxconnect.kr/contents/CLASS/THUMB/20220929/20220929110830845_thumb_1920x1080.jpg]
[class.foxconnect.kr/fox/cls/clsViewf749.html]
[class.foxconnect.kr/contents/CLASS/THUMB/20220929/20220929105430975_thumb_1920x1080.jpg]
[class.foxconnect.kr/fox/cls/clsViewacdc.html]
[class.foxconnect.kr/contents/CLASS/THUMB/20220929/20220929101238702_thumb_1920x1080.jpg]
[class.foxconnect.kr/fox/cls/clsView6c79.html]
[class.foxconnect.kr/contents/CLASS/THUMB/20220929/20220929100620582_thumb_1920x1080.jpg]
[class.foxconnect.kr/fox/cls/clsViewbfce.html]
[class.foxconnect.kr/contents/CLASS/THUMB/20220929/20220929094432704_thumb_1920x1080.jpg]
[class.foxconnect.kr/fox/cls/clsView8e72.html]
[class.foxconnect.kr/contents/CLASS/THUMB/20220929/20220929091622885_thumb_1920x1080.jpg]
[class.foxconnect.kr/fox/cls/clsViewab2f.html]
[class.foxconnect.kr/contents/CLASS/THUMB/20220929/20220929090412683_thumb_1920x1080.jpg]
[class.foxconnect.kr/fox/cls/clsViewc896.html]
[class.foxconnect.kr/contents/CLASS/THUMB/20220928/20220928042752383_thumb_1920x1080.jpg]
[class.foxconnect.kr/fox/cls/clsViewb517.html]
[class.foxconnect.kr/contents/CLASS/THUMB/20220928/20220928041126414_thumb_1920x1080.jpg]
[class.foxconnect.kr/fox/cls/clsView8fa9.html]
[class.foxconnect.kr/fox/cls/globalSearch9f48.html]
[class.foxconnect.kr/contents/CLASS/THUMB/20220928/20220928040553657_thumb_1920x1080.jpg]
[class.foxconnect.kr/fox/cls/clsView27fb.html]
[class.foxconnect.kr/contents/CLASS/THUMB/20220928/20220928021548596_thumb_1920x1080.jpg]
[class.foxconnect.kr/fox/cls/clsView2616.html]
[class.foxconnect.kr/contents/CLASS/THUMB/20220928/20220928020148491_thumb_1920x1080.jpg]
[class.foxconnect.kr/fox/cls/clsView1259.html]
[class.foxconnect.kr/contents/CLASS/THUMB/20220928/20220928011409462_thumb_1920x1080.jpg]
[class.foxconnect.kr/fox/cls/clsView41fe.html]
[class.foxconnect.kr/contents/CLASS/THUMB/20220928/20220928114449870_thumb_1920x1080.jpg]
[class.foxconnect.kr/fox/cls/clsView303b.html]
[class.foxconnect.kr/contents/CLASS/THUMB/20220928/20220928113330262_thumb_1920x1080.jpg]
[class.foxconnect.kr/fox/cls/clsViewd70c.html]
[class.foxconnect.kr/contents/CLASS/THUMB/20220928/20220928110459098_thumb_1920x1080.jpg]
[class.foxconnect.kr/fox/cls/clsViewbd92.html]
[class.foxconnect.kr/contents/CLASS/THUMB/20220928/20220928103420349_thumb_1920x1080.jpg]
[class.foxconnect.kr/fox/cls/clsView7d73.html]
[class.foxconnect.kr/contents/CLASS/THUMB/20220927/20220927061353825_thumb_1920x1080.jpg]
[class.foxconnect.kr/fox/cls/clsView08a2.html]
[class.foxconnect.kr/contents/CLASS/THUMB/20220927/20220927055208366_thumb_1920x1080.jpg]
[class.foxconnect.kr/fox/cls/clsViewf48d.html]
[class.foxconnect.kr/contents/CLASS/THUMB/20220927/20220927032632230_thumb_1920x1080.jpg]
[class.foxconnect.kr/fox/cls/clsView4c8a.html]
[class.foxconnect.kr/contents/CLASS/THUMB/20220927/20220927031838052_thumb_1920x1080.jpg]
[class.foxconnect.kr/fox/cls/clsVieweff7.html]
[class.foxconnect.kr/contents/CLASS/THUMB/20220927/20220927125238668_thumb_1920x1080.jpg]
[class.foxconnect.kr/fox/cls/clsView30e8.html]
[class.foxconnect.kr/contents/CLASS/THUMB/20220927/20220927110703127_thumb_1920x1080.jpg]
[class.foxconnect.kr/fox/cls/clsView2c11.html]
[class.foxconnect.kr/contents/CLASS/THUMB/20220927/20220927110122045_thumb_1920x1080.jpg]
[class.foxconnect.kr/fox/cls/clsView7894.html]
[class.foxconnect.kr/contents/CLASS/THUMB/20220927/20220927105220552_thumb_1920x1080.jpg]
[class.foxconnect.kr/fox/cls/clsView8b6c.html]
[class.foxconnect.kr/contents/CLASS/THUMB/20220927/20220927104144235_thumb_1920x1080.jpg]
[class.foxconnect.kr/fox/cls/clsView0799.html]
[class.foxconnect.kr/contents/CLASS/THUMB/20220927/20220927103212107_thumb_1920x1080.jpg]
[class.foxconnect.kr/fox/cls/clsViewd195.html]
[class.foxconnect.kr/contents/CLASS/THUMB/20221012/20221012054114311_thumb_1920x1080.jpg]
[class.foxconnect.kr/fox/cls/clsViewdaac.html]
[class.foxconnect.kr/contents/CLASS/THUMB/20220926/20220926010420652_thumb_1920x1080.jpg]
[class.foxconnect.kr/fox/cls/clsViewd639.html]
[class.foxconnect.kr/fox/cls/globalSearch651e.html]
[class.foxconnect.kr/contents/CLASS/THUMB/20220926/20220926114311614_thumb_1920x1080.jpg]
[class.foxconnect.kr/fox/cls/clsView8d71.html]
[class.foxconnect.kr/contents/CLASS/THUMB/20220926/20220926112815924_thumb_1920x1080.jpg]
[class.foxconnect.kr/fox/cls/clsViewa0d3.html]
[class.foxconnect.kr/contents/CLASS/THUMB/20220923/20220923065048839_thumb_1920x1080.jpg]
[class.foxconnect.kr/fox/cls/clsVieweab0.html]
[class.foxconnect.kr/contents/CLASS/THUMB/20220923/20220923063449533_thumb_1920x1080.jpg]
[class.foxconnect.kr/fox/cls/clsView97cb.html]
[class.foxconnect.kr/contents/CLASS/THUMB/20220923/20220923062100961_thumb_1920x1080.jpg]
[class.foxconnect.kr/fox/cls/clsView3f21.html]
[class.foxconnect.kr/contents/CLASS/THUMB/20220923/20220923061121515_thumb_1920x1080.jpg]
[class.foxconnect.kr/fox/cls/clsView9e14.html]
[class.foxconnect.kr/contents/CLASS/THUMB/20220923/20220923055852118_thumb_1920x1080.jpg]
[class.foxconnect.kr/fox/cls/clsViewffcc.html]
[class.foxconnect.kr/contents/CLASS/THUMB/20220923/20220923054315306_thumb_1920x1080.jpg]
[class.foxconnect.kr/fox/cls/clsView9e2e.html]
[class.foxconnect.kr/contents/CLASS/THUMB/20220923/20220923053007154_thumb_1920x1080.jpg]
[class.foxconnect.kr/fox/cls/clsView505b.html]
[class.foxconnect.kr/contents/CLASS/THUMB/20220923/20220923052012838_thumb_1920x1080.jpg]
[class.foxconnect.kr/fox/cls/clsViewb013.html]
[class.foxconnect.kr/contents/CLASS/THUMB/20220923/20220923050551725_thumb_1920x1080.jpg]
[class.foxconnect.kr/fox/cls/clsView2796.html]
[class.foxconnect.kr/contents/CLASS/THUMB/20220922/20220922052755657_thumb_1920x1080.jpg]
[class.foxconnect.kr/fox/cls/clsViewbf57.html]
[class.foxconnect.kr/contents/CLASS/THUMB/20220922/20220922045439283_thumb_1920x1080.jpg]
[class.foxconnect.kr/fox/cls/clsView00e9.html]
[class.foxconnect.kr/contents/CLASS/THUMB/20220922/20220922043856423_thumb_1920x1080.jpg]
[class.foxconnect.kr/fox/cls/clsView272c.html]
[class.foxconnect.kr/contents/CLASS/THUMB/20220922/20220922041449183_thumb_1920x1080.jpg]
[class.foxconnect.kr/fox/cls/clsView4a10.html]
[class.foxconnect.kr/contents/CLASS/THUMB/20220921/20220921044149432_thumb_1920x1080.jpg]
[class.foxconnect.kr/fox/cls/clsView8ed0.html]
[class.foxconnect.kr/fox/cls/globalSearch429a.html]
[class.foxconnect.kr/contents/CLASS/THUMB/20220921/20220921024736678_thumb_1920x1080.jpg]
[class.foxconnect.kr/fox/cls/clsView07f6.html]
[class.foxconnect.kr/contents/CLASS/THUMB/20220921/20220921023737027_thumb_1920x1080.jpg]
[class.foxconnect.kr/fox/cls/clsViewea42.html]
[class.foxconnect.kr/contents/CLASS/THUMB/20220921/20220921021309378_thumb_1920x1080.jpg]
[class.foxconnect.kr/fox/cls/clsView2b69.html]
[class.foxconnect.kr/contents/CLASS/THUMB/20220921/20220921015218127_thumb_1920x1080.jpg]
[class.foxconnect.kr/fox/cls/clsViewa4f5.html]
[class.foxconnect.kr/contents/CLASS/THUMB/20220921/20220921014205621_thumb_1920x1080.jpg]
[class.foxconnect.kr/fox/cls/clsView85fb.html]
[class.foxconnect.kr/contents/CLASS/THUMB/20220916/20220916094716183_thumb_1920x1080.jpg]
[class.foxconnect.kr/fox/cls/clsView6413.html]
[class.foxconnect.kr/contents/CLASS/THUMB/20220914/20220914031652627_thumb_1920x1080.jpg]
[class.foxconnect.kr/fox/cls/clsViewb836.html]
[class.foxconnect.kr/contents/CLASS/THUMB/20220914/20220914022747424_thumb_1920x1080.jpg]
[class.foxconnect.kr/fox/cls/clsView72e0.html]
[class.foxconnect.kr/contents/CLASS/THUMB/20220914/20220914021319342_thumb_1920x1080.jpg]
[class.foxconnect.kr/fox/cls/clsView9439.html]
[class.foxconnect.kr/contents/CLASS/THUMB/20220914/20220914013809197_thumb_1920x1080.jpg]
[class.foxconnect.kr/fox/cls/clsView732d.html]
[class.foxconnect.kr/contents/CLASS/THUMB/20220914/20220914011951985_thumb_1920x1080.jpg]
[class.foxconnect.kr/fox/cls/clsViewe79a-2.html]
[class.foxconnect.kr/contents/CLASS/THUMB/20220914/20220914011016124_thumb_1920x1080.jpg]
[class.foxconnect.kr/fox/cls/clsViewb61a.html]
[class.foxconnect.kr/contents/CLASS/THUMB/20220914/20220914113955365_thumb_1920x1080.jpg]
[class.foxconnect.kr/fox/cls/clsVieweb30.html]
[class.foxconnect.kr/contents/CLASS/THUMB/20220914/20220914112945400_thumb_1920x1080.jpg]
[class.foxconnect.kr/fox/cls/clsView4f0f.html]
[class.foxconnect.kr/contents/CLASS/THUMB/20220914/20220914111704758_thumb_1920x1080.jpg]
[class.foxconnect.kr/fox/cls/clsViewd14c.html]
[class.foxconnect.kr/contents/CLASS/THUMB/20220913/20220913060239274_thumb_1920x1080.jpg]
[class.foxconnect.kr/fox/cls/clsView89f9.html]
[class.foxconnect.kr/contents/CLASS/THUMB/20220913/20220913055658340_thumb_1920x1080.jpg]
[class.foxconnect.kr/fox/cls/clsView9231.html]
[class.foxconnect.kr/contents/CLASS/THUMB/20220913/20220913055045093_thumb_1920x1080.jpg]
[class.foxconnect.kr/fox/cls/clsViewca20.html]
[class.foxconnect.kr/contents/CLASS/THUMB/20220913/20220913053448412_thumb_1920x1080.jpg]
[class.foxconnect.kr/fox/cls/clsView95a0.html]
[class.foxconnect.kr/contents/CLASS/THUMB/20220908/20220908122142202_thumb_1920x1080.jpg]
[class.foxconnect.kr/fox/cls/globalSearch2723.html]
[class.foxconnect.kr/fox/cls/globalSearch0b59.html]
[class.foxconnect.kr/fox/cls/globalSearch2ef9.html]
[class.foxconnect.kr/fox/cls/globalSearch446c.html]
[class.foxconnect.kr/fox/cls/globalSearch5353.html]
[class.foxconnect.kr/fox/cls/globalSearch349f.html]
[class.foxconnect.kr/fox/cls/globalSearch0d48.html]
[class.foxconnect.kr/fox/cls/globalSearchd9e3.html]
[class.foxconnect.kr/fox/cls/globalSearch7f00.html]
[class.foxconnect.kr/fox/cls/globalSearch7f41.html]
[class.foxconnect.kr/fox/cls/globalSearch3a20.html]
[class.foxconnect.kr/fox/cls/clsView0423.html]
[class.foxconnect.kr/contents/CLASS/THUMB/20240808/20240808102424778_thumb_1920x1080.jpg]
[class.foxconnect.kr/fox/cls/clsView02f4.html]
[class.foxconnect.kr/contents/CLASS/THUMB/20240808/20240808103352977_thumb_1920x1080.jpg]
[class.foxconnect.kr/fox/cls/clsViewea93.html]
[class.foxconnect.kr/contents/CLASS/THUMB/20240808/20240808104726681_thumb_1920x1080.jpg]
[class.foxconnect.kr/fox/cls/clsView2571.html]
[class.foxconnect.kr/contents/CLASS/THUMB/20240808/20240808111842445_thumb_1920x1080.jpg]
[class.foxconnect.kr/fox/cls/clsViewa1cb.html]
[class.foxconnect.kr/contents/CLASS/THUMB/20250110/20250110125925122_thumb_1920x1080.jpg]
[class.foxconnect.kr/fox/cls/clsViewac5d.html]
[class.foxconnect.kr/contents/CLASS/THUMB/20250110/20250110010426496_thumb_1920x1080.jpg]
[class.foxconnect.kr/fox/cls/clsView8bb1.html]
[class.foxconnect.kr/contents/CLASS/THUMB/20250110/20250110015044287_thumb_1920x1080.jpg]
[class.foxconnect.kr/fox/cls/clsViewb662.html]
[class.foxconnect.kr/contents/CLASS/THUMB/20250114/20250114032039384_thumb_1920x1080.jpg]
[class.foxconnect.kr/fox/cls/clsViewad59.html]
[class.foxconnect.kr/contents/CLASS/THUMB/20250114/20250114034757897_thumb_1920x1080.jpg]
[class.foxconnect.kr/fox/cls/clsView0d02.html]
[class.foxconnect.kr/contents/CLASS/THUMB/20250114/20250114034912233_thumb_1920x1080.jpg]
[class.foxconnect.kr/fox/cls/clsView4cf9.html]
[class.foxconnect.kr/contents/CLASS/THUMB/20250114/20250114042137709_thumb_1920x1080.jpg]
[class.foxconnect.kr/fox/cls/clsView6865.html]
[class.foxconnect.kr/contents/CLASS/THUMB/20250114/20250114042258232_thumb_1920x1080.jpg]
[class.foxconnect.kr/fox/cls/clsView6e9b.html]
[class.foxconnect.kr/contents/CLASS/THUMB/20250114/20250114043045453_thumb_1920x1080.jpg]
[class.foxconnect.kr/fox/cls/clsView935c.html]
[class.foxconnect.kr/contents/CLASS/THUMB/20250114/20250114043207478_thumb_1920x1080.jpg]
[class.foxconnect.kr/fox/cls/clsView2e13.html]
[class.foxconnect.kr/contents/CLASS/THUMB/20250114/20250114044543912_thumb_1920x1080.jpg]
[class.foxconnect.kr/fox/cls/clsViewa869.html]
[class.foxconnect.kr/contents/CLASS/THUMB/20250114/20250114044917831_thumb_1920x1080.jpg]
[class.foxconnect.kr/fox/cls/globalSearch12ba.html]
[class.foxconnect.kr/fox/cls/globalSearchcabc.html]
[class.foxconnect.kr/fox/cls/globalSearch9d54.html]
[class.foxconnect.kr/fox/cls/globalSearch8d18.html]
[class.foxconnect.kr/fox/cls/globalSearch0d27.html]
[class.foxconnect.kr/fox/cls/globalSearch455d.html]
[class.foxconnect.kr/fox/cls/globalSearchff92.html]
[class.foxconnect.kr/fox/cls/globalSearche3bc.html]
[class.foxconnect.kr/fox/cls/clsView3c77.html]
[class.foxconnect.kr/fox/cls/clsView6cc1.html]
[class.foxconnect.kr/fox/cls/clsView6f75.html]
[class.foxconnect.kr/fox/cls/clsViewa372.html]
[class.foxconnect.kr/fox/cls/clsView5f54.html]
[class.foxconnect.kr/fox/cls/clsView27af.html]
[class.foxconnect.kr/fox/cls/clsView75bc.html]
[class.foxconnect.kr/fox/cls/clsView5572.html]
[class.foxconnect.kr/fox/cls/clsView4d86.html]
[class.foxconnect.kr/fox/cls/clsViewe7c7.html]
[class.foxconnect.kr/fox/cls/clsViewa72c.html]
[class.foxconnect.kr/fox/cls/clsView57d5.html]
[class.foxconnect.kr/fox/cls/clsView7b94.html]
[class.foxconnect.kr/fox/cls/clsView6962.html]
[class.foxconnect.kr/fox/cls/clsViewe848.html]
[class.foxconnect.kr/fox/cls/clsView137e.html]
[class.foxconnect.kr/fox/cls/clsView82c7.html]
[class.foxconnect.kr/fox/cls/clsViewef20.html]
[class.foxconnect.kr/fox/cls/clsView95c7.html]
[class.foxconnect.kr/fox/cls/clsView2384.html]
[class.foxconnect.kr/fox/cls/globalSearch4585.html]
[class.foxconnect.kr/fox/cls/globalSearch3199.html]
[class.foxconnect.kr/fox/cls/globalSearchbeab.html]
[class.foxconnect.kr/fox/cls/clsView02ec.html]
[class.foxconnect.kr/contents/CLASS/THUMB/20220908/20220908104200837_thumb_1920x1080.jpg]
[class.foxconnect.kr/fox/cls/clsViewc262.html]
[class.foxconnect.kr/contents/CLASS/THUMB/20220907/20220907050156521_thumb_1920x1080.jpg]
[class.foxconnect.kr/fox/cls/clsViewde9f.html]
[class.foxconnect.kr/contents/CLASS/THUMB/20220907/20220907112257810_thumb_1920x1080.jpg]
[class.foxconnect.kr/fox/cls/clsViewd271.html]
[class.foxconnect.kr/contents/CLASS/THUMB/20220906/20220906034816487_thumb_1920x1080.jpg]
[class.foxconnect.kr/fox/cls/clsView4ce4.html]
[class.foxconnect.kr/contents/CLASS/THUMB/20220906/20220906032116268_thumb_1920x1080.jpg]
[class.foxconnect.kr/fox/cls/clsViewc68e.html]
[class.foxconnect.kr/fox/cls/globalSearchf697.html]
[class.foxconnect.kr/contents/CLASS/THUMB/20220906/20220906024838177_thumb_1920x1080.jpg]
[class.foxconnect.kr/fox/cls/clsViewbaeb.html]
[class.foxconnect.kr/contents/CLASS/THUMB/20220906/20220906020901369_thumb_1920x1080.jpg]
[class.foxconnect.kr/fox/cls/clsView2cf7.html]
[class.foxconnect.kr/contents/CLASS/THUMB/20220906/20220906020132011_thumb_1920x1080.jpg]
[class.foxconnect.kr/fox/cls/clsView5d62.html]
[class.foxconnect.kr/contents/CLASS/THUMB/20220906/20220906015823254_thumb_1920x1080.jpg]
[class.foxconnect.kr/fox/cls/clsView6620.html]
[class.foxconnect.kr/contents/CLASS/THUMB/20220906/20220906015432036_thumb_1920x1080.jpg]
[class.foxconnect.kr/fox/cls/clsView87e4.html]
[class.foxconnect.kr/contents/CLASS/THUMB/20220906/20220906013656442_thumb_1920x1080.jpg]
[class.foxconnect.kr/fox/cls/clsView3d9b.html]
[class.foxconnect.kr/contents/CLASS/THUMB/20220906/20220906014612956_thumb_1920x1080.jpg]
[class.foxconnect.kr/fox/cls/clsView2e8d.html]
[class.foxconnect.kr/contents/CLASS/THUMB/20220906/20220906012043257_thumb_1920x1080.jpg]
[class.foxconnect.kr/fox/cls/clsView73c6.html]
[class.foxconnect.kr/contents/CLASS/THUMB/20220906/20220906124929786_thumb_1920x1080.jpg]
[class.foxconnect.kr/fox/cls/clsView4804.html]
[class.foxconnect.kr/contents/CLASS/THUMB/20220906/20220906123519741_thumb_1920x1080.jpg]
[class.foxconnect.kr/fox/cls/clsView1897.html]
[class.foxconnect.kr/contents/CLASS/THUMB/20220906/20220906122715097_thumb_1920x1080.jpg]
[class.foxconnect.kr/fox/cls/clsViewa2b8.html]
[class.foxconnect.kr/contents/CLASS/THUMB/20220905/20220905054330904_thumb_1920x1080.jpg]
[class.foxconnect.kr/fox/cls/clsView95a0-2.html]
[class.foxconnect.kr/contents/CLASS/THUMB/20220905/20220905052828749_thumb_1920x1080.jpg]
[class.foxconnect.kr/fox/cls/clsViewb46e.html]
[class.foxconnect.kr/contents/CLASS/THUMB/20220905/20220905042050501_thumb_1920x1080.jpg]
[class.foxconnect.kr/fox/cls/clsViewbc4e.html]
[class.foxconnect.kr/contents/CLASS/THUMB/20220905/20220905035403554_thumb_1920x1080.jpg]
[class.foxconnect.kr/fox/cls/clsViewb301.html]
[class.foxconnect.kr/contents/CLASS/THUMB/20220902/20220902043605322_thumb_1920x1080.jpg]
[class.foxconnect.kr/fox/cls/clsView20ed.html]
[class.foxconnect.kr/contents/CLASS/THUMB/20220902/20220902042143235_thumb_1920x1080.jpg]
[class.foxconnect.kr/fox/cls/clsView231e.html]
[class.foxconnect.kr/contents/CLASS/THUMB/20220902/20220902041506391_thumb_1920x1080.jpg]
[class.foxconnect.kr/fox/cls/clsView1747.html]
[class.foxconnect.kr/contents/CLASS/THUMB/20220902/20220902040619962_thumb_1920x1080.jpg]
[class.foxconnect.kr/fox/cls/clsView6435.html]
[class.foxconnect.kr/contents/CLASS/THUMB/20220902/20220902032957080_thumb_1920x1080.jpg]
[class.foxconnect.kr/fox/cls/clsViewfa13.html]
[class.foxconnect.kr/fox/cls/globalSearchc678.html]
[class.foxconnect.kr/contents/CLASS/THUMB/20220902/20220902031642613_thumb_1920x1080.jpg]
[class.foxconnect.kr/fox/cls/clsView19c9.html]
[class.foxconnect.kr/contents/CLASS/THUMB/20220902/20220902114720698_thumb_1920x1080.jpg]
[class.foxconnect.kr/fox/cls/clsView6851.html]
[class.foxconnect.kr/contents/CLASS/THUMB/20220902/20220902114204651_thumb_1920x1080.jpg]
[class.foxconnect.kr/fox/cls/clsView0a37.html]
[class.foxconnect.kr/contents/CLASS/THUMB/20220902/20220902113438183_thumb_1920x1080.jpg]
[class.foxconnect.kr/fox/cls/clsView377a.html]
[class.foxconnect.kr/contents/CLASS/THUMB/20220902/20220902112922646_thumb_1920x1080.jpg]
[class.foxconnect.kr/fox/cls/clsViewfea3.html]
[class.foxconnect.kr/contents/CLASS/THUMB/20220902/20220902112030684_thumb_1920x1080.jpg]
[class.foxconnect.kr/fox/cls/clsView9653.html]
[class.foxconnect.kr/contents/CLASS/THUMB/20220902/20220902110011831_thumb_1920x1080.jpg]
[class.foxconnect.kr/fox/cls/clsViewa895.html]
[class.foxconnect.kr/contents/CLASS/THUMB/20220902/20220902105157341_thumb_1920x1080.jpg]
[class.foxconnect.kr/fox/cls/clsView1bfd.html]
[class.foxconnect.kr/contents/CLASS/THUMB/20220902/20220902102447516_thumb_1920x1080.jpg]
[class.foxconnect.kr/fox/cls/clsViewf753.html]
[class.foxconnect.kr/contents/CLASS/THUMB/20220902/20220902100519801_thumb_1920x1080.jpg]
[class.foxconnect.kr/fox/cls/clsViewf014.html]
[class.foxconnect.kr/contents/CLASS/THUMB/20220902/20220902094552138_thumb_1920x1080.jpg]
[class.foxconnect.kr/fox/cls/clsView5906.html]
[class.foxconnect.kr/contents/CLASS/THUMB/20220901/20220901045246872_thumb_1920x1080.jpg]
[class.foxconnect.kr/fox/cls/clsView907e.html]
[class.foxconnect.kr/contents/CLASS/THUMB/20220901/20220901011654961_thumb_1920x1080.jpg]
[class.foxconnect.kr/fox/cls/clsView9529.html]
[class.foxconnect.kr/contents/CLASS/THUMB/20220831/20220831042004314_thumb_1920x1080.jpg]
[class.foxconnect.kr/fox/cls/clsViewe807.html]
[class.foxconnect.kr/contents/CLASS/THUMB/20220830/20220830055546378_thumb_1920x1080.jpg]
[class.foxconnect.kr/fox/cls/clsView73e8.html]
[class.foxconnect.kr/contents/CLASS/THUMB/20220830/20220830054229909_thumb_1920x1080.jpg]
[class.foxconnect.kr/fox/cls/clsView612c.html]
[class.foxconnect.kr/contents/CLASS/THUMB/20220830/20220830051512062_thumb_1920x1080.jpg]
[class.foxconnect.kr/fox/cls/clsViewb476.html]
[class.foxconnect.kr/contents/CLASS/THUMB/20220830/20220830050019426_thumb_1920x1080.jpg]
[class.foxconnect.kr/fox/cls/clsView2374.html]
[class.foxconnect.kr/contents/CLASS/THUMB/20220830/20220830044349022_thumb_1920x1080.jpg]
[class.foxconnect.kr/fox/cls/clsViewefb4.html]
[class.foxconnect.kr/contents/CLASS/THUMB/20220829/20220829025955737_thumb_1920x1080.jpg]
[class.foxconnect.kr/fox/cls/clsView6e55.html]
[class.foxconnect.kr/fox/cls/globalSearch534a.html]
[class.foxconnect.kr/contents/CLASS/THUMB/20220829/20220829014340104_thumb_1920x1080.jpg]
[class.foxconnect.kr/fox/cls/clsView138c.html]
[class.foxconnect.kr/contents/CLASS/THUMB/20220829/20220829124719242_thumb_1920x1080.jpg]
[class.foxconnect.kr/fox/cls/clsView2662.html]
[class.foxconnect.kr/contents/CLASS/THUMB/20220824/20220824013516316_thumb_1920x1080.jpg]
[class.foxconnect.kr/fox/cls/clsView3f8b.html]
[class.foxconnect.kr/contents/CLASS/THUMB/20220824/20220824111508257_thumb_1920x1080.jpg]
[class.foxconnect.kr/fox/cls/clsView4bc5.html]
[class.foxconnect.kr/contents/CLASS/THUMB/20230605/20230605104511923_thumb_1920x1080.jpg]
[class.foxconnect.kr/fox/cls/clsViewf44c.html]
[class.foxconnect.kr/contents/CLASS/THUMB/20230419/20230419053017638_thumb_1920x1080.jpg]
[class.foxconnect.kr/fox/cls/clsView353c.html]
[class.foxconnect.kr/contents/CLASS/THUMB/20230419/20230419050542589_thumb_1920x1080.jpg]
[class.foxconnect.kr/fox/cls/clsViewc692.html]
[class.foxconnect.kr/contents/CLASS/THUMB/20230419/20230419044911487_thumb_1920x1080.jpg]
[class.foxconnect.kr/fox/cls/clsViewdbe6-2.html]
[class.foxconnect.kr/contents/CLASS/THUMB/20230419/20230419043700039_thumb_1920x1080.jpg]
[class.foxconnect.kr/fox/cls/clsView1279.html]
[class.foxconnect.kr/contents/CLASS/THUMB/20230418/20230418042006035_thumb_1920x1080.jpg]
[class.foxconnect.kr/fox/cls/clsView3ee5.html]
[class.foxconnect.kr/contents/CLASS/THUMB/20230314/20230314091444833_thumb_1920x1080.jpg]
[class.foxconnect.kr/fox/cls/clsViewe020.html]
[class.foxconnect.kr/contents/CLASS/THUMB/20230313/20230313053920499_thumb_1920x1080.jpg]
[class.foxconnect.kr/fox/cls/clsVieweef9.html]
[class.foxconnect.kr/contents/CLASS/THUMB/20230313/20230313053010709_thumb_1920x1080.jpg]
[class.foxconnect.kr/fox/cls/clsViewf62a.html]
[class.foxconnect.kr/contents/CLASS/THUMB/20221005/20221005093433329_thumb_1920x1080.jpg]
[class.foxconnect.kr/fox/cls/clsView3f23.html]
[class.foxconnect.kr/contents/CLASS/THUMB/20220929/20220929012705596_thumb_1920x1080.jpg]
[class.foxconnect.kr/fox/cls/clsViewb4d4.html]
[class.foxconnect.kr/contents/CLASS/THUMB/20220928/20220928102041838_thumb_1920x1080.jpg]
[class.foxconnect.kr/fox/cls/clsViewd688.html]
[class.foxconnect.kr/contents/CLASS/THUMB/20220928/20220928100138589_thumb_1920x1080.jpg]
[class.foxconnect.kr/fox/cls/clsView392a.html]
[class.foxconnect.kr/contents/CLASS/THUMB/20220829/20220829105710678_thumb_1920x1080.jpg]
[class.foxconnect.kr/fox/cls/clsView0b0a.html]
[class.foxconnect.kr/contents/CLASS/THUMB/20220829/20220829104501607_thumb_1920x1080.jpg]
[class.foxconnect.kr/fox/cls/clsView9ccf.html]
[class.foxconnect.kr/contents/CLASS/THUMB/20220829/20220829103152851_thumb_1920x1080.jpg]
[class.foxconnect.kr/fox/cls/clsViewcb32.html]
[class.foxconnect.kr/contents/CLASS/THUMB/20220829/20220829100912776_thumb_1920x1080.jpg]
[class.foxconnect.kr/fox/cls/globalSearcha9ec.html]
[class.foxconnect.kr/fox/cls/clsView9cbd.html]
[class.foxconnect.kr/contents/CLASS/THUMB/20220829/20220829100223109_thumb_1920x1080.jpg]
[class.foxconnect.kr/fox/cls/clsViewc218.html]
[class.foxconnect.kr/contents/CLASS/THUMB/20220829/20220829095354621_thumb_1920x1080.jpg]
[class.foxconnect.kr/fox/cls/clsViewa9ee.html]
[class.foxconnect.kr/contents/CLASS/THUMB/20220826/20220826052431090_thumb_1920x1080.jpg]
[class.foxconnect.kr/fox/cls/clsView4bf4.html]
[class.foxconnect.kr/contents/CLASS/THUMB/20220826/20220826051209122_thumb_1920x1080.jpg]
[class.foxconnect.kr/fox/cls/clsView4f2b.html]
[class.foxconnect.kr/contents/CLASS/THUMB/20220826/20220826045744079_thumb_1920x1080.jpg]
[class.foxconnect.kr/fox/cls/clsView9b8c.html]
[class.foxconnect.kr/contents/CLASS/THUMB/20220826/20220826033219105_thumb_1920x1080.jpg]
[class.foxconnect.kr/fox/cls/clsViewb37b.html]
[class.foxconnect.kr/contents/CLASS/THUMB/20220826/20220826031454719_thumb_1920x1080.jpg]
[class.foxconnect.kr/fox/cls/clsViewd249.html]
[class.foxconnect.kr/contents/CLASS/THUMB/20220826/20220826025456758_thumb_1920x1080.jpg]
[class.foxconnect.kr/fox/cls/clsView38e9.html]
[class.foxconnect.kr/contents/CLASS/THUMB/20220826/20220826020832482_thumb_1920x1080.jpg]
[class.foxconnect.kr/fox/cls/clsView6494.html]
[class.foxconnect.kr/contents/CLASS/THUMB/20230419/20230419091618030_thumb_1920x1080.jpg]
[class.foxconnect.kr/fox/cls/clsView103c.html]
[class.foxconnect.kr/contents/CLASS/THUMB/20221013/20221013091718070_thumb_1920x1080.jpg]
[class.foxconnect.kr/fox/cls/clsView825e.html]
[class.foxconnect.kr/contents/CLASS/THUMB/20220913/20220913052735488_thumb_1920x1080.jpg]
[class.foxconnect.kr/fox/cls/clsView57d7.html]
[class.foxconnect.kr/contents/CLASS/THUMB/20220913/20220913052025274_thumb_1920x1080.jpg]
[class.foxconnect.kr/fox/cls/clsView386f.html]
[class.foxconnect.kr/contents/CLASS/THUMB/20220913/20220913051015188_thumb_1920x1080.jpg]
[class.foxconnect.kr/fox/cls/clsView5f9a.html]
[class.foxconnect.kr/contents/CLASS/THUMB/20220913/20220913050430858_thumb_1920x1080.jpg]
[class.foxconnect.kr/fox/cls/clsViewa6b7.html]
[class.foxconnect.kr/contents/CLASS/THUMB/20220913/20220913045139159_thumb_1920x1080.jpg]
[class.foxconnect.kr/fox/cls/clsView469b.html]
[class.foxconnect.kr/contents/CLASS/THUMB/20220913/20220913044708427_thumb_1920x1080.jpg]
[class.foxconnect.kr/fox/cls/clsView91e9.html]
[class.foxconnect.kr/contents/CLASS/THUMB/20220913/20220913042219975_thumb_1920x1080.jpg]
[class.foxconnect.kr/fox/cls/clsViewb2dd.html]
[class.foxconnect.kr/contents/CLASS/THUMB/20220913/20220913041502063_thumb_1920x1080.jpg]
[class.foxconnect.kr/fox/cls/clsViewf896.html]
[class.foxconnect.kr/fox/cls/globalSearch4929.html]
[class.foxconnect.kr/contents/CLASS/THUMB/20220913/20220913040259828_thumb_1920x1080.jpg]
[class.foxconnect.kr/fox/cls/clsView2754.html]
[class.foxconnect.kr/contents/CLASS/THUMB/20220913/20220913035719642_thumb_1920x1080.jpg]
[class.foxconnect.kr/fox/cls/clsView34d7.html]
[class.foxconnect.kr/contents/CLASS/THUMB/20220913/20220913034725719_thumb_1920x1080.jpg]
[class.foxconnect.kr/fox/cls/clsView6ff9.html]
[class.foxconnect.kr/contents/CLASS/THUMB/20220913/20220913033808116_thumb_1920x1080.jpg]
[class.foxconnect.kr/fox/cls/clsView20c6.html]
[class.foxconnect.kr/contents/CLASS/THUMB/20220913/20220913031343935_thumb_1920x1080.jpg]
[class.foxconnect.kr/fox/cls/clsViewff41.html]
[class.foxconnect.kr/contents/CLASS/THUMB/20220913/20220913022353299_thumb_1920x1080.jpg]
[class.foxconnect.kr/fox/cls/clsViewe6dc.html]
[class.foxconnect.kr/contents/CLASS/THUMB/20220908/20220908102426651_thumb_1920x1080.jpg]
[class.foxconnect.kr/fox/cls/clsView0054.html]
[class.foxconnect.kr/contents/CLASS/THUMB/20220826/20220826042750462_thumb_1920x1080.jpg]
[class.foxconnect.kr/fox/cls/globalSearche2cf.html]
[class.foxconnect.kr/fox/cls/clsView15e0.html]
[class.foxconnect.kr/fox/cls/clsView294c.html]
[class.foxconnect.kr/fox/cls/clsViewbfa5.html]
[class.foxconnect.kr/fox/cls/clsView8a8b.html]
[class.foxconnect.kr/fox/cls/clsView3e76.html]
[class.foxconnect.kr/fox/cls/clsViewfc0f.html]
[class.foxconnect.kr/fox/cls/clsViewc03e.html]
[class.foxconnect.kr/fox/cls/clsView9c50.html]
[class.foxconnect.kr/fox/cls/clsView1cf4.html]
[class.foxconnect.kr/fox/cls/clsViewb52a.html]
[class.foxconnect.kr/fox/cls/clsView285f.html]
[class.foxconnect.kr/fox/cls/clsViewed42.html]
[class.foxconnect.kr/fox/cls/clsView365d.html]
[class.foxconnect.kr/fox/cls/clsViewf8fe.html]
[class.foxconnect.kr/fox/cls/clsViewa811.html]
[class.foxconnect.kr/fox/cls/clsViewcb12.html]
[class.foxconnect.kr/fox/cls/clsView5d5e.html]
[class.foxconnect.kr/fox/cls/clsViewe501.html]
[class.foxconnect.kr/fox/cls/clsViewc387.html]
[class.foxconnect.kr/fox/cls/globalSearch6d50.html]
[class.foxconnect.kr/fox/cls/clsView3709.html]
[class.foxconnect.kr/contents/CLASS/THUMB/20230710/20230710014152579_thumb_1920x1080.jpg]
[class.foxconnect.kr/fox/cls/clsView9992.html]
[class.foxconnect.kr/contents/CLASS/THUMB/20230710/20230710014111037_thumb_1920x1080.jpg]
[class.foxconnect.kr/fox/cls/clsView7cfb.html]
[class.foxconnect.kr/contents/CLASS/THUMB/20230710/20230710013338477_thumb_1920x1080.jpg]
[class.foxconnect.kr/fox/cls/clsView9524.html]
[class.foxconnect.kr/contents/CLASS/THUMB/20230710/20230710013007861_thumb_1920x1080.jpg]
[class.foxconnect.kr/fox/cls/clsView205a.html]
[class.foxconnect.kr/contents/CLASS/THUMB/20230710/20230710012626356_thumb_1920x1080.jpg]
[class.foxconnect.kr/fox/cls/clsView7bf6.html]
[class.foxconnect.kr/contents/CLASS/THUMB/20221017/20221017030804078_thumb_1920x1080.jpg]
[class.foxconnect.kr/fox/cls/clsView7e68.html]
[class.foxconnect.kr/contents/CLASS/THUMB/20220905/20220905041151729_thumb_1920x1080.jpg]
[class.foxconnect.kr/fox/cls/clsView1377.html]
[class.foxconnect.kr/contents/CLASS/THUMB/20230710/20230710012343406_thumb_1920x1080.jpg]
[class.foxconnect.kr/fox/cls/clsView82d5.html]
[class.foxconnect.kr/contents/CLASS/THUMB/20240224/20240224085707358_thumb_1920x1080.jpg]
[class.foxconnect.kr/fox/cls/clsViewf6dc.html]
[class.foxconnect.kr/contents/CLASS/THUMB/20230710/20230710012100011_thumb_1920x1080.jpg]
[class.foxconnect.kr/fox/cls/clsViewacc0.html]
[class.foxconnect.kr/contents/CLASS/THUMB/20240222/20240222112809469_thumb_1920x1080.jpg]
[class.foxconnect.kr/fox/cls/clsViewbab8.html]
[class.foxconnect.kr/contents/CLASS/THUMB/20230710/20230710011526735_thumb_1920x1080.jpg]
[class.foxconnect.kr/fox/cls/clsViewf82e.html]
[class.foxconnect.kr/contents/CLASS/THUMB/20240221/20240221105620615_thumb_1920x1080.jpg]
[class.foxconnect.kr/fox/cls/clsView3313.html]
[class.foxconnect.kr/contents/CLASS/THUMB/20230710/20230710010838643_thumb_1920x1080.jpg]
[class.foxconnect.kr/fox/cls/clsViewc62b.html]
[class.foxconnect.kr/fox/cls/globalSearchdd40.html]
[class.foxconnect.kr/contents/CLASS/THUMB/20240221/20240221104017423_thumb_1920x1080.jpg]
[class.foxconnect.kr/fox/cls/clsViewfaed.html]
[class.foxconnect.kr/contents/CLASS/THUMB/20230710/20230710115615905_thumb_1920x1080.jpg]
[class.foxconnect.kr/fox/cls/clsViewb0aa.html]
[class.foxconnect.kr/contents/CLASS/THUMB/20240221/20240221121956070_thumb_1920x1080.jpg]
[class.foxconnect.kr/fox/cls/clsView8d5d.html]
[class.foxconnect.kr/contents/CLASS/THUMB/20230710/20230710115301166_thumb_1920x1080.jpg]
[class.foxconnect.kr/fox/cls/clsView622c.html]
[class.foxconnect.kr/contents/CLASS/THUMB/20240220/20240220030133206_thumb_1920x1080.jpg]
[class.foxconnect.kr/fox/cls/clsView163b.html]
[class.foxconnect.kr/contents/CLASS/THUMB/20230710/20230710114740276_thumb_1920x1080.jpg]
[class.foxconnect.kr/fox/cls/clsView6f20.html]
[class.foxconnect.kr/contents/CLASS/THUMB/20240220/20240220122856716_thumb_1920x1080.jpg]
[class.foxconnect.kr/fox/cls/clsView88f7.html]
[class.foxconnect.kr/contents/CLASS/THUMB/20230710/20230710114412342_thumb_1920x1080.jpg]
[class.foxconnect.kr/fox/cls/clsView3405.html]
[class.foxconnect.kr/contents/CLASS/THUMB/20240218/20240218014224443_thumb_1920x1080.jpg]
[class.foxconnect.kr/fox/cls/clsViewe1c9.html]
[class.foxconnect.kr/contents/CLASS/THUMB/20240214/20240214105005268_thumb_1920x1080.jpg]
[class.foxconnect.kr/fox/cls/clsViewbb69.html]
[class.foxconnect.kr/contents/CLASS/THUMB/20230710/20230710114011344_thumb_1920x1080.jpg]
[class.foxconnect.kr/fox/cls/clsView365e.html]
[class.foxconnect.kr/contents/CLASS/THUMB/20250114/20250114112618507_thumb_1920x1080.jpg]
[class.foxconnect.kr/fox/cls/clsView9b70.html]
[class.foxconnect.kr/contents/CLASS/THUMB/20250114/20250114112814152_thumb_1920x1080.jpg]
[class.foxconnect.kr/fox/cls/clsViewfab3.html]
[class.foxconnect.kr/contents/CLASS/THUMB/20250114/20250114112900739_thumb_1920x1080.jpg]
[class.foxconnect.kr/fox/cls/clsView8194.html]
[class.foxconnect.kr/contents/CLASS/THUMB/20250114/20250114124700254_thumb_1920x1080.jpg]
[class.foxconnect.kr/fox/cls/clsViewe38f.html]
[class.foxconnect.kr/contents/CLASS/THUMB/20250114/20250114124814364_thumb_1920x1080.jpg]
[class.foxconnect.kr/fox/cls/clsViewb291.html]
[class.foxconnect.kr/contents/CLASS/THUMB/20250114/20250114124910084_thumb_1920x1080.jpg]
[class.foxconnect.kr/fox/cls/clsView1ab8.html]
[class.foxconnect.kr/contents/CLASS/THUMB/20250114/20250114124955382_thumb_1920x1080.jpg]
[class.foxconnect.kr/fox/cls/clsViewd410.html]
[class.foxconnect.kr/contents/CLASS/THUMB/20250114/20250114125039999_thumb_1920x1080.jpg]
[class.foxconnect.kr/fox/cls/clsView9bfd.html]
[class.foxconnect.kr/contents/CLASS/THUMB/20250114/20250114125123641_thumb_1920x1080.jpg]
[class.foxconnect.kr/fox/cls/clsViewf92e.html]
[class.foxconnect.kr/fox/cls/globalSearch6ad8.html]
[class.foxconnect.kr/contents/CLASS/THUMB/20250114/20250114125205524_thumb_1920x1080.jpg]
[class.foxconnect.kr/fox/cls/clsView7b14.html]
[class.foxconnect.kr/contents/CLASS/THUMB/20250114/20250114125258784_thumb_1920x1080.jpg]
[class.foxconnect.kr/fox/cls/clsViewe1f8.html]
[class.foxconnect.kr/contents/CLASS/THUMB/20221017/20221017035109887_thumb_1920x1080.jpg]
[class.foxconnect.kr/fox/cls/clsView99bb.html]
[class.foxconnect.kr/contents/CLASS/THUMB/20240527/20240527015843855_thumb_1920x1080.jpg]
[class.foxconnect.kr/fox/cls/clsView6b95.html]
[class.foxconnect.kr/contents/CLASS/THUMB/20240527/20240527023516696_thumb_1920x1080.jpg]
[class.foxconnect.kr/fox/cls/clsViewdfcc.html]
[class.foxconnect.kr/contents/CLASS/THUMB/20240527/20240527024305735_thumb_1920x1080.jpg]
[class.foxconnect.kr/fox/cls/clsViewb0f2.html]
[class.foxconnect.kr/contents/CLASS/THUMB/20240527/20240527033550311_thumb_1920x1080.jpg]
[class.foxconnect.kr/fox/cls/clsView321b.html]
[class.foxconnect.kr/contents/CLASS/THUMB/20240527/20240527033733962_thumb_1920x1080.jpg]
[class.foxconnect.kr/fox/cls/clsView0a66.html]
[class.foxconnect.kr/contents/CLASS/THUMB/20240119/20240119123128741_thumb_1920x1080.jpg]
[class.foxconnect.kr/fox/cls/clsView517d.html]
[class.foxconnect.kr/contents/CLASS/THUMB/20240527/20240527034147916_thumb_1920x1080.jpg]
[class.foxconnect.kr/fox/cls/clsView7bc9.html]
[class.foxconnect.kr/contents/CLASS/THUMB/20240119/20240119123155693_thumb_1920x1080.jpg]
[class.foxconnect.kr/fox/cls/clsView1b99.html]
[class.foxconnect.kr/contents/CLASS/THUMB/20240527/20240527034320436_thumb_1920x1080.jpg]
[class.foxconnect.kr/fox/cls/clsView117b.html]
[class.foxconnect.kr/contents/CLASS/THUMB/20240119/20240119123143542_thumb_1920x1080.jpg]
[class.foxconnect.kr/fox/cls/clsViewa9c7.html]
[class.foxconnect.kr/contents/CLASS/THUMB/20240527/20240527034632547_thumb_1920x1080.jpg]
[class.foxconnect.kr/fox/cls/clsViewa700.html]
[class.foxconnect.kr/contents/CLASS/THUMB/20240119/20240119123409214_thumb_1920x1080.jpg]
[class.foxconnect.kr/fox/cls/clsView9fd5.html]
[class.foxconnect.kr/contents/CLASS/THUMB/20240527/20240527040043154_thumb_1920x1080.jpg]
[class.foxconnect.kr/fox/cls/clsView5a8f.html]
[class.foxconnect.kr/contents/CLASS/THUMB/20240527/20240527040535496_thumb_1920x1080.jpg]
[class.foxconnect.kr/fox/cls/clsView631d.html]
[class.foxconnect.kr/contents/CLASS/THUMB/20240527/20240527040746636_thumb_1920x1080.jpg]
[class.foxconnect.kr/fox/cls/clsView2c70.html]
[class.foxconnect.kr/contents/CLASS/THUMB/20240527/20240527040927648_thumb_1920x1080.jpg]
[class.foxconnect.kr/fox/cls/clsViewf396.html]
[class.foxconnect.kr/contents/CLASS/THUMB/20240527/20240527041116256_thumb_1920x1080.jpg]
[class.foxconnect.kr/fox/cls/clsView01ed.html]
[class.foxconnect.kr/fox/cls/globalSearchb020.html]
[class.foxconnect.kr/contents/CLASS/THUMB/20240527/20240527041240534_thumb_1920x1080.jpg]
[class.foxconnect.kr/fox/cls/clsView8813.html]
[class.foxconnect.kr/contents/CLASS/THUMB/20240527/20240527041404887_thumb_1920x1080.jpg]
[class.foxconnect.kr/fox/cls/clsViewe794.html]
[class.foxconnect.kr/contents/CLASS/THUMB/20240527/20240527041523913_thumb_1920x1080.jpg]
[class.foxconnect.kr/fox/cls/clsView9878.html]
[class.foxconnect.kr/contents/CLASS/THUMB/20240527/20240527041656229_thumb_1920x1080.jpg]
[class.foxconnect.kr/fox/cls/clsView1e51.html]
[class.foxconnect.kr/contents/CLASS/THUMB/20231212/20231212073816000_thumb_1920x1080.jpg]
[class.foxconnect.kr/fox/cls/clsView4aba.html]
[class.foxconnect.kr/contents/CLASS/THUMB/20240527/20240527041822806_thumb_1920x1080.jpg]
[class.foxconnect.kr/fox/cls/clsViewbe94.html]
[class.foxconnect.kr/contents/CLASS/THUMB/20231212/20231212073837423_thumb_1920x1080.jpg]
[class.foxconnect.kr/fox/cls/clsView1756.html]
[class.foxconnect.kr/fox/cls/globalSearch16f7.html]
[class.foxconnect.kr/contents/CLASS/THUMB/20240527/20240527042938626_thumb_1920x1080.jpg]
[class.foxconnect.kr/fox/cls/clsView619e.html]
[class.foxconnect.kr/fox/cls/clsView7346.html]
[class.foxconnect.kr/fox/cls/clsViewddfa.html]
[class.foxconnect.kr/fox/cls/clsViewf8cb.html]
[class.foxconnect.kr/fox/cls/clsView1be3.html]
[class.foxconnect.kr/fox/cls/clsView4861.html]
[class.foxconnect.kr/fox/cls/clsView32de.html]
[class.foxconnect.kr/fox/cls/clsView6d7d.html]
[class.foxconnect.kr/fox/cls/clsViewb6f4.html]
[class.foxconnect.kr/fox/cls/clsView212e.html]
[class.foxconnect.kr/fox/cls/clsView0a59.html]
[class.foxconnect.kr/fox/cls/clsView1d96.html]
[class.foxconnect.kr/fox/cls/clsView4e67.html]
[class.foxconnect.kr/fox/cls/clsViewd06a.html]
[class.foxconnect.kr/fox/cls/clsViewc1f8.html]
[class.foxconnect.kr/fox/cls/clsViewe0e5.html]
[class.foxconnect.kr/fox/cls/clsView1039.html]
[class.foxconnect.kr/fox/cls/clsView528a.html]
[class.foxconnect.kr/fox/cls/clsView56ee.html]
[class.foxconnect.kr/fox/cls/globalSearch5250.html]
[class.foxconnect.kr/fox/cls/clsView7582.html]
[class.foxconnect.kr/contents/CLASS/THUMB/20220907/20220907113532079_thumb_1920x1080.jpg]
[class.foxconnect.kr/fox/cls/clsView69e0.html]
[class.foxconnect.kr/contents/CLASS/THUMB/20220906/20220906053701138_thumb_1920x1080.jpg]
[class.foxconnect.kr/fox/cls/clsView411b.html]
[class.foxconnect.kr/contents/CLASS/THUMB/20220906/20220906045425410_thumb_1920x1080.jpg]
[class.foxconnect.kr/fox/cls/clsViewb451.html]
[class.foxconnect.kr/contents/CLASS/THUMB/20220906/20220906042900403_thumb_1920x1080.jpg]
[class.foxconnect.kr/fox/cls/clsViewdce7.html]
[class.foxconnect.kr/contents/CLASS/THUMB/20220906/20220906041419083_thumb_1920x1080.jpg]
[class.foxconnect.kr/fox/cls/clsView3baf.html]
[class.foxconnect.kr/contents/CLASS/THUMB/20220906/20220906022858479_thumb_1920x1080.jpg]
[class.foxconnect.kr/fox/cls/clsView2fd6.html]
[class.foxconnect.kr/contents/CLASS/THUMB/20220906/20220906021413053_thumb_1920x1080.jpg]
[class.foxconnect.kr/fox/cls/clsView0776.html]
[class.foxconnect.kr/contents/CLASS/THUMB/20220906/20220906015817227_thumb_1920x1080.jpg]
[class.foxconnect.kr/fox/cls/clsView5d76.html]
[class.foxconnect.kr/contents/CLASS/THUMB/20220906/20220906014854400_thumb_1920x1080.jpg]
[class.foxconnect.kr/fox/cls/clsView99e0.html]
[class.foxconnect.kr/contents/CLASS/THUMB/20220906/20220906013644378_thumb_1920x1080.jpg]
[class.foxconnect.kr/fox/cls/clsView3747.html]
[class.foxconnect.kr/contents/CLASS/THUMB/20220905/20220905053246284_thumb_1920x1080.jpg]
[class.foxconnect.kr/fox/cls/clsViewa74d.html]
[class.foxconnect.kr/contents/CLASS/THUMB/20220905/20220905044807267_thumb_1920x1080.jpg]
[class.foxconnect.kr/fox/cls/clsViewa188.html]
[class.foxconnect.kr/contents/CLASS/THUMB/20220905/20220905111149843_thumb_1920x1080.jpg]
[class.foxconnect.kr/fox/cls/clsViewb0c7.html]
[class.foxconnect.kr/contents/CLASS/THUMB/20220905/20220905105441525_thumb_1920x1080.jpg]
[class.foxconnect.kr/fox/cls/clsView27dd.html]
[class.foxconnect.kr/contents/CLASS/THUMB/20220905/20220905103209210_thumb_1920x1080.jpg]
[class.foxconnect.kr/fox/cls/clsView29e8.html]
[class.foxconnect.kr/contents/CLASS/THUMB/20220905/20220905091124293_thumb_1920x1080.jpg]
[class.foxconnect.kr/fox/cls/clsView30e1.html]
[class.foxconnect.kr/contents/CLASS/THUMB/20220901/20220901042934756_thumb_1920x1080.jpg]
[class.foxconnect.kr/fox/cls/clsView186d.html]
[class.foxconnect.kr/contents/CLASS/THUMB/20220901/20220901041613161_thumb_1920x1080.jpg]
[class.foxconnect.kr/fox/cls/clsViewe01d.html]
[class.foxconnect.kr/contents/CLASS/THUMB/20220901/20220901040520067_thumb_1920x1080.jpg]
[class.foxconnect.kr/fox/cls/clsViewc9b3.html]
[class.foxconnect.kr/fox/cls/globalSearch7eb9.html]
[class.foxconnect.kr/contents/CLASS/THUMB/20220901/20220901031027922_thumb_1920x1080.jpg]
[class.foxconnect.kr/fox/cls/clsView2cb4.html]
[class.foxconnect.kr/contents/CLASS/THUMB/20220901/20220901025013499_thumb_1920x1080.jpg]
[class.foxconnect.kr/fox/cls/clsView5792.html]
[class.foxconnect.kr/contents/CLASS/THUMB/20220901/20220901020222623_thumb_1920x1080.jpg]
[class.foxconnect.kr/fox/cls/clsViewc6f4.html]
[class.foxconnect.kr/contents/CLASS/THUMB/20220901/20220901015352470_thumb_1920x1080.jpg]
[class.foxconnect.kr/fox/cls/clsView7f31.html]
[class.foxconnect.kr/contents/CLASS/THUMB/20220901/20220901014129848_thumb_1920x1080.jpg]
[class.foxconnect.kr/fox/cls/clsViewfa0f.html]
[class.foxconnect.kr/contents/CLASS/THUMB/20220901/20220901095136909_thumb_1920x1080.jpg]
[class.foxconnect.kr/fox/cls/clsView1926.html]
[class.foxconnect.kr/contents/CLASS/THUMB/20220830/20220830101243825_thumb_1920x1080.jpg]
[class.foxconnect.kr/fox/cls/clsView1628.html]
[class.foxconnect.kr/contents/CLASS/THUMB/20220829/20220829055203020_thumb_1920x1080.jpg]
[class.foxconnect.kr/fox/cls/clsView216e.html]
[class.foxconnect.kr/contents/CLASS/THUMB/20220829/20220829053828411_thumb_1920x1080.jpg]
[class.foxconnect.kr/fox/cls/clsView3dd3.html]
[class.foxconnect.kr/contents/CLASS/THUMB/20220829/20220829051734626_thumb_1920x1080.jpg]
[class.foxconnect.kr/fox/cls/clsView2e77.html]
[class.foxconnect.kr/contents/CLASS/THUMB/20220829/20220829045840502_thumb_1920x1080.jpg]
[class.foxconnect.kr/fox/cls/clsViewf003.html]
[class.foxconnect.kr/contents/CLASS/THUMB/20220829/20220829012737313_thumb_1920x1080.jpg]
[class.foxconnect.kr/fox/cls/clsView87f7.html]
[class.foxconnect.kr/contents/CLASS/THUMB/20220826/20220826050922996_thumb_1920x1080.jpg]
[class.foxconnect.kr/fox/cls/clsView2b7f.html]
[class.foxconnect.kr/contents/CLASS/THUMB/20220825/20220825053738303_thumb_1920x1080.jpg]
[class.foxconnect.kr/fox/cls/clsView1dfd.html]
[class.foxconnect.kr/contents/CLASS/THUMB/20220824/20220824013215508_thumb_1920x1080.jpg]
[class.foxconnect.kr/fox/cls/clsViewed4d.html]
[class.foxconnect.kr/contents/CLASS/THUMB/20220913/20220913091806030_thumb_1920x1080.jpg]
[class.foxconnect.kr/fox/cls/clsViewfb4b.html]
[class.foxconnect.kr/contents/CLASS/THUMB/20220908/20220908111245620_thumb_1920x1080.jpg]
[class.foxconnect.kr/fox/cls/clsViewfb34.html]
[class.foxconnect.kr/contents/CLASS/THUMB/20220908/20220908110454984_thumb_1920x1080.jpg]
[class.foxconnect.kr/fox/cls/clsView9223.html]
[class.foxconnect.kr/contents/CLASS/THUMB/20220908/20220908103032549_thumb_1920x1080.jpg]
[class.foxconnect.kr/fox/cls/clsViewaf0c.html]
[class.foxconnect.kr/contents/CLASS/THUMB/20220830/20220830052950417_thumb_1920x1080.jpg]
[class.foxconnect.kr/fox/cls/globalSearchd21f.html]
[class.foxconnect.kr/fox/cls/clsViewd2b4.html]
[class.foxconnect.kr/contents/CLASS/THUMB/20220830/20220830051907392_thumb_1920x1080.jpg]
[class.foxconnect.kr/fox/cls/clsViewbff8.html]
[class.foxconnect.kr/contents/CLASS/THUMB/20220830/20220830044530385_thumb_1920x1080.jpg]
[class.foxconnect.kr/fox/cls/clsViewb9e8.html]
[class.foxconnect.kr/contents/CLASS/THUMB/20220830/20220830042844307_thumb_1920x1080.jpg]
[class.foxconnect.kr/fox/cls/clsViewb8ef.html]
[class.foxconnect.kr/contents/CLASS/THUMB/20220830/20220830041730735_thumb_1920x1080.jpg]
[class.foxconnect.kr/fox/cls/clsView57cc.html]
[class.foxconnect.kr/contents/CLASS/THUMB/20220830/20220830040517154_thumb_1920x1080.jpg]
[class.foxconnect.kr/fox/cls/clsView9c55.html]
[class.foxconnect.kr/contents/CLASS/THUMB/20220830/20220830034538718_thumb_1920x1080.jpg]
[class.foxconnect.kr/fox/cls/clsViewbbc8.html]
[class.foxconnect.kr/contents/CLASS/THUMB/20220830/20220830032921674_thumb_1920x1080.jpg]
[class.foxconnect.kr/fox/cls/clsViewcda9.html]
[class.foxconnect.kr/contents/CLASS/THUMB/20220830/20220830030255714_thumb_1920x1080.jpg]
[class.foxconnect.kr/fox/cls/clsView07e5.html]
[class.foxconnect.kr/contents/CLASS/THUMB/20220829/20220829044944515_thumb_1920x1080.jpg]
[class.foxconnect.kr/fox/cls/globalSearch5cb9.html]
[class.foxconnect.kr/fox/cls/globalSearch0379.html]
[class.foxconnect.kr/fox/cls/globalSearchb82c.html]
[class.foxconnect.kr/fox/cls/globalSearchb1f8.html]
[class.foxconnect.kr/fox/cls/clsView0082.html]
[class.foxconnect.kr/fox/cls/clsView1540.html]
[class.foxconnect.kr/fox/cls/clsViewb832.html]
[class.foxconnect.kr/fox/cls/clsView6a7c.html]
[class.foxconnect.kr/fox/cls/clsView9af5.html]
[class.foxconnect.kr/fox/cls/clsViewf694.html]
[class.foxconnect.kr/fox/cls/clsView2488.html]
[class.foxconnect.kr/fox/cls/clsView320b.html]
[class.foxconnect.kr/fox/cls/clsView524c.html]
[class.foxconnect.kr/fox/cls/clsView9f95.html]
[class.foxconnect.kr/fox/cls/globalSearch1453.html]
[class.foxconnect.kr/fox/cls/clsView5b29.html]
[class.foxconnect.kr/contents/CLASS/THUMB/20250113/20250113010521680_thumb_1920x1080.jpg]
[class.foxconnect.kr/fox/cls/clsView3c60.html]
[class.foxconnect.kr/fox/cls/clsView4300.html]
[class.foxconnect.kr/fox/cls/clsViewa2f8.html]
[class.foxconnect.kr/contents/CLASS/THUMB/20240119/20240119123348360_thumb_1920x1080.jpg]
[class.foxconnect.kr/fox/cls/clsViewb054.html]
[class.foxconnect.kr/contents/CLASS/THUMB/20240119/20240119123300071_thumb_1920x1080.jpg]
[class.foxconnect.kr/fox/cls/clsViewa3f3.html]
[class.foxconnect.kr/contents/CLASS/THUMB/20240409/20240409053118437_thumb_1920x1080.jpg]
[class.foxconnect.kr/fox/cls/clsView087d.html]
[class.foxconnect.kr/contents/CLASS/THUMB/20240119/20240119123244114_thumb_1920x1080.jpg]
[class.foxconnect.kr/fox/cls/clsView0238.html]
[class.foxconnect.kr/fox/cls/clsView0937.html]
[class.foxconnect.kr/fox/cls/globalSearch2c60.html]
[class.foxconnect.kr/fox/cls/clsListef36.html]
[class.foxconnect.kr/fox/cls/clsList8d3b.html]
[class.foxconnect.kr/fox/cls/clsList02c3.html]
[class.foxconnect.kr/fox/cls/clsList10cc.html]
[class.foxconnect.kr/fox/cls/clsList2f96.html]
[class.foxconnect.kr/fox/cls/clsList7b7e.html]
[class.foxconnect.kr/fox/cls/clsList538c.html]
[class.foxconnect.kr/fox/cls/clsList40f0.html]
[class.foxconnect.kr/fox/cls/clsList04a3.html]
[class.foxconnect.kr/fox/cls/clsList2aa3.html]
[class.foxconnect.kr/fox/cls/clsListab2f.html]
[class.foxconnect.kr/fox/cls/clsListe68b.html]
[class.foxconnect.kr/fox/cls/clsList37a2.html]
[class.foxconnect.kr/fox/cls/clsListc4d4.html]
[class.foxconnect.kr/fox/cls/clsList9049.html]
[class.foxconnect.kr/fox/cls/clsList18f7.html]
[class.foxconnect.kr/fox/cls/clsList36aa.html]
[class.foxconnect.kr/fox/cls/clsList5b62.html]
[class.foxconnect.kr/fox/cls/clsListe23d.html]
[class.foxconnect.kr/fox/cls/clsList3450.html]
[class.foxconnect.kr/fox/cls/clsListfeaa.html]
[class.foxconnect.kr/fox/cls/clsList7245.html]
[class.foxconnect.kr/fox/cls/clsListd97e.html]
[class.foxconnect.kr/fox/cls/clsListb323.html]
[class.foxconnect.kr/fox/cls/clsList3c1b.html]
[class.foxconnect.kr/fox/cls/clsListe35c.html]
[class.foxconnect.kr/board/boardList87a6.html]
[class.foxconnect.kr/resources/lib/fontawesome-free-6.5.2/webfonts/fa-brands-400.woff2]
[class.foxconnect.kr/resources/lib/fontawesome-free-6.5.2/webfonts/fa-brands-400.ttf]
[class.foxconnect.kr/resources/lib/fontawesome-free-6.5.2/webfonts/fa-regular-400.woff2]
[class.foxconnect.kr/resources/lib/fontawesome-free-6.5.2/webfonts/fa-regular-400.ttf]
[class.foxconnect.kr/resources/lib/fontawesome-free-6.5.2/webfonts/fa-solid-900.woff2]
[class.foxconnect.kr/resources/lib/fontawesome-free-6.5.2/webfonts/fa-solid-900.ttf]
[class.foxconnect.kr/resources/lib/fontawesome-free-6.5.2/webfonts/fa-v4compatibility.woff2]
[class.foxconnect.kr/resources/lib/fontawesome-free-6.5.2/webfonts/fa-v4compatibility.ttf]
[class.foxconnect.kr/resources/lib/fontawesome-free-6.5.2/css/all.min.css]
[class.foxconnect.kr/board/boardList3c78.html]
[class.foxconnect.kr/faq/faqList9fd7.html]
[class.foxconnect.kr/fox/cls/globalSearch30e7.html]
[class.foxconnect.kr/fox/cls/globalSearchc4be.html]
[class.foxconnect.kr/fox/cls/globalSearch1a24.html]
[class.foxconnect.kr/fox/cls/globalSearche43d.html]
[class.foxconnect.kr/fox/cls/globalSearch07fb.html]
[class.foxconnect.kr/fox/cls/globalSearchf909.html]
[class.foxconnect.kr/fox/cls/globalSearchd137.html]
[class.foxconnect.kr/fox/cls/globalSearch912f.html]
[class.foxconnect.kr/fox/cls/globalSearch42e2.html]
[class.foxconnect.kr/fox/cls/globalSearch0fb4.html]
[class.foxconnect.kr/fox/cls/clsList803e.html]
[class.foxconnect.kr/fox/cls/clsListf12c.html]
[class.foxconnect.kr/fox/cls/clsLista8f4.html]
[class.foxconnect.kr/fox/cls/clsListbec6.html]
[class.foxconnect.kr/fox/cls/clsList117d.html]
[class.foxconnect.kr/fox/cls/clsListb206.html]
[class.foxconnect.kr/fox/cls/clsList3250.html]
[class.foxconnect.kr/fox/cls/clsList26c4.html]
[class.foxconnect.kr/fox/cls/clsList4ba3.html]
[class.foxconnect.kr/fox/cls/clsList946e.html]
[class.foxconnect.kr/board/boardList2e2c.html]
[class.foxconnect.kr/fox/cls/clsList609c.html]
[class.foxconnect.kr/fox/cls/clsList5cbc.html]
[class.foxconnect.kr/fox/cls/clsListafd4.html]
[class.foxconnect.kr/fox/cls/clsList0e84.html]
[class.foxconnect.kr/fox/cls/clsList8510.html]
[class.foxconnect.kr/fox/cls/clsListe13a.html]
[class.foxconnect.kr/fox/cls/clsListd418.html]
[class.foxconnect.kr/fox/cls/clsList2838.html]
[class.foxconnect.kr/fox/cls/clsList8d08.html]
[class.foxconnect.kr/fox/cls/clsList8c56.html]
[class.foxconnect.kr/fox/cls/clsViewe41d.html]
[class.foxconnect.kr/fox/cls/clsView133d.html]
[class.foxconnect.kr/fox/cls/clsViewaa0f.html]
[class.foxconnect.kr/fox/cls/clsView0fd2.html]
[class.foxconnect.kr/fox/cls/clsView8bc2.html]
[class.foxconnect.kr/fox/cls/clsView8f5c.html]
[class.foxconnect.kr/fox/cls/clsView852c.html]
[class.foxconnect.kr/fox/cls/clsView904a.html]
[class.foxconnect.kr/fox/cls/clsView0d87.html]
[class.foxconnect.kr/fox/cls/clsView5e5d.html]
[class.foxconnect.kr/fox/cls/clsView70a4.html]
[class.foxconnect.kr/fox/cls/clsVieweec6.html]
[class.foxconnect.kr/fox/cls/clsViewdc24.html]
[class.foxconnect.kr/fox/cls/clsView7714.html]
[class.foxconnect.kr/fox/cls/clsView330d.html]
[class.foxconnect.kr/fox/cls/clsView2494.html]
[class.foxconnect.kr/fox/cls/clsView102b.html]
[class.foxconnect.kr/fox/cls/clsView036c.html]
[class.foxconnect.kr/fox/cls/clsViewc58b.html]
[class.foxconnect.kr/fox/cls/clsViewc6cf.html]
[class.foxconnect.kr/fox/cls/clsView194f.html]
[class.foxconnect.kr/fox/cls/clsView15fb.html]
[class.foxconnect.kr/fox/cls/clsView4201.html]
[class.foxconnect.kr/fox/cls/clsViewa5a6.html]
[class.foxconnect.kr/fox/cls/clsView7614.html]
[class.foxconnect.kr/fox/cls/clsView124a.html]
[class.foxconnect.kr/fox/cls/clsView543f.html]
[class.foxconnect.kr/fox/cls/clsView09c3.html]
[class.foxconnect.kr/fox/cls/clsView300f.html]
[class.foxconnect.kr/fox/cls/clsView7561.html]
[class.foxconnect.kr/fox/cls/clsView7c34.html]
[class.foxconnect.kr/fox/cls/clsView6b9e.html]
[class.foxconnect.kr/fox/cls/clsView2a95.html]
[class.foxconnect.kr/fox/cls/clsViewc25b.html]
[class.foxconnect.kr/fox/cls/clsView0dac.html]
[class.foxconnect.kr/fox/cls/clsView516e.html]
[class.foxconnect.kr/fox/cls/clsView2364.html]
[class.foxconnect.kr/fox/cls/clsView39b2.html]
[class.foxconnect.kr/fox/cls/clsView69e7.html]
[class.foxconnect.kr/fox/cls/clsViewcce9.html]
[class.foxconnect.kr/fox/cls/clsViewa7e6.html]
[class.foxconnect.kr/fox/cls/clsView1ab3.html]
[class.foxconnect.kr/fox/cls/clsView9fba.html]
[class.foxconnect.kr/fox/cls/clsView7a0a.html]
[class.foxconnect.kr/fox/cls/clsViewb10e.html]
[class.foxconnect.kr/fox/cls/clsViewaacf.html]
[class.foxconnect.kr/fox/cls/clsView9495.html]
[class.foxconnect.kr/fox/cls/clsView2e06.html]
[class.foxconnect.kr/fox/cls/clsView1f19.html]
[class.foxconnect.kr/fox/cls/clsView0c6e.html]
[class.foxconnect.kr/fox/cls/clsViewf46f.html]
[class.foxconnect.kr/fox/cls/clsView1122.html]
[class.foxconnect.kr/fox/cls/clsView8f61.html]
[class.foxconnect.kr/fox/cls/clsViewc762.html]
[class.foxconnect.kr/fox/cls/clsView3afd.html]
[class.foxconnect.kr/fox/cls/clsViewd6fc.html]
[class.foxconnect.kr/fox/cls/clsViewae3a.html]
[class.foxconnect.kr/fox/cls/clsView822e.html]
[class.foxconnect.kr/fox/cls/clsView9323.html]
[class.foxconnect.kr/fox/cls/clsViewfea1.html]
[class.foxconnect.kr/fox/cls/clsView7dca.html]
[class.foxconnect.kr/fox/cls/clsView2990.html]
[class.foxconnect.kr/fox/cls/clsView37d4.html]
[class.foxconnect.kr/fox/cls/clsView1c88.html]
[class.foxconnect.kr/fox/cls/clsViewa64a.html]
[class.foxconnect.kr/fox/cls/clsViewce54.html]
[class.foxconnect.kr/fox/cls/clsView91eb.html]
[class.foxconnect.kr/fox/cls/clsView575c.html]
[class.foxconnect.kr/fox/cls/clsView9496.html]
[class.foxconnect.kr/fox/cls/clsView282c.html]
[class.foxconnect.kr/fox/cls/clsView8d66.html]
[class.foxconnect.kr/fox/cls/clsView1521.html]
[class.foxconnect.kr/fox/cls/clsViewcffe.html]
[class.foxconnect.kr/fox/cls/clsViewdda5.html]
[class.foxconnect.kr/fox/cls/clsViewaebc.html]
[class.foxconnect.kr/fox/cls/clsView0686.html]
[class.foxconnect.kr/fox/cls/clsView80a1.html]
[class.foxconnect.kr/fox/cls/clsView70f0.html]
[class.foxconnect.kr/fox/cls/clsView4d4e.html]
[class.foxconnect.kr/fox/cls/clsView28f8.html]
[class.foxconnect.kr/fox/cls/clsViewfd3b.html]
[class.foxconnect.kr/fox/cls/clsView872f.html]
[class.foxconnect.kr/fox/cls/clsViewd988.html]
[class.foxconnect.kr/fox/cls/clsView49b3.html]
[class.foxconnect.kr/fox/cls/clsView2a5f.html]
[class.foxconnect.kr/fox/cls/clsView1773.html]
[class.foxconnect.kr/fox/cls/clsView271e.html]
[class.foxconnect.kr/fox/cls/clsView8473.html]
[class.foxconnect.kr/fox/cls/clsViewffae.html]
[class.foxconnect.kr/fox/cls/clsViewe614.html]
[class.foxconnect.kr/fox/cls/clsView57b9.html]
[class.foxconnect.kr/fox/cls/clsViewcd69.html]
[class.foxconnect.kr/fox/cls/clsViewa842.html]
[class.foxconnect.kr/fox/cls/clsViewf405.html]
[class.foxconnect.kr/fox/cls/clsViewe40e.html]
[class.foxconnect.kr/fox/cls/clsViewa859.html]
[class.foxconnect.kr/fox/cls/clsView8850.html]
[class.foxconnect.kr/fox/cls/clsView4ab6.html]
[class.foxconnect.kr/fox/cls/clsViewfe82.html]
[class.foxconnect.kr/fox/cls/clsView4b85.html]
[class.foxconnect.kr/fox/cls/clsView138d.html]
[class.foxconnect.kr/fox/cls/clsView43e5.html]
[class.foxconnect.kr/fox/cls/clsView2b28.html]
[class.foxconnect.kr/fox/cls/clsViewe29a.html]
[class.foxconnect.kr/fox/cls/clsViewa07f.html]
[class.foxconnect.kr/fox/cls/clsView2759.html]
[class.foxconnect.kr/fox/cls/clsViewed15.html]
[class.foxconnect.kr/fox/cls/clsViewc93c.html]
[class.foxconnect.kr/fox/cls/clsViewf017.html]
[class.foxconnect.kr/fox/cls/clsViewb4d3.html]
[class.foxconnect.kr/fox/cls/clsViewca5b.html]
[class.foxconnect.kr/fox/cls/clsView5f80.html]
[class.foxconnect.kr/fox/cls/clsView7866.html]
[class.foxconnect.kr/fox/cls/clsView4e28.html]
[class.foxconnect.kr/fox/cls/clsView2071.html]
[class.foxconnect.kr/fox/cls/clsView6783.html]
[class.foxconnect.kr/fox/cls/clsView6d12.html]
[class.foxconnect.kr/fox/cls/clsViewdf06.html]
[class.foxconnect.kr/fox/cls/clsView66f3.html]
[class.foxconnect.kr/fox/cls/clsView6328.html]
[class.foxconnect.kr/fox/cls/clsViewdee8.html]
[class.foxconnect.kr/fox/cls/clsView5afd.html]
[class.foxconnect.kr/fox/cls/clsView5d61.html]
[class.foxconnect.kr/fox/cls/clsView3718.html]
[class.foxconnect.kr/fox/cls/clsViewd6c6.html]
[class.foxconnect.kr/fox/cls/clsView5a53.html]
[class.foxconnect.kr/fox/cls/clsView72e2.html]
[class.foxconnect.kr/fox/cls/clsView8efa.html]
[class.foxconnect.kr/fox/cls/clsViewbfc0.html]
[class.foxconnect.kr/fox/cls/clsView80aa.html]
[class.foxconnect.kr/fox/cls/clsView6775.html]
[class.foxconnect.kr/fox/cls/clsView4193.html]
[class.foxconnect.kr/fox/cls/clsViewa0f2.html]
[class.foxconnect.kr/fox/cls/clsVieweef3.html]
[class.foxconnect.kr/fox/cls/clsView05d4.html]
[class.foxconnect.kr/fox/cls/clsViewda6c.html]
[class.foxconnect.kr/fox/cls/clsView57ef.html]
[class.foxconnect.kr/fox/cls/clsView729c.html]
[class.foxconnect.kr/fox/cls/clsViewdcc0.html]
[class.foxconnect.kr/fox/cls/clsView5b17.html]
[class.foxconnect.kr/fox/cls/clsViewffce.html]
[class.foxconnect.kr/fox/cls/clsView941a.html]
[class.foxconnect.kr/fox/cls/clsView3039.html]
[class.foxconnect.kr/fox/cls/clsView9ffe.html]
[class.foxconnect.kr/fox/cls/clsViewc7e0.html]
[class.foxconnect.kr/fox/cls/clsView3150.html]
[class.foxconnect.kr/fox/cls/clsView1019.html]
[class.foxconnect.kr/fox/cls/clsViewc166.html]
[class.foxconnect.kr/fox/cls/clsView0e67.html]
[class.foxconnect.kr/fox/cls/clsView2055.html]
[class.foxconnect.kr/fox/cls/clsViewc5a7.html]
[class.foxconnect.kr/fox/cls/clsViewcd3a.html]
[class.foxconnect.kr/fox/cls/clsView894b.html]
[class.foxconnect.kr/fox/cls/clsView6f2c.html]
[class.foxconnect.kr/fox/cls/clsView69ff.html]
[class.foxconnect.kr/fox/cls/clsViewca0b.html]
[class.foxconnect.kr/fox/cls/clsView88ce.html]
[class.foxconnect.kr/fox/cls/clsView4906.html]
[class.foxconnect.kr/fox/cls/clsView0340.html]
[class.foxconnect.kr/fox/cls/clsView748f.html]
[class.foxconnect.kr/fox/cls/clsView4373.html]
[class.foxconnect.kr/fox/cls/clsView206e.html]
[class.foxconnect.kr/fox/cls/clsViewbff2.html]
[class.foxconnect.kr/fox/cls/clsViewa233.html]
[class.foxconnect.kr/fox/cls/clsViewc258.html]
[class.foxconnect.kr/fox/cls/clsView8804.html]
[class.foxconnect.kr/fox/cls/clsView2152.html]
[class.foxconnect.kr/fox/cls/clsViewefa0.html]
[class.foxconnect.kr/fox/cls/clsView5fde.html]
[class.foxconnect.kr/fox/cls/clsView17c5.html]
[class.foxconnect.kr/fox/cls/clsViewa549.html]
[class.foxconnect.kr/fox/cls/clsView7a33.html]
[class.foxconnect.kr/fox/cls/clsViewea2a.html]
[class.foxconnect.kr/fox/cls/clsView9a78.html]
[class.foxconnect.kr/fox/cls/clsView849a.html]
[class.foxconnect.kr/fox/cls/clsViewd580.html]
[class.foxconnect.kr/fox/cls/clsView43b6.html]
[class.foxconnect.kr/fox/cls/clsView9704.html]
[class.foxconnect.kr/fox/cls/clsView8b21.html]
[class.foxconnect.kr/fox/cls/clsView5e18.html]
[class.foxconnect.kr/fox/cls/globalSearchcbd4.html]
[class.foxconnect.kr/fox/cls/clsView6c40.html]
[class.foxconnect.kr/contents/CLASS/THUMB/20241218/20241218010617349_thumb_1920x1080.jpg]
[class.foxconnect.kr/fox/cls/clsView6c2b.html]
[class.foxconnect.kr/contents/CLASS/THUMB/20241218/20241218010746607_thumb_1920x1080.jpg]
[class.foxconnect.kr/fox/cls/clsView5505.html]
[class.foxconnect.kr/contents/CLASS/THUMB/20241218/20241218010828547_thumb_1920x1080.jpg]
[class.foxconnect.kr/fox/cls/clsView956c.html]
[class.foxconnect.kr/contents/CLASS/THUMB/20241218/20241218010933090_thumb_1920x1080.jpg]
[class.foxconnect.kr/fox/cls/clsView78b4.html]
[class.foxconnect.kr/contents/CLASS/THUMB/20241218/20241218011146712_thumb_1920x1080.jpg]
[class.foxconnect.kr/fox/cls/clsView9ba7.html]
[class.foxconnect.kr/contents/CLASS/THUMB/20241218/20241218011339239_thumb_1920x1080.jpg]
[class.foxconnect.kr/fox/cls/clsViewc119.html]
[class.foxconnect.kr/contents/CLASS/THUMB/20241218/20241218011427666_thumb_1920x1080.jpg]
[class.foxconnect.kr/fox/cls/clsView48cd.html]
[class.foxconnect.kr/fox/cls/globalSearchdd5f.html]
[class.foxconnect.kr/contents/CLASS/THUMB/20241218/20241218011515325_thumb_1920x1080.jpg]
[class.foxconnect.kr/fox/cls/clsView5f0c.html]
[class.foxconnect.kr/contents/CLASS/THUMB/20241218/20241218011609160_thumb_1920x1080.jpg]
[class.foxconnect.kr/fox/cls/clsViewd58d.html]
[class.foxconnect.kr/contents/CLASS/THUMB/20241218/20241218011653159_thumb_1920x1080.jpg]
[class.foxconnect.kr/fox/cls/clsView6202.html]
[class.foxconnect.kr/contents/CLASS/THUMB/20241218/20241218011734927_thumb_1920x1080.jpg]
[class.foxconnect.kr/fox/cls/clsViewf7ee.html]
[class.foxconnect.kr/contents/CLASS/THUMB/20241218/20241218011837188_thumb_1920x1080.jpg]
[class.foxconnect.kr/fox/cls/clsView83bd.html]
[class.foxconnect.kr/contents/CLASS/THUMB/20241218/20241218011908664_thumb_1920x1080.jpg]
[class.foxconnect.kr/fox/cls/clsView36c2.html]
[class.foxconnect.kr/contents/CLASS/THUMB/20241218/20241218011954877_thumb_1920x1080.jpg]
[class.foxconnect.kr/fox/cls/clsView78e0.html]
[class.foxconnect.kr/contents/CLASS/THUMB/20241218/20241218012036343_thumb_1920x1080.jpg]
[class.foxconnect.kr/fox/cls/clsViewff0e.html]
[class.foxconnect.kr/contents/CLASS/THUMB/20241218/20241218012116919_thumb_1920x1080.jpg]
[class.foxconnect.kr/fox/cls/clsView3f10.html]
[class.foxconnect.kr/contents/CLASS/THUMB/20241218/20241218012208822_thumb_1920x1080.jpg]
[class.foxconnect.kr/fox/cls/clsView23e7.html]
[class.foxconnect.kr/contents/CLASS/THUMB/20241218/20241218012245061_thumb_1920x1080.jpg]
[class.foxconnect.kr/fox/cls/clsView988a.html]
[class.foxconnect.kr/contents/CLASS/THUMB/20241218/20241218012420593_thumb_1920x1080.jpg]
[class.foxconnect.kr/fox/cls/clsViewe3a1.html]
[class.foxconnect.kr/contents/CLASS/THUMB/20241218/20241218012522404_thumb_1920x1080.jpg]
[class.foxconnect.kr/fox/cls/clsView1e1d.html]
[class.foxconnect.kr/contents/CLASS/THUMB/20241218/20241218012556600_thumb_1920x1080.jpg]
[class.foxconnect.kr/fox/cls/clsViewa408.html]
[class.foxconnect.kr/contents/CLASS/THUMB/20241218/20241218051438864_thumb_1920x1080.jpg]
[class.foxconnect.kr/fox/cls/clsView371a.html]
[class.foxconnect.kr/contents/CLASS/THUMB/20241218/20241218051549918_thumb_1920x1080.jpg]
[class.foxconnect.kr/fox/cls/clsView4b6c.html]
[class.foxconnect.kr/contents/CLASS/THUMB/20241218/20241218051639462_thumb_1920x1080.jpg]
[class.foxconnect.kr/fox/cls/clsViewbc0f.html]
[class.foxconnect.kr/contents/CLASS/THUMB/20241218/20241218051726110_thumb_1920x1080.jpg]
[class.foxconnect.kr/fox/cls/clsView8e65.html]
[class.foxconnect.kr/contents/CLASS/THUMB/20241218/20241218051813551_thumb_1920x1080.jpg]
[class.foxconnect.kr/fox/cls/clsViewa7c4.html]
[class.foxconnect.kr/contents/CLASS/THUMB/20241218/20241218051852650_thumb_1920x1080.jpg]
[class.foxconnect.kr/fox/cls/clsViewe234.html]
[class.foxconnect.kr/contents/CLASS/THUMB/20241218/20241218051944700_thumb_1920x1080.jpg]
[class.foxconnect.kr/fox/cls/globalSearch92e2.html]
[class.foxconnect.kr/fox/cls/clsViewb82b.html]
[class.foxconnect.kr/contents/CLASS/THUMB/20241218/20241218052037062_thumb_1920x1080.jpg]
[class.foxconnect.kr/fox/cls/clsViewb98c.html]
[class.foxconnect.kr/contents/CLASS/THUMB/20241218/20241218052127314_thumb_1920x1080.jpg]
[class.foxconnect.kr/fox/cls/clsView3eab.html]
[class.foxconnect.kr/contents/CLASS/THUMB/20241218/20241218052226880_thumb_1920x1080.jpg]
[class.foxconnect.kr/fox/cls/clsView5361.html]
[class.foxconnect.kr/contents/CLASS/THUMB/20241218/20241218052312744_thumb_1920x1080.jpg]
[class.foxconnect.kr/fox/cls/clsView18c5.html]
[class.foxconnect.kr/contents/CLASS/THUMB/20241218/20241218052359291_thumb_1920x1080.jpg]
[class.foxconnect.kr/fox/cls/clsViewe5d7.html]
[class.foxconnect.kr/contents/CLASS/THUMB/20241218/20241218052439724_thumb_1920x1080.jpg]
[class.foxconnect.kr/fox/cls/clsView6ca0.html]
[class.foxconnect.kr/contents/CLASS/THUMB/20241218/20241218052520754_thumb_1920x1080.jpg]
[class.foxconnect.kr/fox/cls/clsVieweca8.html]
[class.foxconnect.kr/contents/CLASS/THUMB/20241218/20241218052630514_thumb_1920x1080.jpg]
[class.foxconnect.kr/fox/cls/clsView48a4.html]
[class.foxconnect.kr/contents/CLASS/THUMB/20241218/20241218052712206_thumb_1920x1080.jpg]
[class.foxconnect.kr/fox/cls/clsView52b2.html]
[class.foxconnect.kr/contents/CLASS/THUMB/20241218/20241218052759197_thumb_1920x1080.jpg]
[class.foxconnect.kr/fox/cls/clsView8441.html]
[class.foxconnect.kr/contents/CLASS/THUMB/20241218/20241218052845482_thumb_1920x1080.jpg]
[class.foxconnect.kr/fox/cls/clsViewef17.html]
[class.foxconnect.kr/contents/CLASS/THUMB/20241218/20241218052927175_thumb_1920x1080.jpg]
[class.foxconnect.kr/fox/cls/clsView7aac.html]
[class.foxconnect.kr/contents/CLASS/THUMB/20241218/20241218053005027_thumb_1920x1080.jpg]
[class.foxconnect.kr/fox/cls/clsView51be.html]
[class.foxconnect.kr/contents/CLASS/THUMB/20241218/20241218053044537_thumb_1920x1080.jpg]
[class.foxconnect.kr/fox/cls/clsView3508.html]
[class.foxconnect.kr/contents/CLASS/THUMB/20241218/20241218053125853_thumb_1920x1080.jpg]
[class.foxconnect.kr/fox/cls/clsViewf149.html]
[class.foxconnect.kr/contents/CLASS/THUMB/20241218/20241218053205854_thumb_1920x1080.jpg]
[class.foxconnect.kr/fox/cls/clsViewb26f.html]
[class.foxconnect.kr/contents/CLASS/THUMB/20241218/20241218053249067_thumb_1920x1080.jpg]
[class.foxconnect.kr/fox/cls/clsView7d8b.html]
[class.foxconnect.kr/contents/CLASS/THUMB/20241218/20241218053330446_thumb_1920x1080.jpg]
[class.foxconnect.kr/fox/cls/clsView9431.html]
[class.foxconnect.kr/contents/CLASS/THUMB/20241218/20241218053413963_thumb_1920x1080.jpg]
[class.foxconnect.kr/fox/cls/clsView76a1.html]
[class.foxconnect.kr/fox/cls/globalSearchfd07.html]
[class.foxconnect.kr/contents/CLASS/THUMB/20241218/20241218053504431_thumb_1920x1080.jpg]
[class.foxconnect.kr/fox/cls/clsViewf39e.html]
[class.foxconnect.kr/contents/CLASS/THUMB/20241218/20241218053547946_thumb_1920x1080.jpg]
[class.foxconnect.kr/fox/cls/clsView1cb6.html]
[class.foxconnect.kr/contents/CLASS/THUMB/20241223/20241223093010029_thumb_1920x1080.jpg]
[class.foxconnect.kr/fox/cls/clsViewb45d.html]
[class.foxconnect.kr/contents/CLASS/THUMB/20241223/20241223093211762_thumb_1920x1080.jpg]
[class.foxconnect.kr/fox/cls/clsView6803.html]
[class.foxconnect.kr/contents/CLASS/THUMB/20241223/20241223093316638_thumb_1920x1080.jpg]
[class.foxconnect.kr/fox/cls/clsViewd16c.html]
[class.foxconnect.kr/contents/CLASS/THUMB/20241223/20241223095836623_thumb_1920x1080.jpg]
[class.foxconnect.kr/fox/cls/clsView5e97.html]
[class.foxconnect.kr/contents/CLASS/THUMB/20241223/20241223100308301_thumb_1920x1080.jpg]
[class.foxconnect.kr/fox/cls/clsView13e3.html]
[class.foxconnect.kr/contents/CLASS/THUMB/20241223/20241223100435932_thumb_1920x1080.jpg]
[class.foxconnect.kr/fox/cls/clsView6845.html]
[class.foxconnect.kr/contents/CLASS/THUMB/20241223/20241223100601161_thumb_1920x1080.jpg]
[class.foxconnect.kr/fox/cls/clsView8f2e.html]
[class.foxconnect.kr/contents/CLASS/THUMB/20241223/20241223100733013_thumb_1920x1080.jpg]
[class.foxconnect.kr/fox/cls/clsView549c.html]
[class.foxconnect.kr/contents/CLASS/THUMB/20241223/20241223100806778_thumb_1920x1080.jpg]
[class.foxconnect.kr/fox/cls/clsView4aeb.html]
[class.foxconnect.kr/contents/CLASS/THUMB/20241223/20241223100834323_thumb_1920x1080.jpg]
[class.foxconnect.kr/fox/cls/clsView701c.html]
[class.foxconnect.kr/contents/CLASS/THUMB/20241223/20241223101939111_thumb_1920x1080.jpg]
[class.foxconnect.kr/fox/cls/clsView2832.html]
[class.foxconnect.kr/contents/CLASS/THUMB/20241223/20241223102025943_thumb_1920x1080.jpg]
[class.foxconnect.kr/fox/cls/clsViewe857.html]
[class.foxconnect.kr/contents/CLASS/THUMB/20241223/20241223102421280_thumb_1920x1080.jpg]
[class.foxconnect.kr/fox/cls/clsView492a.html]
[class.foxconnect.kr/contents/CLASS/THUMB/20241223/20241223102548728_thumb_1920x1080.jpg]
[class.foxconnect.kr/fox/cls/clsView2ab7.html]
[class.foxconnect.kr/contents/CLASS/THUMB/20241223/20241223102615914_thumb_1920x1080.jpg]
[class.foxconnect.kr/fox/cls/clsView4ada.html]
[class.foxconnect.kr/contents/CLASS/THUMB/20241223/20241223102646461_thumb_1920x1080.jpg]
[class.foxconnect.kr/fox/cls/clsView26ea.html]
[class.foxconnect.kr/contents/CLASS/THUMB/20241223/20241223102714770_thumb_1920x1080.jpg]
[class.foxconnect.kr/fox/cls/clsView0773.html]
[class.foxconnect.kr/contents/CLASS/THUMB/20241223/20241223102741950_thumb_1920x1080.jpg]
[class.foxconnect.kr/fox/cls/clsViewd573.html]
[class.foxconnect.kr/fox/cls/globalSearch54ea.html]
[class.foxconnect.kr/contents/CLASS/THUMB/20241223/20241223102811222_thumb_1920x1080.jpg]
[class.foxconnect.kr/fox/cls/clsView14be.html]
[class.foxconnect.kr/contents/CLASS/THUMB/20241223/20241223102842334_thumb_1920x1080.jpg]
[class.foxconnect.kr/fox/cls/clsView0c06.html]
[class.foxconnect.kr/contents/CLASS/THUMB/20241223/20241223102911074_thumb_1920x1080.jpg]
[class.foxconnect.kr/fox/cls/clsView8364.html]
[class.foxconnect.kr/contents/CLASS/THUMB/20241223/20241223103001568_thumb_1920x1080.jpg]
[class.foxconnect.kr/fox/cls/clsViewf063.html]
[class.foxconnect.kr/contents/CLASS/THUMB/20241223/20241223103136548_thumb_1920x1080.jpg]
[class.foxconnect.kr/fox/cls/clsViewbf9d.html]
[class.foxconnect.kr/contents/CLASS/THUMB/20241223/20241223103206703_thumb_1920x1080.jpg]
[class.foxconnect.kr/fox/cls/clsViewc979.html]
[class.foxconnect.kr/contents/CLASS/THUMB/20241223/20241223103241134_thumb_1920x1080.jpg]
[class.foxconnect.kr/fox/cls/clsViewe9c3.html]
[class.foxconnect.kr/contents/CLASS/THUMB/20241223/20241223103558282_thumb_1920x1080.jpg]
[class.foxconnect.kr/fox/cls/clsViewdf2a.html]
[class.foxconnect.kr/contents/CLASS/THUMB/20241223/20241223104003727_thumb_1920x1080.jpg]
[class.foxconnect.kr/fox/cls/clsView6fdb.html]
[class.foxconnect.kr/contents/CLASS/THUMB/20241223/20241223104108250_thumb_1920x1080.jpg]
[class.foxconnect.kr/fox/cls/clsView265a.html]
[class.foxconnect.kr/contents/CLASS/THUMB/20241223/20241223104414157_thumb_1920x1080.jpg]
[class.foxconnect.kr/fox/cls/clsView9b7c.html]
[class.foxconnect.kr/contents/CLASS/THUMB/20241223/20241223105210616_thumb_1920x1080.jpg]
[class.foxconnect.kr/fox/cls/clsViewa0e6.html]
[class.foxconnect.kr/contents/CLASS/THUMB/20241223/20241223105313452_thumb_1920x1080.jpg]
[class.foxconnect.kr/fox/cls/clsViewd67c.html]
[class.foxconnect.kr/contents/CLASS/THUMB/20241223/20241223105423554_thumb_1920x1080.jpg]
[class.foxconnect.kr/fox/cls/clsView6334.html]
[class.foxconnect.kr/contents/CLASS/THUMB/20241223/20241223105513563_thumb_1920x1080.jpg]
[class.foxconnect.kr/fox/cls/clsView53bb.html]
[class.foxconnect.kr/contents/CLASS/THUMB/20241223/20241223105551480_thumb_1920x1080.jpg]
[class.foxconnect.kr/fox/cls/clsViewfab1.html]
[class.foxconnect.kr/contents/CLASS/THUMB/20241223/20241223105953270_thumb_1920x1080.jpg]
[class.foxconnect.kr/fox/cls/clsView43ea.html]
[class.foxconnect.kr/contents/CLASS/THUMB/20241223/20241223110125639_thumb_1920x1080.jpg]
[class.foxconnect.kr/fox/cls/clsViewec68.html]
[class.foxconnect.kr/contents/CLASS/THUMB/20241223/20241223110154073_thumb_1920x1080.jpg]
[class.foxconnect.kr/fox/cls/clsViewdb6f.html]
[class.foxconnect.kr/contents/CLASS/THUMB/20241223/20241223111649943_thumb_1920x1080.jpg]
[class.foxconnect.kr/fox/cls/clsView84fc.html]
[class.foxconnect.kr/fox/cls/globalSearchab7e.html]
[class.foxconnect.kr/contents/CLASS/THUMB/20241223/20241223111718343_thumb_1920x1080.jpg]
[class.foxconnect.kr/fox/cls/clsView10db.html]
[class.foxconnect.kr/contents/CLASS/THUMB/20241223/20241223111753435_thumb_1920x1080.jpg]
[class.foxconnect.kr/fox/cls/clsViewcf00.html]
[class.foxconnect.kr/contents/CLASS/THUMB/20241223/20241223125428713_thumb_1920x1080.jpg]
[class.foxconnect.kr/fox/cls/clsViewdcaa.html]
[class.foxconnect.kr/contents/CLASS/THUMB/20241223/20241223125500832_thumb_1920x1080.jpg]
[class.foxconnect.kr/fox/cls/clsView586d.html]
[class.foxconnect.kr/contents/CLASS/THUMB/20241223/20241223125533968_thumb_1920x1080.jpg]
[class.foxconnect.kr/fox/cls/clsViewb75a.html]
[class.foxconnect.kr/contents/CLASS/THUMB/20241223/20241223125605522_thumb_1920x1080.jpg]
[class.foxconnect.kr/fox/cls/clsView9370.html]
[class.foxconnect.kr/contents/CLASS/THUMB/20241223/20241223125640599_thumb_1920x1080.jpg]
[class.foxconnect.kr/fox/cls/clsView7a77.html]
[class.foxconnect.kr/contents/CLASS/THUMB/20241223/20241223125729229_thumb_1920x1080.jpg]
[class.foxconnect.kr/fox/cls/clsView9672.html]
[class.foxconnect.kr/contents/CLASS/THUMB/20241223/20241223125817502_thumb_1920x1080.jpg]
[class.foxconnect.kr/fox/cls/clsView60d8.html]
[class.foxconnect.kr/contents/CLASS/THUMB/20241223/20241223125857119_thumb_1920x1080.jpg]
[class.foxconnect.kr/fox/cls/clsView7b41.html]
[class.foxconnect.kr/contents/CLASS/THUMB/20241223/20241223125925716_thumb_1920x1080.jpg]
[class.foxconnect.kr/fox/cls/clsView9f86.html]
[class.foxconnect.kr/contents/CLASS/THUMB/20241223/20241223010017109_thumb_1920x1080.jpg]
[class.foxconnect.kr/fox/cls/clsView010f.html]
[class.foxconnect.kr/contents/CLASS/THUMB/20241223/20241223010100605_thumb_1920x1080.jpg]
[class.foxconnect.kr/fox/cls/clsView39fc.html]
[class.foxconnect.kr/contents/CLASS/THUMB/20241223/20241223010134214_thumb_1920x1080.jpg]
[class.foxconnect.kr/fox/cls/clsViewf792.html]
[class.foxconnect.kr/contents/CLASS/THUMB/20241223/20241223010254212_thumb_1920x1080.jpg]
[class.foxconnect.kr/fox/cls/clsView20e8.html]
[class.foxconnect.kr/contents/CLASS/THUMB/20241223/20241223010322726_thumb_1920x1080.jpg]
[class.foxconnect.kr/fox/cls/clsView45dc.html]
[class.foxconnect.kr/contents/CLASS/THUMB/20241223/20241223013750867_thumb_1920x1080.jpg]
[class.foxconnect.kr/fox/cls/clsViewafe1.html]
[class.foxconnect.kr/contents/CLASS/THUMB/20241223/20241223013819775_thumb_1920x1080.jpg]
[class.foxconnect.kr/fox/cls/clsView3757.html]
[class.foxconnect.kr/contents/CLASS/THUMB/20241223/20241223013847441_thumb_1920x1080.jpg]
[class.foxconnect.kr/fox/cls/clsView2700.html]
[class.foxconnect.kr/contents/CLASS/THUMB/20241223/20241223013917952_thumb_1920x1080.jpg]
[class.foxconnect.kr/fox/cls/clsView6a43.html]
[class.foxconnect.kr/contents/CLASS/THUMB/20241223/20241223013945853_thumb_1920x1080.jpg]
[class.foxconnect.kr/fox/cls/globalSearch0464.html]
[class.foxconnect.kr/fox/cls/clsViewd1cc.html]
[class.foxconnect.kr/contents/CLASS/THUMB/20241223/20241223014321959_thumb_1920x1080.jpg]
[class.foxconnect.kr/fox/cls/clsView7631.html]
[class.foxconnect.kr/contents/CLASS/THUMB/20241223/20241223014505031_thumb_1920x1080.jpg]
[class.foxconnect.kr/fox/cls/clsViewb404.html]
[class.foxconnect.kr/contents/CLASS/THUMB/20241223/20241223015117157_thumb_1920x1080.jpg]
[class.foxconnect.kr/fox/cls/clsViewc94a.html]
[class.foxconnect.kr/contents/CLASS/THUMB/20241223/20241223015359649_thumb_1920x1080.jpg]
[class.foxconnect.kr/fox/cls/clsView6076.html]
[class.foxconnect.kr/contents/CLASS/THUMB/20241223/20241223015440370_thumb_1920x1080.jpg]
[class.foxconnect.kr/fox/cls/clsView64b9.html]
[class.foxconnect.kr/contents/CLASS/THUMB/20241223/20241223015448260_thumb_1920x1080.jpg]
[class.foxconnect.kr/fox/cls/clsViewe17e.html]
[class.foxconnect.kr/contents/CLASS/THUMB/20241223/20241223015509349_thumb_1920x1080.jpg]
[class.foxconnect.kr/fox/cls/clsViewf291.html]
[class.foxconnect.kr/contents/CLASS/THUMB/20241223/20241223015529774_thumb_1920x1080.jpg]
[class.foxconnect.kr/fox/cls/clsView761d.html]
[class.foxconnect.kr/contents/CLASS/THUMB/20241223/20241223015541895_thumb_1920x1080.jpg]
[class.foxconnect.kr/fox/cls/clsView1b80.html]
[class.foxconnect.kr/contents/CLASS/THUMB/20241223/20241223015609083_thumb_1920x1080.jpg]
[class.foxconnect.kr/fox/cls/clsViewb924.html]
[class.foxconnect.kr/contents/CLASS/THUMB/20241223/20241223015637972_thumb_1920x1080.jpg]
[class.foxconnect.kr/fox/cls/clsViewd493.html]
[class.foxconnect.kr/contents/CLASS/THUMB/20241223/20241223015710263_thumb_1920x1080.jpg]
[class.foxconnect.kr/fox/cls/clsView849b.html]
[class.foxconnect.kr/contents/CLASS/THUMB/20241223/20241223015740137_thumb_1920x1080.jpg]
[class.foxconnect.kr/fox/cls/clsView6e33.html]
[class.foxconnect.kr/contents/CLASS/THUMB/20241223/20241223015747181_thumb_1920x1080.jpg]
[class.foxconnect.kr/fox/cls/clsView9fab.html]
[class.foxconnect.kr/contents/CLASS/THUMB/20241223/20241223015807856_thumb_1920x1080.jpg]
[class.foxconnect.kr/fox/cls/clsViewe479.html]
[class.foxconnect.kr/contents/CLASS/THUMB/20241223/20241223015837565_thumb_1920x1080.jpg]
[class.foxconnect.kr/fox/cls/clsViewffc3.html]
[class.foxconnect.kr/contents/CLASS/THUMB/20241223/20241223015833347_thumb_1920x1080.jpg]
[class.foxconnect.kr/fox/cls/clsView42d9.html]
[class.foxconnect.kr/contents/CLASS/THUMB/20241223/20241223015906595_thumb_1920x1080.jpg]
[class.foxconnect.kr/fox/cls/clsView244b.html]
[class.foxconnect.kr/contents/CLASS/THUMB/20241223/20241223020000950_thumb_1920x1080.jpg]
[class.foxconnect.kr/fox/cls/clsViewad0e.html]
[class.foxconnect.kr/contents/CLASS/THUMB/20241223/20241223020110827_thumb_1920x1080.jpg]
[class.foxconnect.kr/fox/cls/globalSearch508c.html]
[class.foxconnect.kr/fox/cls/clsView2a15.html]
[class.foxconnect.kr/contents/CLASS/THUMB/20241223/20241223020759019_thumb_1920x1080.jpg]
[class.foxconnect.kr/fox/cls/clsViewaaba.html]
[class.foxconnect.kr/contents/CLASS/THUMB/20241223/20241223020909492_thumb_1920x1080.jpg]
[class.foxconnect.kr/fox/cls/clsView7a0b.html]
[class.foxconnect.kr/contents/CLASS/THUMB/20241223/20241223021005253_thumb_1920x1080.jpg]
[class.foxconnect.kr/fox/cls/clsViewf6bf.html]
[class.foxconnect.kr/contents/CLASS/THUMB/20241223/20241223021203281_thumb_1920x1080.jpg]
[class.foxconnect.kr/fox/cls/clsViewfb2e.html]
[class.foxconnect.kr/contents/CLASS/THUMB/20241223/20241223021319789_thumb_1920x1080.jpg]
[class.foxconnect.kr/fox/cls/clsView778d.html]
[class.foxconnect.kr/contents/CLASS/THUMB/20241223/20241223021422116_thumb_1920x1080.jpg]
[class.foxconnect.kr/fox/cls/clsView257f.html]
[class.foxconnect.kr/contents/CLASS/THUMB/20241223/20241223021512669_thumb_1920x1080.jpg]
[class.foxconnect.kr/fox/cls/clsViewf286.html]
[class.foxconnect.kr/contents/CLASS/THUMB/20241223/20241223022557913_thumb_1920x1080.jpg]
[class.foxconnect.kr/fox/cls/clsViewe95c.html]
[class.foxconnect.kr/contents/CLASS/THUMB/20241223/20241223022704539_thumb_1920x1080.jpg]
[class.foxconnect.kr/fox/cls/clsViewa433.html]
[class.foxconnect.kr/contents/CLASS/THUMB/20241223/20241223022752361_thumb_1920x1080.jpg]
[class.foxconnect.kr/fox/cls/clsView3bb2.html]
[class.foxconnect.kr/contents/CLASS/THUMB/20241223/20241223022825683_thumb_1920x1080.jpg]
[class.foxconnect.kr/fox/cls/clsView55c8.html]
[class.foxconnect.kr/contents/CLASS/THUMB/20241223/20241223022948015_thumb_1920x1080.jpg]
[class.foxconnect.kr/fox/cls/clsView6001.html]
[class.foxconnect.kr/contents/CLASS/THUMB/20241223/20241223023024951_thumb_1920x1080.jpg]
[class.foxconnect.kr/fox/cls/clsViewb70b.html]
[class.foxconnect.kr/contents/CLASS/THUMB/20241223/20241223023059103_thumb_1920x1080.jpg]
[class.foxconnect.kr/fox/cls/clsViewb5df.html]
[class.foxconnect.kr/contents/CLASS/THUMB/20241223/20241223023129762_thumb_1920x1080.jpg]
[class.foxconnect.kr/fox/cls/clsViewa799.html]
[class.foxconnect.kr/contents/CLASS/THUMB/20241223/20241223023157236_thumb_1920x1080.jpg]
[class.foxconnect.kr/fox/cls/clsViewe5f4.html]
[class.foxconnect.kr/contents/CLASS/THUMB/20241223/20241223023339697_thumb_1920x1080.jpg]
[class.foxconnect.kr/fox/cls/clsView507d.html]
[class.foxconnect.kr/contents/CLASS/THUMB/20241223/20241223023506997_thumb_1920x1080.jpg]
[class.foxconnect.kr/fox/cls/clsView0bd1.html]
[class.foxconnect.kr/contents/CLASS/THUMB/20241223/20241223023605701_thumb_1920x1080.jpg]
[class.foxconnect.kr/fox/cls/clsView9edd.html]
[class.foxconnect.kr/fox/cls/globalSearchcbfc.html]
[class.foxconnect.kr/contents/CLASS/THUMB/20241223/20241223023711153_thumb_1920x1080.jpg]
[class.foxconnect.kr/fox/cls/clsView7101.html]
[class.foxconnect.kr/contents/CLASS/THUMB/20241223/20241223023747921_thumb_1920x1080.jpg]
[class.foxconnect.kr/fox/cls/clsView403d.html]
[class.foxconnect.kr/contents/CLASS/THUMB/20241223/20241223023819104_thumb_1920x1080.jpg]
[class.foxconnect.kr/fox/cls/clsViewfe06.html]
[class.foxconnect.kr/contents/CLASS/THUMB/20241223/20241223023849551_thumb_1920x1080.jpg]
[class.foxconnect.kr/fox/cls/clsView7dbc.html]
[class.foxconnect.kr/contents/CLASS/THUMB/20241223/20241223023923071_thumb_1920x1080.jpg]
[class.foxconnect.kr/fox/cls/clsViewa0bd.html]
[class.foxconnect.kr/contents/CLASS/THUMB/20241223/20241223023926307_thumb_1920x1080.jpg]
[class.foxconnect.kr/fox/cls/clsView1e72.html]
[class.foxconnect.kr/contents/CLASS/THUMB/20241223/20241223024007320_thumb_1920x1080.jpg]
[class.foxconnect.kr/fox/cls/clsViewd096.html]
[class.foxconnect.kr/contents/CLASS/THUMB/20241223/20241223024055485_thumb_1920x1080.jpg]
[class.foxconnect.kr/fox/cls/clsView8304.html]
[class.foxconnect.kr/contents/CLASS/THUMB/20241223/20241223024133277_thumb_1920x1080.jpg]
[class.foxconnect.kr/fox/cls/clsView8cf8.html]
[class.foxconnect.kr/contents/CLASS/THUMB/20241223/20241223024406901_thumb_1920x1080.jpg]
[class.foxconnect.kr/fox/cls/clsView4940.html]
[class.foxconnect.kr/contents/CLASS/THUMB/20241223/20241223024443965_thumb_1920x1080.jpg]
[class.foxconnect.kr/fox/cls/clsView716e.html]
[class.foxconnect.kr/contents/CLASS/THUMB/20241223/20241223024548300_thumb_1920x1080.jpg]
[class.foxconnect.kr/fox/cls/clsView0d3d.html]
[class.foxconnect.kr/contents/CLASS/THUMB/20241223/20241223024631004_thumb_1920x1080.jpg]
[class.foxconnect.kr/fox/cls/clsViewc071.html]
[class.foxconnect.kr/contents/CLASS/THUMB/20241223/20241223024714652_thumb_1920x1080.jpg]
[class.foxconnect.kr/fox/cls/clsViewea94.html]
[class.foxconnect.kr/contents/CLASS/THUMB/20241223/20241223024800258_thumb_1920x1080.jpg]
[class.foxconnect.kr/fox/cls/clsView5d24.html]
[class.foxconnect.kr/contents/CLASS/THUMB/20241223/20241223024848077_thumb_1920x1080.jpg]
[class.foxconnect.kr/fox/cls/clsView19de.html]
[class.foxconnect.kr/contents/CLASS/THUMB/20241223/20241223024942486_thumb_1920x1080.jpg]
[class.foxconnect.kr/fox/cls/clsView6d71.html]
[class.foxconnect.kr/contents/CLASS/THUMB/20241223/20241223025023725_thumb_1920x1080.jpg]
[class.foxconnect.kr/fox/cls/clsViewa8f6.html]
[class.foxconnect.kr/contents/CLASS/THUMB/20241223/20241223025102552_thumb_1920x1080.jpg]
[class.foxconnect.kr/fox/cls/clsViewa656.html]
[class.foxconnect.kr/contents/CLASS/THUMB/20241223/20241223025159661_thumb_1920x1080.jpg]
[class.foxconnect.kr/fox/cls/clsView21f5.html]
[class.foxconnect.kr/contents/CLASS/THUMB/20241223/20241223025239668_thumb_1920x1080.jpg]
[class.foxconnect.kr/fox/cls/globalSearch8c9d.html]
[class.foxconnect.kr/fox/cls/globalSearchb6ac.html]
[class.foxconnect.kr/fox/cls/globalSearchf7c4.html]
[class.foxconnect.kr/fox/cls/globalSearch0ad5.html]
[class.foxconnect.kr/fox/cls/globalSearch92c3.html]
[class.foxconnect.kr/fox/cls/globalSearch4e26.html]
[class.foxconnect.kr/fox/cls/globalSearch8199.html]
[class.foxconnect.kr/fox/cls/globalSearch90e8.html]
[class.foxconnect.kr/fox/cls/globalSearchd7a6.html]
[class.foxconnect.kr/fox/cls/globalSearch93b5.html]
[class.foxconnect.kr/fox/cls/globalSearch85d1.html]
[class.foxconnect.kr/fox/cls/clsViewb8e0.html]
[class.foxconnect.kr/fox/cls/clsView875b.html]
[class.foxconnect.kr/fox/cls/clsView4de3.html]
[class.foxconnect.kr/fox/cls/clsView2bc9.html]
[class.foxconnect.kr/fox/cls/clsViewb1c2.html]
[class.foxconnect.kr/fox/cls/clsView5725.html]
[class.foxconnect.kr/fox/cls/clsViewab04.html]
[class.foxconnect.kr/fox/cls/clsView6584.html]
[class.foxconnect.kr/fox/cls/clsView3662.html]
[class.foxconnect.kr/fox/cls/clsView9ee9.html]
[class.foxconnect.kr/fox/cls/clsView1ced.html]
[class.foxconnect.kr/fox/cls/clsViewc5de.html]
[class.foxconnect.kr/fox/cls/clsViewbf56.html]
[class.foxconnect.kr/fox/cls/clsView2380.html]
[class.foxconnect.kr/fox/cls/clsViewa2e0.html]
[class.foxconnect.kr/fox/cls/clsView1a67.html]
[class.foxconnect.kr/contents/CLASS/THUMB/20250114/20250114031108736_thumb_1920x1080.jpg]
[class.foxconnect.kr/fox/cls/clsView7a49.html]
[class.foxconnect.kr/contents/CLASS/THUMB/20250114/20250114031844059_thumb_1920x1080.jpg]
[class.foxconnect.kr/fox/cls/clsView7609.html]
[class.foxconnect.kr/contents/CLASS/THUMB/20250114/20250114031908898_thumb_1920x1080.jpg]
[class.foxconnect.kr/fox/cls/clsView1eb6.html]
[class.foxconnect.kr/contents/CLASS/THUMB/20250114/20250114031952360_thumb_1920x1080.jpg]
[class.foxconnect.kr/fox/cls/clsView5c60.html]
[class.foxconnect.kr/contents/CLASS/THUMB/20250114/20250114034835926_thumb_1920x1080.jpg]
[class.foxconnect.kr/fox/cls/clsViewba36.html]
[class.foxconnect.kr/contents/CLASS/THUMB/20250114/20250114040023104_thumb_1920x1080.jpg]
[class.foxconnect.kr/fox/cls/clsViewb35f.html]
[class.foxconnect.kr/contents/CLASS/THUMB/20250114/20250114040123177_thumb_1920x1080.jpg]
[class.foxconnect.kr/fox/cls/clsViewf9b9.html]
[class.foxconnect.kr/contents/CLASS/THUMB/20250114/20250114040222614_thumb_1920x1080.jpg]
[class.foxconnect.kr/fox/cls/clsView9785.html]
[class.foxconnect.kr/contents/CLASS/THUMB/20250114/20250114040305610_thumb_1920x1080.jpg]
[class.foxconnect.kr/fox/cls/clsView74af.html]
[class.foxconnect.kr/contents/CLASS/THUMB/20250114/20250114040425191_thumb_1920x1080.jpg]
[class.foxconnect.kr/fox/cls/clsView858d.html]
[class.foxconnect.kr/contents/CLASS/THUMB/20250114/20250114040738078_thumb_1920x1080.jpg]
[class.foxconnect.kr/fox/cls/clsView910e.html]
[class.foxconnect.kr/contents/CLASS/THUMB/20250114/20250114040822003_thumb_1920x1080.jpg]
[class.foxconnect.kr/fox/cls/clsView7f21.html]
[class.foxconnect.kr/contents/CLASS/THUMB/20250114/20250114042209975_thumb_1920x1080.jpg]
[class.foxconnect.kr/fox/cls/globalSearchf93a.html]
[class.foxconnect.kr/fox/cls/globalSearch9ebe.html]
[class.foxconnect.kr/fox/cls/globalSearchaace.html]
[class.foxconnect.kr/fox/cls/globalSearch2c4c.html]
[class.foxconnect.kr/fox/cls/globalSearch7fd2.html]
[class.foxconnect.kr/fox/cls/globalSearch62c6.html]
[class.foxconnect.kr/fox/cls/globalSearchd766.html]
[class.foxconnect.kr/fox/cls/globalSearch2203.html]
[class.foxconnect.kr/fox/cls/globalSearch6a28.html]
[class.foxconnect.kr/fox/cls/globalSearch77fc.html]
[class.foxconnect.kr/fox/cls/globalSearch080f.html]
[class.foxconnect.kr/fox/cls/clsView2365.html]
[class.foxconnect.kr/contents/CLASS/THUMB/20250114/20250114043237236_thumb_1920x1080.jpg]
[class.foxconnect.kr/fox/cls/clsViewdbb1.html]
[class.foxconnect.kr/contents/CLASS/THUMB/20250114/20250114043338487_thumb_1920x1080.jpg]
[class.foxconnect.kr/fox/cls/clsViewe428.html]
[class.foxconnect.kr/contents/CLASS/THUMB/20250114/20250114044635577_thumb_1920x1080.jpg]
[class.foxconnect.kr/fox/cls/clsView1a5c.html]
[class.foxconnect.kr/contents/CLASS/THUMB/20250114/20250114044702621_thumb_1920x1080.jpg]
[class.foxconnect.kr/fox/cls/clsViewd687.html]
[class.foxconnect.kr/contents/CLASS/THUMB/20250114/20250114044951656_thumb_1920x1080.jpg]
[class.foxconnect.kr/fox/cls/clsViewb8a7.html]
[class.foxconnect.kr/contents/CLASS/THUMB/20250114/20250114045056471_thumb_1920x1080.jpg]
[class.foxconnect.kr/fox/cls/clsViewffd3.html]
[class.foxconnect.kr/contents/CLASS/THUMB/20250114/20250114045121061_thumb_1920x1080.jpg]
[class.foxconnect.kr/fox/cls/clsViewbbdb.html]
[class.foxconnect.kr/contents/CLASS/THUMB/20250117/20250117041211070_thumb_1920x1080.jpg]
[class.foxconnect.kr/fox/cls/clsViewc536.html]
[class.foxconnect.kr/contents/CLASS/THUMB/20250117/20250117041854072_thumb_1920x1080.jpg]
[class.foxconnect.kr/fox/cls/clsViewa3a1.html]
[class.foxconnect.kr/contents/CLASS/THUMB/20250117/20250117042116469_thumb_1920x1080.jpg]
[class.foxconnect.kr/fox/cls/clsView043c.html]
[class.foxconnect.kr/contents/CLASS/THUMB/20250117/20250117042254619_thumb_1920x1080.jpg]
[class.foxconnect.kr/fox/cls/clsView8812.html]
[class.foxconnect.kr/contents/CLASS/THUMB/20250117/20250117042333703_thumb_1920x1080.jpg]
[class.foxconnect.kr/fox/cls/clsView7824.html]
[class.foxconnect.kr/contents/CLASS/THUMB/20250117/20250117042716822_thumb_1920x1080.jpg]
[class.foxconnect.kr/fox/cls/clsView17fb.html]
[class.foxconnect.kr/contents/CLASS/THUMB/20250117/20250117043032120_thumb_1920x1080.jpg]
[class.foxconnect.kr/fox/cls/clsViewfb46.html]
[class.foxconnect.kr/contents/CLASS/THUMB/20250117/20250117043108877_thumb_1920x1080.jpg]
[class.foxconnect.kr/fox/cls/clsViewc00a.html]
[class.foxconnect.kr/contents/CLASS/THUMB/20250117/20250117043204193_thumb_1920x1080.jpg]
[class.foxconnect.kr/fox/cls/clsView4378.html]
[class.foxconnect.kr/contents/CLASS/THUMB/20250117/20250117043256169_thumb_1920x1080.jpg]
[class.foxconnect.kr/fox/cls/clsView9437.html]
[class.foxconnect.kr/fox/cls/globalSearch35cd.html]
[class.foxconnect.kr/contents/CLASS/THUMB/20250117/20250117043356937_thumb_1920x1080.jpg]
[class.foxconnect.kr/fox/cls/clsViewd73a.html]
[class.foxconnect.kr/contents/CLASS/THUMB/20250117/20250117043433803_thumb_1920x1080.jpg]
[class.foxconnect.kr/fox/cls/clsView9baa.html]
[class.foxconnect.kr/contents/CLASS/THUMB/20250117/20250117043607605_thumb_1920x1080.jpg]
[class.foxconnect.kr/fox/cls/clsView6b56.html]
[class.foxconnect.kr/contents/CLASS/THUMB/20250117/20250117044134444_thumb_1920x1080.jpg]
[class.foxconnect.kr/fox/cls/clsView658f.html]
[class.foxconnect.kr/contents/CLASS/THUMB/20250117/20250117044213863_thumb_1920x1080.jpg]
[class.foxconnect.kr/fox/cls/clsView2681.html]
[class.foxconnect.kr/contents/CLASS/THUMB/20250117/20250117044401817_thumb_1920x1080.jpg]
[class.foxconnect.kr/fox/cls/clsView57c7.html]
[class.foxconnect.kr/contents/CLASS/THUMB/20250117/20250117044443875_thumb_1920x1080.jpg]
[class.foxconnect.kr/fox/cls/clsViewdb01.html]
[class.foxconnect.kr/contents/CLASS/THUMB/20250117/20250117044520577_thumb_1920x1080.jpg]
[class.foxconnect.kr/fox/cls/clsViewc654.html]
[class.foxconnect.kr/contents/CLASS/THUMB/20250117/20250117044610760_thumb_1920x1080.jpg]
[class.foxconnect.kr/fox/cls/clsView4873.html]
[class.foxconnect.kr/contents/CLASS/THUMB/20250117/20250117044726732_thumb_1920x1080.jpg]
[class.foxconnect.kr/fox/cls/clsView9312.html]
[class.foxconnect.kr/contents/CLASS/THUMB/20250117/20250117044803207_thumb_1920x1080.jpg]
[class.foxconnect.kr/fox/cls/clsView1f3e.html]
[class.foxconnect.kr/contents/CLASS/THUMB/20250117/20250117044913963_thumb_1920x1080.jpg]
[class.foxconnect.kr/fox/cls/clsView48ce.html]
[class.foxconnect.kr/contents/CLASS/THUMB/20250117/20250117045018152_thumb_1920x1080.jpg]
[class.foxconnect.kr/fox/cls/clsView43f5.html]
[class.foxconnect.kr/contents/CLASS/THUMB/20250117/20250117045052805_thumb_1920x1080.jpg]
[class.foxconnect.kr/fox/cls/clsViewe0a7.html]
[class.foxconnect.kr/contents/CLASS/THUMB/20250117/20250117045306545_thumb_1920x1080.jpg]
[class.foxconnect.kr/fox/cls/clsViewbc45.html]
[class.foxconnect.kr/contents/CLASS/THUMB/20250117/20250117045443150_thumb_1920x1080.jpg]
[class.foxconnect.kr/fox/cls/clsViewcac2.html]
[class.foxconnect.kr/contents/CLASS/THUMB/20250117/20250117045608657_thumb_1920x1080.jpg]
[class.foxconnect.kr/fox/cls/clsViewd6e5.html]
[class.foxconnect.kr/contents/CLASS/THUMB/20250117/20250117045704501_thumb_1920x1080.jpg]
[class.foxconnect.kr/fox/cls/clsView8a8e.html]
[class.foxconnect.kr/contents/CLASS/THUMB/20250117/20250117045737341_thumb_1920x1080.jpg]
[class.foxconnect.kr/fox/cls/clsView32e5.html]
[class.foxconnect.kr/contents/CLASS/THUMB/20250117/20250117045825799_thumb_1920x1080.jpg]
[class.foxconnect.kr/fox/cls/clsView5efc.html]
[class.foxconnect.kr/contents/CLASS/THUMB/20250117/20250117045924291_thumb_1920x1080.jpg]
[class.foxconnect.kr/fox/cls/globalSearchff8e.html]
[class.foxconnect.kr/fox/cls/clsView7667.html]
[class.foxconnect.kr/contents/CLASS/THUMB/20250117/20250117050006926_thumb_1920x1080.jpg]
[class.foxconnect.kr/fox/cls/clsView271e-2.html]
[class.foxconnect.kr/contents/CLASS/THUMB/20250117/20250117050113146_thumb_1920x1080.jpg]
[class.foxconnect.kr/fox/cls/clsView7db1.html]
[class.foxconnect.kr/contents/CLASS/THUMB/20250117/20250117050143220_thumb_1920x1080.jpg]
[class.foxconnect.kr/fox/cls/clsView75b2.html]
[class.foxconnect.kr/contents/CLASS/THUMB/20250117/20250117050241607_thumb_1920x1080.jpg]
[class.foxconnect.kr/fox/cls/clsViewa304.html]
[class.foxconnect.kr/contents/CLASS/THUMB/20250117/20250117050430516_thumb_1920x1080.jpg]
[class.foxconnect.kr/fox/cls/clsView3a8b.html]
[class.foxconnect.kr/contents/CLASS/THUMB/20250117/20250117050533009_thumb_1920x1080.jpg]
[class.foxconnect.kr/fox/cls/clsView34a7.html]
[class.foxconnect.kr/contents/CLASS/THUMB/20250117/20250117050616037_thumb_1920x1080.jpg]
[class.foxconnect.kr/fox/cls/clsViewc740.html]
[class.foxconnect.kr/contents/CLASS/THUMB/20250117/20250117052047630_thumb_1920x1080.jpg]
[class.foxconnect.kr/fox/cls/clsViewafa4.html]
[class.foxconnect.kr/contents/CLASS/THUMB/20250117/20250117052353217_thumb_1920x1080.jpg]
[class.foxconnect.kr/fox/cls/clsViewa8f6-2.html]
[class.foxconnect.kr/contents/CLASS/THUMB/20250117/20250117052430054_thumb_1920x1080.jpg]
[class.foxconnect.kr/fox/cls/clsView9dff.html]
[class.foxconnect.kr/contents/CLASS/THUMB/20250117/20250117052540520_thumb_1920x1080.jpg]
[class.foxconnect.kr/fox/cls/clsView1915.html]
[class.foxconnect.kr/contents/CLASS/THUMB/20250117/20250117052619853_thumb_1920x1080.jpg]
[class.foxconnect.kr/fox/cls/clsViewe2f1.html]
[class.foxconnect.kr/contents/CLASS/THUMB/20250117/20250117052739686_thumb_1920x1080.jpg]
[class.foxconnect.kr/fox/cls/clsViewcf7b.html]
[class.foxconnect.kr/contents/CLASS/THUMB/20250117/20250117052920929_thumb_1920x1080.jpg]
[class.foxconnect.kr/fox/cls/clsViewe108.html]
[class.foxconnect.kr/contents/CLASS/THUMB/20250117/20250117053021087_thumb_1920x1080.jpg]
[class.foxconnect.kr/fox/cls/clsView77d3.html]
[class.foxconnect.kr/contents/CLASS/THUMB/20250117/20250117053056971_thumb_1920x1080.jpg]
[class.foxconnect.kr/fox/cls/clsView8c94.html]
[class.foxconnect.kr/contents/CLASS/THUMB/20250117/20250117053125412_thumb_1920x1080.jpg]
[class.foxconnect.kr/fox/cls/clsViewb45e.html]
[class.foxconnect.kr/contents/CLASS/THUMB/20250117/20250117053214783_thumb_1920x1080.jpg]
[class.foxconnect.kr/fox/cls/clsView7867.html]
[class.foxconnect.kr/contents/CLASS/THUMB/20250117/20250117053256468_thumb_1920x1080.jpg]
[class.foxconnect.kr/fox/cls/clsView9dfd.html]
[class.foxconnect.kr/fox/cls/globalSearchcb6a.html]
[class.foxconnect.kr/contents/CLASS/THUMB/20250120/20250120090120824_thumb_1920x1080.jpg]
[class.foxconnect.kr/fox/cls/clsView9264.html]
[class.foxconnect.kr/contents/CLASS/THUMB/20250120/20250120090323683_thumb_1920x1080.jpg]
[class.foxconnect.kr/fox/cls/clsView2ccf.html]
[class.foxconnect.kr/contents/CLASS/THUMB/20250120/20250120090421618_thumb_1920x1080.jpg]
[class.foxconnect.kr/fox/cls/clsView4f2e.html]
[class.foxconnect.kr/contents/CLASS/THUMB/20250120/20250120091508914_thumb_1920x1080.jpg]
[class.foxconnect.kr/fox/cls/clsViewd06f.html]
[class.foxconnect.kr/contents/CLASS/THUMB/20250120/20250120091540351_thumb_1920x1080.jpg]
[class.foxconnect.kr/fox/cls/clsView7c00.html]
[class.foxconnect.kr/contents/CLASS/THUMB/20250120/20250120091613792_thumb_1920x1080.jpg]
[class.foxconnect.kr/fox/cls/clsViewfa92.html]
[class.foxconnect.kr/contents/CLASS/THUMB/20250120/20250120091645509_thumb_1920x1080.jpg]
[class.foxconnect.kr/fox/cls/clsView9481.html]
[class.foxconnect.kr/contents/CLASS/THUMB/20250120/20250120091719632_thumb_1920x1080.jpg]
[class.foxconnect.kr/fox/cls/clsView6c9a.html]
[class.foxconnect.kr/contents/CLASS/THUMB/20250120/20250120091758135_thumb_1920x1080.jpg]
[class.foxconnect.kr/fox/cls/clsView2f35.html]
[class.foxconnect.kr/contents/CLASS/THUMB/20250120/20250120091836838_thumb_1920x1080.jpg]
[class.foxconnect.kr/fox/cls/clsViewff8d.html]
[class.foxconnect.kr/contents/CLASS/THUMB/20250120/20250120091916935_thumb_1920x1080.jpg]
[class.foxconnect.kr/fox/cls/clsViewfe48.html]
[class.foxconnect.kr/contents/CLASS/THUMB/20250120/20250120091959860_thumb_1920x1080.jpg]
[class.foxconnect.kr/fox/cls/clsView390c.html]
[class.foxconnect.kr/contents/CLASS/THUMB/20250120/20250120092042640_thumb_1920x1080.jpg]
[class.foxconnect.kr/fox/cls/clsView5f73.html]
[class.foxconnect.kr/contents/CLASS/THUMB/20250120/20250120092122771_thumb_1920x1080.jpg]
[class.foxconnect.kr/fox/cls/clsViewfc27.html]
[class.foxconnect.kr/contents/CLASS/THUMB/20250120/20250120092154776_thumb_1920x1080.jpg]
[class.foxconnect.kr/fox/cls/clsViewf572.html]
[class.foxconnect.kr/contents/CLASS/THUMB/20250120/20250120092226953_thumb_1920x1080.jpg]
[class.foxconnect.kr/fox/cls/clsViewad04.html]
[class.foxconnect.kr/contents/CLASS/THUMB/20250120/20250120092259260_thumb_1920x1080.jpg]
[class.foxconnect.kr/fox/cls/clsView6e7d.html]
[class.foxconnect.kr/contents/CLASS/THUMB/20250120/20250120092342668_thumb_1920x1080.jpg]
[class.foxconnect.kr/fox/cls/clsView695f.html]
[class.foxconnect.kr/contents/CLASS/THUMB/20250120/20250120092418839_thumb_1920x1080.jpg]
[class.foxconnect.kr/fox/cls/clsView4cbc.html]
[class.foxconnect.kr/contents/CLASS/THUMB/20250120/20250120092504878_thumb_1920x1080.jpg]
[class.foxconnect.kr/fox/cls/clsViewdbda.html]
[class.foxconnect.kr/fox/cls/globalSearch4142.html]
[class.foxconnect.kr/contents/CLASS/THUMB/20250120/20250120092538163_thumb_1920x1080.jpg]
[class.foxconnect.kr/fox/cls/clsView796c.html]
[class.foxconnect.kr/contents/CLASS/THUMB/20250120/20250120092633513_thumb_1920x1080.jpg]
[class.foxconnect.kr/fox/cls/clsViewcd26.html]
[class.foxconnect.kr/contents/CLASS/THUMB/20250120/20250120092713267_thumb_1920x1080.jpg]
[class.foxconnect.kr/fox/cls/clsView647b.html]
[class.foxconnect.kr/contents/CLASS/THUMB/20250120/20250120092749514_thumb_1920x1080.jpg]
[class.foxconnect.kr/fox/cls/clsView9104.html]
[class.foxconnect.kr/contents/CLASS/THUMB/20250120/20250120092851832_thumb_1920x1080.jpg]
[class.foxconnect.kr/fox/cls/clsViewffb1.html]
[class.foxconnect.kr/contents/CLASS/THUMB/20250120/20250120092924406_thumb_1920x1080.jpg]
[class.foxconnect.kr/fox/cls/clsView7a86.html]
[class.foxconnect.kr/contents/CLASS/THUMB/20250120/20250120092954011_thumb_1920x1080.jpg]
[class.foxconnect.kr/fox/cls/clsViewa5d8.html]
[class.foxconnect.kr/contents/CLASS/THUMB/20250120/20250120093027342_thumb_1920x1080.jpg]
[class.foxconnect.kr/fox/cls/clsView0d79.html]
[class.foxconnect.kr/contents/CLASS/THUMB/20250120/20250120093101542_thumb_1920x1080.jpg]
[class.foxconnect.kr/fox/cls/clsView92eb.html]
[class.foxconnect.kr/contents/CLASS/THUMB/20250120/20250120093200815_thumb_1920x1080.jpg]
[class.foxconnect.kr/fox/cls/clsView12d1.html]
[class.foxconnect.kr/contents/CLASS/THUMB/20250120/20250120093256052_thumb_1920x1080.jpg]
[class.foxconnect.kr/fox/cls/clsView6bb2.html]
[class.foxconnect.kr/contents/CLASS/THUMB/20250120/20250120093334596_thumb_1920x1080.jpg]
[class.foxconnect.kr/fox/cls/clsView5e6a.html]
[class.foxconnect.kr/contents/CLASS/THUMB/20250120/20250120093410820_thumb_1920x1080.jpg]
[class.foxconnect.kr/fox/cls/clsView0e60.html]
[class.foxconnect.kr/contents/CLASS/THUMB/20250120/20250120093441535_thumb_1920x1080.jpg]
[class.foxconnect.kr/fox/cls/clsView888d.html]
[class.foxconnect.kr/contents/CLASS/THUMB/20250120/20250120093522981_thumb_1920x1080.jpg]
[class.foxconnect.kr/fox/cls/clsView079b.html]
[class.foxconnect.kr/contents/CLASS/THUMB/20250120/20250120093557519_thumb_1920x1080.jpg]
[class.foxconnect.kr/fox/cls/clsView8418.html]
[class.foxconnect.kr/contents/CLASS/THUMB/20250120/20250120093735302_thumb_1920x1080.jpg]
[class.foxconnect.kr/fox/cls/clsVieweacc.html]
[class.foxconnect.kr/contents/CLASS/THUMB/20250120/20250120093816914_thumb_1920x1080.jpg]
[class.foxconnect.kr/fox/cls/clsViewb1e9.html]
[class.foxconnect.kr/contents/CLASS/THUMB/20250120/20250120093851811_thumb_1920x1080.jpg]
[class.foxconnect.kr/fox/cls/clsViewe421.html]
[class.foxconnect.kr/contents/CLASS/THUMB/20250120/20250120093923928_thumb_1920x1080.jpg]
[class.foxconnect.kr/fox/cls/clsView7995.html]
[class.foxconnect.kr/fox/cls/globalSearch399e.html]
[class.foxconnect.kr/contents/CLASS/THUMB/20250120/20250120094015593_thumb_1920x1080.jpg]
[class.foxconnect.kr/fox/cls/clsView35e7.html]
[class.foxconnect.kr/contents/CLASS/THUMB/20250120/20250120094105478_thumb_1920x1080.jpg]
[class.foxconnect.kr/fox/cls/clsView7e5a.html]
[class.foxconnect.kr/contents/CLASS/THUMB/20250120/20250120094202902_thumb_1920x1080.jpg]
[class.foxconnect.kr/fox/cls/clsView7ef4.html]
[class.foxconnect.kr/contents/CLASS/THUMB/20250120/20250120094259233_thumb_1920x1080.jpg]
[class.foxconnect.kr/fox/cls/clsView17ae.html]
[class.foxconnect.kr/contents/CLASS/THUMB/20250120/20250120094336597_thumb_1920x1080.jpg]
[class.foxconnect.kr/fox/cls/clsViewab0a.html]
[class.foxconnect.kr/contents/CLASS/THUMB/20250120/20250120094405166_thumb_1920x1080.jpg]
[class.foxconnect.kr/fox/cls/clsViewb47a.html]
[class.foxconnect.kr/contents/CLASS/THUMB/20250120/20250120094435557_thumb_1920x1080.jpg]
[class.foxconnect.kr/fox/cls/clsView7e7a.html]
[class.foxconnect.kr/contents/CLASS/THUMB/20250120/20250120094545474_thumb_1920x1080.jpg]
[class.foxconnect.kr/fox/cls/clsView1fe8.html]
[class.foxconnect.kr/contents/CLASS/THUMB/20250120/20250120094616779_thumb_1920x1080.jpg]
[class.foxconnect.kr/fox/cls/clsView5e11.html]
[class.foxconnect.kr/contents/CLASS/THUMB/20250120/20250120094652911_thumb_1920x1080.jpg]
[class.foxconnect.kr/fox/cls/clsView8eb9.html]
[class.foxconnect.kr/contents/CLASS/THUMB/20250120/20250120094808939_thumb_1920x1080.jpg]
[class.foxconnect.kr/fox/cls/clsView54f5.html]
[class.foxconnect.kr/contents/CLASS/THUMB/20250120/20250120094851465_thumb_1920x1080.jpg]
[class.foxconnect.kr/fox/cls/clsView4887.html]
[class.foxconnect.kr/contents/CLASS/THUMB/20250120/20250120094928949_thumb_1920x1080.jpg]
[class.foxconnect.kr/fox/cls/clsView0dc6.html]
[class.foxconnect.kr/contents/CLASS/THUMB/20250120/20250120095021979_thumb_1920x1080.jpg]
[class.foxconnect.kr/fox/cls/clsView0519.html]
[class.foxconnect.kr/contents/CLASS/THUMB/20250120/20250120095135845_thumb_1920x1080.jpg]
[class.foxconnect.kr/fox/cls/clsViewf12a.html]
[class.foxconnect.kr/contents/CLASS/THUMB/20250120/20250120100607703_thumb_1920x1080.jpg]
[class.foxconnect.kr/fox/cls/clsView8250.html]
[class.foxconnect.kr/contents/CLASS/THUMB/20250120/20250120100700298_thumb_1920x1080.jpg]
[class.foxconnect.kr/fox/cls/clsViewfe01.html]
[class.foxconnect.kr/contents/CLASS/THUMB/20250120/20250120101032967_thumb_1920x1080.jpg]
[class.foxconnect.kr/fox/cls/clsViewcaff.html]
[class.foxconnect.kr/contents/CLASS/THUMB/20250120/20250120101136805_thumb_1920x1080.jpg]
[class.foxconnect.kr/fox/cls/clsView5c17.html]
[class.foxconnect.kr/contents/CLASS/THUMB/20250120/20250120101307789_thumb_1920x1080.jpg]
[class.foxconnect.kr/fox/cls/clsViewc53d.html]
[class.foxconnect.kr/contents/CLASS/THUMB/20250120/20250120101522737_thumb_1920x1080.jpg]
[class.foxconnect.kr/fox/cls/globalSearch35d1.html]
[class.foxconnect.kr/fox/cls/clsView8517.html]
[class.foxconnect.kr/fox/cls/clsView74a8.html]
[class.foxconnect.kr/fox/cls/clsView0c5f.html]
[class.foxconnect.kr/fox/cls/clsView69d8.html]
[class.foxconnect.kr/fox/cls/clsView32fe.html]
[class.foxconnect.kr/fox/cls/clsView5da4.html]
[class.foxconnect.kr/fox/cls/clsView4d09.html]
[class.foxconnect.kr/fox/cls/clsView9d3a.html]
[class.foxconnect.kr/fox/cls/clsView3dc2.html]
[class.foxconnect.kr/fox/cls/clsViewe175.html]
[class.foxconnect.kr/fox/cls/clsView552a.html]
[class.foxconnect.kr/fox/cls/clsViewef4e.html]
[class.foxconnect.kr/fox/cls/clsView93f6.html]
[class.foxconnect.kr/fox/cls/clsViewa0ce.html]
[class.foxconnect.kr/fox/cls/clsView758f.html]
[class.foxconnect.kr/fox/cls/clsView089f.html]
[class.foxconnect.kr/fox/cls/clsView0f42.html]
[class.foxconnect.kr/fox/cls/clsView6d0e.html]
[class.foxconnect.kr/fox/cls/clsView22b6.html]
[class.foxconnect.kr/fox/cls/clsView54bd.html]
[class.foxconnect.kr/fox/cls/clsViewe778.html]
[class.foxconnect.kr/fox/cls/clsView4359.html]
[class.foxconnect.kr/fox/cls/clsViewe569.html]
[class.foxconnect.kr/fox/cls/clsView5136.html]
[class.foxconnect.kr/fox/cls/clsView5ea2.html]
[class.foxconnect.kr/fox/cls/clsView238a.html]
[class.foxconnect.kr/fox/cls/clsViewb2ef.html]
[class.foxconnect.kr/fox/cls/clsView292c.html]
[class.foxconnect.kr/fox/cls/clsView3810.html]
[class.foxconnect.kr/fox/cls/clsViewe79a.html]
[class.foxconnect.kr/fox/cls/clsViewd965.html]
[class.foxconnect.kr/fox/cls/clsView8f29.html]
[class.foxconnect.kr/fox/cls/globalSearch4238.html]
[class.foxconnect.kr/fox/cls/globalSearch981f.html]
[class.foxconnect.kr/fox/cls/globalSearch809c.html]
[class.foxconnect.kr/fox/cls/globalSearch2e59.html]
[class.foxconnect.kr/fox/cls/globalSearch026a.html]
[class.foxconnect.kr/fox/cls/globalSearch4a3a.html]
[class.foxconnect.kr/fox/cls/globalSearchb0d2.html]
[class.foxconnect.kr/fox/cls/globalSearch78f6.html]
[class.foxconnect.kr/fox/cls/clsView4178.html]
[class.foxconnect.kr/contents/CLASS/THUMB/20241223/20241223025323120_thumb_1920x1080.jpg]
[class.foxconnect.kr/fox/cls/clsView1490.html]
[class.foxconnect.kr/contents/CLASS/THUMB/20241223/20241223025401634_thumb_1920x1080.jpg]
[class.foxconnect.kr/fox/cls/clsViewf5d7.html]
[class.foxconnect.kr/contents/CLASS/THUMB/20241223/20241223025448371_thumb_1920x1080.jpg]
[class.foxconnect.kr/fox/cls/clsView3e60.html]
[class.foxconnect.kr/contents/CLASS/THUMB/20241223/20241223030857870_thumb_1920x1080.jpg]
[class.foxconnect.kr/fox/cls/clsView165e.html]
[class.foxconnect.kr/contents/CLASS/THUMB/20241223/20241223025534176_thumb_1920x1080.jpg]
[class.foxconnect.kr/fox/cls/clsView9f7d.html]
[class.foxconnect.kr/contents/CLASS/THUMB/20241223/20241223031546306_thumb_1920x1080.jpg]
[class.foxconnect.kr/fox/cls/clsView4937.html]
[class.foxconnect.kr/contents/CLASS/THUMB/20241223/20241223031633209_thumb_1920x1080.jpg]
[class.foxconnect.kr/fox/cls/clsView764b.html]
[class.foxconnect.kr/contents/CLASS/THUMB/20241223/20241223031711302_thumb_1920x1080.jpg]
[class.foxconnect.kr/fox/cls/clsView93a2.html]
[class.foxconnect.kr/contents/CLASS/THUMB/20241223/20241223031743423_thumb_1920x1080.jpg]
[class.foxconnect.kr/fox/cls/clsView4887-2.html]
[class.foxconnect.kr/contents/CLASS/THUMB/20241223/20241223031813547_thumb_1920x1080.jpg]
[class.foxconnect.kr/fox/cls/clsViewdc0a.html]
[class.foxconnect.kr/contents/CLASS/THUMB/20241223/20241223031820710_thumb_1920x1080.jpg]
[class.foxconnect.kr/fox/cls/clsView87e4-2.html]
[class.foxconnect.kr/contents/CLASS/THUMB/20241223/20241223031842776_thumb_1920x1080.jpg]
[class.foxconnect.kr/fox/cls/clsViewae84.html]
[class.foxconnect.kr/fox/cls/globalSearchf545.html]
[class.foxconnect.kr/contents/CLASS/THUMB/20241223/20241223031944081_thumb_1920x1080.jpg]
[class.foxconnect.kr/fox/cls/clsView0f0d.html]
[class.foxconnect.kr/contents/CLASS/THUMB/20241223/20241223032040520_thumb_1920x1080.jpg]
[class.foxconnect.kr/fox/cls/clsView6e71.html]
[class.foxconnect.kr/contents/CLASS/THUMB/20241223/20241223032121900_thumb_1920x1080.jpg]
[class.foxconnect.kr/fox/cls/clsView4108.html]
[class.foxconnect.kr/contents/CLASS/THUMB/20241223/20241223032217921_thumb_1920x1080.jpg]
[class.foxconnect.kr/fox/cls/clsViewcfbf.html]
[class.foxconnect.kr/contents/CLASS/THUMB/20241223/20241223032308441_thumb_1920x1080.jpg]
[class.foxconnect.kr/fox/cls/clsViewd8f4.html]
[class.foxconnect.kr/contents/CLASS/THUMB/20241223/20241223035323055_thumb_1920x1080.jpg]
[class.foxconnect.kr/fox/cls/clsView8a21.html]
[class.foxconnect.kr/contents/CLASS/THUMB/20241223/20241223035420454_thumb_1920x1080.jpg]
[class.foxconnect.kr/fox/cls/clsViewaa00.html]
[class.foxconnect.kr/contents/CLASS/THUMB/20241223/20241223035453743_thumb_1920x1080.jpg]
[class.foxconnect.kr/fox/cls/clsViewab84.html]
[class.foxconnect.kr/contents/CLASS/THUMB/20241223/20241223035923779_thumb_1920x1080.jpg]
[class.foxconnect.kr/fox/cls/clsViewef35.html]
[class.foxconnect.kr/contents/CLASS/THUMB/20241223/20241223040013100_thumb_1920x1080.jpg]
[class.foxconnect.kr/fox/cls/clsView7202.html]
[class.foxconnect.kr/contents/CLASS/THUMB/20241223/20241223040105239_thumb_1920x1080.jpg]
[class.foxconnect.kr/fox/cls/clsViewf385.html]
[class.foxconnect.kr/contents/CLASS/THUMB/20241223/20241223040145425_thumb_1920x1080.jpg]
[class.foxconnect.kr/fox/cls/clsViewbf43.html]
[class.foxconnect.kr/contents/CLASS/THUMB/20241223/20241223040312641_thumb_1920x1080.jpg]
[class.foxconnect.kr/fox/cls/clsViewd367.html]
[class.foxconnect.kr/contents/CLASS/THUMB/20241223/20241223040414168_thumb_1920x1080.jpg]
[class.foxconnect.kr/fox/cls/clsViewbd7b.html]
[class.foxconnect.kr/contents/CLASS/THUMB/20241223/20241223040453032_thumb_1920x1080.jpg]
[class.foxconnect.kr/fox/cls/clsView0e64.html]
[class.foxconnect.kr/contents/CLASS/THUMB/20241223/20241223040539623_thumb_1920x1080.jpg]
[class.foxconnect.kr/fox/cls/clsViewefd8.html]
[class.foxconnect.kr/contents/CLASS/THUMB/20241223/20241223040638246_thumb_1920x1080.jpg]
[class.foxconnect.kr/fox/cls/clsView0ec6.html]
[class.foxconnect.kr/contents/CLASS/THUMB/20241223/20241223040717764_thumb_1920x1080.jpg]
[class.foxconnect.kr/fox/cls/clsViewce6d.html]
[class.foxconnect.kr/contents/CLASS/THUMB/20241223/20241223040756315_thumb_1920x1080.jpg]
[class.foxconnect.kr/fox/cls/clsView56ca.html]
[class.foxconnect.kr/contents/CLASS/THUMB/20241223/20241223040838458_thumb_1920x1080.jpg]
[class.foxconnect.kr/fox/cls/clsView0a77.html]
[class.foxconnect.kr/contents/CLASS/THUMB/20241223/20241223041107222_thumb_1920x1080.jpg]
[class.foxconnect.kr/fox/cls/globalSearchc63c.html]
[class.foxconnect.kr/fox/cls/globalSearch701b.html]
[class.foxconnect.kr/fox/cls/globalSearchf7a1.html]
[class.foxconnect.kr/fox/cls/globalSearch39d9.html]
[class.foxconnect.kr/fox/cls/globalSearchadc5.html]
[class.foxconnect.kr/fox/cls/globalSearchd3ee.html]
[class.foxconnect.kr/fox/cls/globalSearch1889.html]
[class.foxconnect.kr/fox/cls/globalSearch6d0f.html]
[class.foxconnect.kr/fox/cls/globalSearchf209.html]
[class.foxconnect.kr/fox/cls/globalSearchef67.html]
[class.foxconnect.kr/fox/cls/globalSearchefb2.html]
[class.foxconnect.kr/fox/cls/clsView3cfc.html]
[class.foxconnect.kr/fox/cls/clsView6bca.html]
[class.foxconnect.kr/fox/cls/clsView88d3.html]
[class.foxconnect.kr/fox/cls/clsViewcb62.html]
[class.foxconnect.kr/fox/cls/clsViewe734.html]
[class.foxconnect.kr/fox/cls/clsView5b0f.html]
[class.foxconnect.kr/contents/CLASS/THUMB/20241213/20241213123633770_thumb_1920x1080.jpg]
[class.foxconnect.kr/fox/cls/clsViewb511.html]
[class.foxconnect.kr/contents/CLASS/THUMB/20241213/20241213123705059_thumb_1920x1080.jpg]
[class.foxconnect.kr/fox/cls/clsViewe6c2.html]
[class.foxconnect.kr/contents/CLASS/THUMB/20241213/20241213123734451_thumb_1920x1080.jpg]
[class.foxconnect.kr/fox/cls/clsViewafec.html]
[class.foxconnect.kr/contents/CLASS/THUMB/20241213/20241213123807886_thumb_1920x1080.jpg]
[class.foxconnect.kr/fox/cls/clsViewff23.html]
[class.foxconnect.kr/contents/CLASS/THUMB/20241213/20241213123840332_thumb_1920x1080.jpg]
[class.foxconnect.kr/fox/cls/clsView5cbe.html]
[class.foxconnect.kr/contents/CLASS/THUMB/20241213/20241213124635270_thumb_1920x1080.jpg]
[class.foxconnect.kr/fox/cls/clsViewa207.html]
[class.foxconnect.kr/contents/CLASS/THUMB/20241213/20241213124710947_thumb_1920x1080.jpg]
[class.foxconnect.kr/fox/cls/clsView5fa2.html]
[class.foxconnect.kr/contents/CLASS/THUMB/20241213/20241213124742804_thumb_1920x1080.jpg]
[class.foxconnect.kr/fox/cls/clsViewb131.html]
[class.foxconnect.kr/contents/CLASS/THUMB/20241213/20241213124815048_thumb_1920x1080.jpg]
[class.foxconnect.kr/fox/cls/clsViewe510.html]
[class.foxconnect.kr/contents/CLASS/THUMB/20241213/20241213124858956_thumb_1920x1080.jpg]
[class.foxconnect.kr/fox/cls/clsView09ec.html]
[class.foxconnect.kr/contents/CLASS/THUMB/20241213/20241213124929562_thumb_1920x1080.jpg]
[class.foxconnect.kr/fox/cls/clsViewc90b.html]
[class.foxconnect.kr/contents/CLASS/THUMB/20241213/20241213125011244_thumb_1920x1080.jpg]
[class.foxconnect.kr/fox/cls/clsView387c.html]
[class.foxconnect.kr/contents/CLASS/THUMB/20241213/20241213125043000_thumb_1920x1080.jpg]
[class.foxconnect.kr/fox/cls/clsView8f68.html]
[class.foxconnect.kr/contents/CLASS/THUMB/20241213/20241213125116400_thumb_1920x1080.jpg]
[class.foxconnect.kr/fox/cls/clsVieweb7d.html]
[class.foxconnect.kr/contents/CLASS/THUMB/20241213/20241213125823558_thumb_1920x1080.jpg]
[class.foxconnect.kr/fox/cls/clsViewc446.html]
[class.foxconnect.kr/contents/CLASS/THUMB/20241213/20241213125858803_thumb_1920x1080.jpg]
[class.foxconnect.kr/fox/cls/clsViewd469.html]
[class.foxconnect.kr/contents/CLASS/THUMB/20241213/20241213125930282_thumb_1920x1080.jpg]
[class.foxconnect.kr/fox/cls/clsView986e.html]
[class.foxconnect.kr/contents/CLASS/THUMB/20241213/20241213010002471_thumb_1920x1080.jpg]
[class.foxconnect.kr/fox/cls/clsViewdcb7.html]
[class.foxconnect.kr/contents/CLASS/THUMB/20241213/20241213010035439_thumb_1920x1080.jpg]
[class.foxconnect.kr/fox/cls/clsViewf7b3.html]
[class.foxconnect.kr/contents/CLASS/THUMB/20241213/20241213010107786_thumb_1920x1080.jpg]
[class.foxconnect.kr/fox/cls/globalSearch105e.html]
[class.foxconnect.kr/fox/cls/globalSearchab0c.html]
[class.foxconnect.kr/fox/cls/globalSearchb5b1.html]
[class.foxconnect.kr/fox/cls/globalSearchf153.html]
[class.foxconnect.kr/fox/cls/globalSearch2f74.html]
[class.foxconnect.kr/fox/cls/globalSearch3719.html]
[class.foxconnect.kr/fox/cls/globalSearch02d7.html]
[class.foxconnect.kr/fox/cls/globalSearch9081.html]
[class.foxconnect.kr/fox/cls/globalSearch0ea2.html]
[class.foxconnect.kr/fox/cls/globalSearchef1c.html]
[class.foxconnect.kr/fox/cls/globalSearchba7b.html]
[class.foxconnect.kr/fox/cls/clsView0efe.html]
[class.foxconnect.kr/fox/cls/clsView474e.html]
[class.foxconnect.kr/fox/cls/clsView3cc0.html]
[class.foxconnect.kr/fox/cls/clsView3428.html]
[class.foxconnect.kr/fox/cls/clsView7435.html]
[class.foxconnect.kr/fox/cls/clsView692f.html]
[class.foxconnect.kr/fox/cls/clsViewd0b4.html]
[class.foxconnect.kr/fox/cls/clsViewdbe6.html]
[class.foxconnect.kr/fox/cls/clsViewf41d.html]
[class.foxconnect.kr/fox/cls/clsView6a76.html]
[class.foxconnect.kr/fox/cls/clsView0737.html]
[class.foxconnect.kr/fox/cls/clsView7549.html]
[class.foxconnect.kr/fox/cls/clsViewcbe2.html]
[class.foxconnect.kr/fox/cls/clsView5b98.html]
[class.foxconnect.kr/fox/cls/clsView34a0.html]
[class.foxconnect.kr/fox/cls/clsView9077.html]
[class.foxconnect.kr/fox/cls/clsView400f.html]
[class.foxconnect.kr/fox/cls/clsView4b5d.html]
[class.foxconnect.kr/fox/cls/clsView588f.html]
[class.foxconnect.kr/fox/cls/clsView8633.html]
[class.foxconnect.kr/fox/cls/clsView0552.html]
[class.foxconnect.kr/fox/cls/clsViewc673.html]
[class.foxconnect.kr/fox/cls/clsView234b.html]
[class.foxconnect.kr/fox/cls/clsViewe65d.html]
[class.foxconnect.kr/fox/cls/clsView79e4.html]
[class.foxconnect.kr/fox/cls/clsView2d0c.html]
[class.foxconnect.kr/fox/cls/clsViewe731.html]
[class.foxconnect.kr/fox/cls/clsView7fcf.html]
[class.foxconnect.kr/fox/cls/clsViewe96b.html]
[class.foxconnect.kr/fox/cls/clsViewa5a9.html]
[class.foxconnect.kr/fox/cls/clsView14eb.html]
[class.foxconnect.kr/fox/cls/clsView1a40.html]
[class.foxconnect.kr/fox/cls/clsView08db.html]
[class.foxconnect.kr/fox/cls/clsView71ff.html]
[class.foxconnect.kr/fox/cls/clsView50ce.html]
[class.foxconnect.kr/fox/cls/clsView38ff.html]
[class.foxconnect.kr/fox/cls/clsView2076.html]
[class.foxconnect.kr/fox/cls/clsViewd174.html]
[class.foxconnect.kr/fox/cls/clsViewc3b0.html]
[class.foxconnect.kr/fox/cls/clsViewcb1e.html]
[class.foxconnect.kr/fox/cls/clsViewe262.html]
[class.foxconnect.kr/fox/cls/clsViewe89b.html]
[class.foxconnect.kr/fox/cls/clsViewcd73.html]
[class.foxconnect.kr/fox/cls/clsView6244.html]
[class.foxconnect.kr/fox/cls/clsView718d.html]
[class.foxconnect.kr/fox/cls/clsView8500.html]
[class.foxconnect.kr/fox/cls/clsViewf62c.html]
[class.foxconnect.kr/fox/cls/clsView0659.html]
[class.foxconnect.kr/fox/cls/clsViewcb68.html]
[class.foxconnect.kr/fox/cls/clsViewabff.html]
[class.foxconnect.kr/fox/cls/clsView2e10.html]
[class.foxconnect.kr/fox/cls/clsView7421.html]
[class.foxconnect.kr/fox/cls/clsViewd25f.html]
[class.foxconnect.kr/fox/cls/clsViewcd51.html]
[class.foxconnect.kr/fox/cls/clsView862c.html]
[class.foxconnect.kr/fox/cls/clsViewdd25.html]
[class.foxconnect.kr/fox/cls/clsView0109.html]
[class.foxconnect.kr/fox/cls/clsView6d88.html]
[class.foxconnect.kr/fox/cls/clsView49d1.html]
[class.foxconnect.kr/fox/cls/clsView78b5.html]
[class.foxconnect.kr/fox/cls/clsView1ec9.html]
[class.foxconnect.kr/fox/cls/clsView7dff.html]
[class.foxconnect.kr/fox/cls/clsViewba4e.html]
[class.foxconnect.kr/fox/cls/clsView29f2.html]
[class.foxconnect.kr/fox/cls/clsViewa472.html]
[class.foxconnect.kr/fox/cls/clsView71a9.html]
[class.foxconnect.kr/fox/cls/clsView25b0.html]
[class.foxconnect.kr/fox/cls/clsViewd7ec.html]
[class.foxconnect.kr/fox/cls/clsView9b1a.html]
[class.foxconnect.kr/fox/cls/clsViewb819.html]
[class.foxconnect.kr/fox/cls/clsViewd4ab.html]
[class.foxconnect.kr/fox/cls/clsView25b0-2.html]
[class.foxconnect.kr/fox/cls/clsViewd90f.html]
[class.foxconnect.kr/fox/cls/clsView15dd.html]
[class.foxconnect.kr/fox/cls/clsView6ec5.html]
[class.foxconnect.kr/fox/cls/clsView9ade.html]
[class.foxconnect.kr/fox/cls/clsView9141.html]
[class.foxconnect.kr/fox/cls/clsView08c5.html]
[class.foxconnect.kr/fox/cls/clsView14ec.html]
[class.foxconnect.kr/fox/cls/clsView3e54.html]
[class.foxconnect.kr/fox/cls/clsViewf45d.html]
[class.foxconnect.kr/fox/cls/clsView864a.html]
[class.foxconnect.kr/fox/cls/clsView079f.html]
[class.foxconnect.kr/fox/cls/clsViewa8d1.html]
[class.foxconnect.kr/fox/cls/clsView2b10.html]
[class.foxconnect.kr/fox/cls/clsViewcd54.html]
[class.foxconnect.kr/fox/cls/clsView2400.html]
[class.foxconnect.kr/fox/cls/clsViewfe5b.html]
[class.foxconnect.kr/fox/cls/clsView308c.html]
[class.foxconnect.kr/fox/cls/clsViewf749.html]
[class.foxconnect.kr/fox/cls/clsViewacdc.html]
[class.foxconnect.kr/fox/cls/clsView6c79.html]
[class.foxconnect.kr/fox/cls/clsViewbfce.html]
[class.foxconnect.kr/fox/cls/clsView8e72.html]
[class.foxconnect.kr/fox/cls/clsViewab2f.html]
[class.foxconnect.kr/fox/cls/clsViewc896.html]
[class.foxconnect.kr/fox/cls/clsViewb517.html]
[class.foxconnect.kr/fox/cls/clsView8fa9.html]
[class.foxconnect.kr/fox/cls/clsView27fb.html]
[class.foxconnect.kr/fox/cls/clsView2616.html]
[class.foxconnect.kr/fox/cls/clsView1259.html]
[class.foxconnect.kr/fox/cls/clsView41fe.html]
[class.foxconnect.kr/fox/cls/clsView303b.html]
[class.foxconnect.kr/fox/cls/clsViewd70c.html]
[class.foxconnect.kr/fox/cls/clsViewbd92.html]
[class.foxconnect.kr/fox/cls/clsView7d73.html]
[class.foxconnect.kr/fox/cls/clsView08a2.html]
[class.foxconnect.kr/fox/cls/clsViewf48d.html]
[class.foxconnect.kr/fox/cls/clsView4c8a.html]
[class.foxconnect.kr/fox/cls/clsVieweff7.html]
[class.foxconnect.kr/fox/cls/clsView30e8.html]
[class.foxconnect.kr/fox/cls/clsView2c11.html]
[class.foxconnect.kr/fox/cls/clsView7894.html]
[class.foxconnect.kr/fox/cls/clsView8b6c.html]
[class.foxconnect.kr/fox/cls/clsView0799.html]
[class.foxconnect.kr/fox/cls/clsViewd195.html]
[class.foxconnect.kr/fox/cls/clsViewdaac.html]
[class.foxconnect.kr/fox/cls/clsViewd639.html]
[class.foxconnect.kr/fox/cls/clsView8d71.html]
[class.foxconnect.kr/fox/cls/clsViewa0d3.html]
[class.foxconnect.kr/fox/cls/clsVieweab0.html]
[class.foxconnect.kr/fox/cls/clsView97cb.html]
[class.foxconnect.kr/fox/cls/clsView3f21.html]
[class.foxconnect.kr/fox/cls/clsView9e14.html]
[class.foxconnect.kr/fox/cls/clsViewffcc.html]
[class.foxconnect.kr/fox/cls/clsView9e2e.html]
[class.foxconnect.kr/fox/cls/clsView505b.html]
[class.foxconnect.kr/fox/cls/clsViewb013.html]
[class.foxconnect.kr/fox/cls/clsView2796.html]
[class.foxconnect.kr/fox/cls/clsViewbf57.html]
[class.foxconnect.kr/fox/cls/clsView00e9.html]
[class.foxconnect.kr/fox/cls/clsView272c.html]
[class.foxconnect.kr/fox/cls/clsView4a10.html]
[class.foxconnect.kr/fox/cls/clsView8ed0.html]
[class.foxconnect.kr/fox/cls/clsView07f6.html]
[class.foxconnect.kr/fox/cls/clsViewea42.html]
[class.foxconnect.kr/fox/cls/clsView2b69.html]
[class.foxconnect.kr/fox/cls/clsViewa4f5.html]
[class.foxconnect.kr/fox/cls/clsView85fb.html]
[class.foxconnect.kr/fox/cls/clsView6413.html]
[class.foxconnect.kr/fox/cls/clsViewb836.html]
[class.foxconnect.kr/fox/cls/clsView72e0.html]
[class.foxconnect.kr/fox/cls/clsView9439.html]
[class.foxconnect.kr/fox/cls/clsView732d.html]
[class.foxconnect.kr/fox/cls/clsViewe79a-2.html]
[class.foxconnect.kr/fox/cls/clsViewb61a.html]
[class.foxconnect.kr/fox/cls/clsVieweb30.html]
[class.foxconnect.kr/fox/cls/clsView4f0f.html]
[class.foxconnect.kr/fox/cls/clsViewd14c.html]
[class.foxconnect.kr/fox/cls/clsView89f9.html]
[class.foxconnect.kr/fox/cls/clsView9231.html]
[class.foxconnect.kr/fox/cls/clsViewca20.html]
[class.foxconnect.kr/fox/cls/clsView95a0.html]
[class.foxconnect.kr/fox/cls/clsView85ba.html]
[class.foxconnect.kr/contents/CLASS/THUMB/20220908/20220908112023936_thumb_1920x1080.jpg]
[class.foxconnect.kr/fox/cls/clsViewdfb2.html]
[class.foxconnect.kr/contents/CLASS/THUMB/20220908/20220908103701961_thumb_1920x1080.jpg]
[class.foxconnect.kr/fox/cls/clsView67d8.html]
[class.foxconnect.kr/contents/CLASS/THUMB/20220908/20220908101539014_thumb_1920x1080.jpg]
[class.foxconnect.kr/fox/cls/clsViewc857.html]
[class.foxconnect.kr/contents/CLASS/THUMB/20220908/20220908094810913_thumb_1920x1080.jpg]
[class.foxconnect.kr/fox/cls/clsViewd4f5.html]
[class.foxconnect.kr/contents/CLASS/THUMB/20220908/20220908094234250_thumb_1920x1080.jpg]
[class.foxconnect.kr/fox/cls/clsView1cf3.html]
[class.foxconnect.kr/contents/CLASS/THUMB/20220908/20220908092650029_thumb_1920x1080.jpg]
[class.foxconnect.kr/fox/cls/clsViewefa4.html]
[class.foxconnect.kr/contents/CLASS/THUMB/20220907/20220907061058493_thumb_1920x1080.jpg]
[class.foxconnect.kr/fox/cls/clsViewd736.html]
[class.foxconnect.kr/contents/CLASS/THUMB/20220907/20220907055907347_thumb_1920x1080.jpg]
[class.foxconnect.kr/fox/cls/clsView9a01.html]
[class.foxconnect.kr/contents/CLASS/THUMB/20220907/20220907053955040_thumb_1920x1080.jpg]
[class.foxconnect.kr/fox/cls/clsViewcc8d.html]
[class.foxconnect.kr/contents/CLASS/THUMB/20220907/20220907042451177_thumb_1920x1080.jpg]
[class.foxconnect.kr/fox/cls/clsView5460.html]
[class.foxconnect.kr/fox/cls/globalSearch2723.html]
[class.foxconnect.kr/contents/CLASS/THUMB/20220907/20220907045806867_thumb_1920x1080.jpg]
[class.foxconnect.kr/fox/cls/clsView418e.html]
[class.foxconnect.kr/contents/CLASS/THUMB/20220907/20220907032103578_thumb_1920x1080.jpg]
[class.foxconnect.kr/fox/cls/clsView2048.html]
[class.foxconnect.kr/contents/CLASS/THUMB/20220907/20220907013110096_thumb_1920x1080.jpg]
[class.foxconnect.kr/fox/cls/clsViewb52c.html]
[class.foxconnect.kr/contents/CLASS/THUMB/20220906/20220906054341724_thumb_1920x1080.jpg]
[class.foxconnect.kr/fox/cls/clsView9cbf.html]
[class.foxconnect.kr/contents/CLASS/THUMB/20220906/20220906053031362_thumb_1920x1080.jpg]
[class.foxconnect.kr/fox/cls/clsView3255.html]
[class.foxconnect.kr/contents/CLASS/THUMB/20220906/20220906052232189_thumb_1920x1080.jpg]
[class.foxconnect.kr/fox/cls/clsViewab6b.html]
[class.foxconnect.kr/contents/CLASS/THUMB/20220906/20220906025714413_thumb_1920x1080.jpg]
[class.foxconnect.kr/fox/cls/globalSearch0b59.html]
[class.foxconnect.kr/fox/cls/clsView6348.html]
[class.foxconnect.kr/contents/CLASS/THUMB/20220905/20220905050536526_thumb_1920x1080.jpg]
[class.foxconnect.kr/fox/cls/clsView128b.html]
[class.foxconnect.kr/contents/CLASS/THUMB/20220905/20220905051542222_thumb_1920x1080.jpg]
[class.foxconnect.kr/fox/cls/clsView6c8b.html]
[class.foxconnect.kr/contents/CLASS/THUMB/20220905/20220905043644254_thumb_1920x1080.jpg]
[class.foxconnect.kr/fox/cls/clsView9464.html]
[class.foxconnect.kr/fox/cls/globalSearch2ef9.html]
[class.foxconnect.kr/contents/CLASS/THUMB/20220905/20220905040028329_thumb_1920x1080.jpg]
[class.foxconnect.kr/fox/cls/clsView1b76.html]
[class.foxconnect.kr/contents/CLASS/THUMB/20220905/20220905035147874_thumb_1920x1080.jpg]
[class.foxconnect.kr/fox/cls/clsView446c.html]
[class.foxconnect.kr/contents/CLASS/THUMB/20220905/20220905012625180_thumb_1920x1080.jpg]
[class.foxconnect.kr/fox/cls/clsViewe0e7.html]
[class.foxconnect.kr/contents/CLASS/THUMB/20220905/20220905011653325_thumb_1920x1080.jpg]
[class.foxconnect.kr/fox/cls/clsView29c9.html]
[class.foxconnect.kr/contents/CLASS/THUMB/20220905/20220905011435783_thumb_1920x1080.jpg]
[class.foxconnect.kr/fox/cls/clsView7c3c.html]
[class.foxconnect.kr/contents/CLASS/THUMB/20220905/20220905010201604_thumb_1920x1080.jpg]
[class.foxconnect.kr/fox/cls/clsView5b16.html]
[class.foxconnect.kr/contents/CLASS/THUMB/20220905/20220905114716302_thumb_1920x1080.jpg]
[class.foxconnect.kr/fox/cls/clsViewf352.html]
[class.foxconnect.kr/contents/CLASS/THUMB/20220905/20220905113753182_thumb_1920x1080.jpg]
[class.foxconnect.kr/fox/cls/clsView61e6.html]
[class.foxconnect.kr/contents/CLASS/THUMB/20220905/20220905105142706_thumb_1920x1080.jpg]
[class.foxconnect.kr/fox/cls/clsView04b3.html]
[class.foxconnect.kr/contents/CLASS/THUMB/20220905/20220905104641595_thumb_1920x1080.jpg]
[class.foxconnect.kr/fox/cls/clsView6951.html]
[class.foxconnect.kr/contents/CLASS/THUMB/20220905/20220905103239405_thumb_1920x1080.jpg]
[class.foxconnect.kr/fox/cls/clsView32fe-2.html]
[class.foxconnect.kr/contents/CLASS/THUMB/20220905/20220905102405695_thumb_1920x1080.jpg]
[class.foxconnect.kr/fox/cls/clsView20c7.html]
[class.foxconnect.kr/contents/CLASS/THUMB/20220905/20220905095540048_thumb_1920x1080.jpg]
[class.foxconnect.kr/fox/cls/clsView1510.html]
[class.foxconnect.kr/contents/CLASS/THUMB/20220905/20220905094506189_thumb_1920x1080.jpg]
[class.foxconnect.kr/fox/cls/clsViewf4be.html]
[class.foxconnect.kr/contents/CLASS/THUMB/20220905/20220905090612326_thumb_1920x1080.jpg]
[class.foxconnect.kr/fox/cls/clsViewa73a.html]
[class.foxconnect.kr/fox/cls/globalSearch446c.html]
[class.foxconnect.kr/contents/CLASS/THUMB/20220902/20220902052643948_thumb_1920x1080.jpg]
[class.foxconnect.kr/fox/cls/clsView70c1.html]
[class.foxconnect.kr/contents/CLASS/THUMB/20220902/20220902051311531_thumb_1920x1080.jpg]
[class.foxconnect.kr/fox/cls/clsView3463.html]
[class.foxconnect.kr/contents/CLASS/THUMB/20220902/20220902045305746_thumb_1920x1080.jpg]
[class.foxconnect.kr/fox/cls/clsViewac2f.html]
[class.foxconnect.kr/contents/CLASS/THUMB/20220902/20220902044526087_thumb_1920x1080.jpg]
[class.foxconnect.kr/fox/cls/clsView0369.html]
[class.foxconnect.kr/contents/CLASS/THUMB/20220902/20220902030528660_thumb_1920x1080.jpg]
[class.foxconnect.kr/fox/cls/clsViewfe2a.html]
[class.foxconnect.kr/contents/CLASS/THUMB/20220902/20220902025212373_thumb_1920x1080.jpg]
[class.foxconnect.kr/fox/cls/clsView3f22.html]
[class.foxconnect.kr/contents/CLASS/THUMB/20220902/20220902024023843_thumb_1920x1080.jpg]
[class.foxconnect.kr/fox/cls/clsView1909.html]
[class.foxconnect.kr/contents/CLASS/THUMB/20220902/20220902023315396_thumb_1920x1080.jpg]
[class.foxconnect.kr/fox/cls/clsViewd87e.html]
[class.foxconnect.kr/contents/CLASS/THUMB/20220902/20220902022051276_thumb_1920x1080.jpg]
[class.foxconnect.kr/fox/cls/clsViewd33f.html]
[class.foxconnect.kr/contents/CLASS/THUMB/20220902/20220902022021059_thumb_1920x1080.jpg]
[class.foxconnect.kr/fox/cls/clsViewdb9c.html]
[class.foxconnect.kr/contents/CLASS/THUMB/20220902/20220902020728620_thumb_1920x1080.jpg]
[class.foxconnect.kr/fox/cls/clsViewdde6.html]
[class.foxconnect.kr/contents/CLASS/THUMB/20220902/20220902015627976_thumb_1920x1080.jpg]
[class.foxconnect.kr/fox/cls/clsView143b.html]
[class.foxconnect.kr/fox/cls/globalSearch5353.html]
[class.foxconnect.kr/contents/CLASS/THUMB/20220902/20220902115447977_thumb_1920x1080.jpg]
[class.foxconnect.kr/fox/cls/clsView8cc2.html]
[class.foxconnect.kr/contents/CLASS/THUMB/20220902/20220902111111230_thumb_1920x1080.jpg]
[class.foxconnect.kr/fox/cls/clsViewc836.html]
[class.foxconnect.kr/contents/CLASS/THUMB/20220902/20220902095814004_thumb_1920x1080.jpg]
[class.foxconnect.kr/fox/cls/clsViewa0cc.html]
[class.foxconnect.kr/contents/CLASS/THUMB/20220902/20220902093254329_thumb_1920x1080.jpg]
[class.foxconnect.kr/fox/cls/clsView1155.html]
[class.foxconnect.kr/contents/CLASS/THUMB/20220902/20220902093128128_thumb_1920x1080.jpg]
[class.foxconnect.kr/fox/cls/clsView3296.html]
[class.foxconnect.kr/contents/CLASS/THUMB/20220902/20220902092722933_thumb_1920x1080.jpg]
[class.foxconnect.kr/fox/cls/clsView03be.html]
[class.foxconnect.kr/contents/CLASS/THUMB/20220901/20220901050948014_thumb_1920x1080.jpg]
[class.foxconnect.kr/fox/cls/clsView92c8.html]
[class.foxconnect.kr/contents/CLASS/THUMB/20220901/20220901050042257_thumb_1920x1080.jpg]
[class.foxconnect.kr/fox/cls/clsView230e.html]
[class.foxconnect.kr/fox/cls/globalSearch349f.html]
[class.foxconnect.kr/contents/CLASS/THUMB/20220901/20220901044415091_thumb_1920x1080.jpg]
[class.foxconnect.kr/fox/cls/clsView3bf9.html]
[class.foxconnect.kr/contents/CLASS/THUMB/20220901/20220901035611536_thumb_1920x1080.jpg]
[class.foxconnect.kr/fox/cls/clsViewd017.html]
[class.foxconnect.kr/contents/CLASS/THUMB/20220901/20220901034653972_thumb_1920x1080.jpg]
[class.foxconnect.kr/fox/cls/clsViewb08d.html]
[class.foxconnect.kr/contents/CLASS/THUMB/20220901/20220901033953813_thumb_1920x1080.jpg]
[class.foxconnect.kr/fox/cls/clsView67a2.html]
[class.foxconnect.kr/contents/CLASS/THUMB/20220901/20220901033325606_thumb_1920x1080.jpg]
[class.foxconnect.kr/fox/cls/clsViewa7ef.html]
[class.foxconnect.kr/contents/CLASS/THUMB/20220901/20220901024238816_thumb_1920x1080.jpg]
[class.foxconnect.kr/fox/cls/clsView9fe0.html]
[class.foxconnect.kr/contents/CLASS/THUMB/20220901/20220901023227390_thumb_1920x1080.jpg]
[class.foxconnect.kr/fox/cls/clsView1e44.html]
[class.foxconnect.kr/contents/CLASS/THUMB/20220901/20220901022530927_thumb_1920x1080.jpg]
[class.foxconnect.kr/fox/cls/clsView7012.html]
[class.foxconnect.kr/contents/CLASS/THUMB/20220901/20220901021822035_thumb_1920x1080.jpg]
[class.foxconnect.kr/fox/cls/clsView22e8.html]
[class.foxconnect.kr/contents/CLASS/THUMB/20220901/20220901010955348_thumb_1920x1080.jpg]
[class.foxconnect.kr/fox/cls/clsViewe220.html]
[class.foxconnect.kr/contents/CLASS/THUMB/20220901/20220901122515161_thumb_1920x1080.jpg]
[class.foxconnect.kr/fox/cls/clsView2290.html]
[class.foxconnect.kr/contents/CLASS/THUMB/20220901/20220901122014530_thumb_1920x1080.jpg]
[class.foxconnect.kr/fox/cls/clsViewb750.html]
[class.foxconnect.kr/contents/CLASS/THUMB/20220901/20220901111939869_thumb_1920x1080.jpg]
[class.foxconnect.kr/fox/cls/clsView5694.html]
[class.foxconnect.kr/contents/CLASS/THUMB/20220901/20220901110034130_thumb_1920x1080.jpg]
[class.foxconnect.kr/fox/cls/clsView05ae.html]
[class.foxconnect.kr/fox/cls/globalSearch0d48.html]
[class.foxconnect.kr/contents/CLASS/THUMB/20220901/20220901102729405_thumb_1920x1080.jpg]
[class.foxconnect.kr/fox/cls/clsView0eaf.html]
[class.foxconnect.kr/contents/CLASS/THUMB/20220901/20220901093702182_thumb_1920x1080.jpg]
[class.foxconnect.kr/fox/cls/clsViewc517.html]
[class.foxconnect.kr/contents/CLASS/THUMB/20220901/20220901093113288_thumb_1920x1080.jpg]
[class.foxconnect.kr/fox/cls/clsViewb078.html]
[class.foxconnect.kr/contents/CLASS/THUMB/20220901/20220901092034733_thumb_1920x1080.jpg]
[class.foxconnect.kr/fox/cls/clsView85d2.html]
[class.foxconnect.kr/contents/CLASS/THUMB/20220901/20220901091558173_thumb_1920x1080.jpg]
[class.foxconnect.kr/fox/cls/clsViewa992.html]
[class.foxconnect.kr/contents/CLASS/THUMB/20220901/20220901091006038_thumb_1920x1080.jpg]
[class.foxconnect.kr/fox/cls/clsViewed72.html]
[class.foxconnect.kr/contents/CLASS/THUMB/20220831/20220831054324063_thumb_1920x1080.jpg]
[class.foxconnect.kr/fox/cls/clsView830d.html]
[class.foxconnect.kr/contents/CLASS/THUMB/20220831/20220831052734663_thumb_1920x1080.jpg]
[class.foxconnect.kr/fox/cls/clsViewe082.html]
[class.foxconnect.kr/contents/CLASS/THUMB/20220831/20220831040900983_thumb_1920x1080.jpg]
[class.foxconnect.kr/fox/cls/clsView9465.html]
[class.foxconnect.kr/contents/CLASS/THUMB/20220831/20220831033818809_thumb_1920x1080.jpg]
[class.foxconnect.kr/fox/cls/clsView43ab.html]
[class.foxconnect.kr/contents/CLASS/THUMB/20220831/20220831033208632_thumb_1920x1080.jpg]
[class.foxconnect.kr/fox/cls/clsView0e6b.html]
[class.foxconnect.kr/contents/CLASS/THUMB/20220831/20220831031158381_thumb_1920x1080.jpg]
[class.foxconnect.kr/fox/cls/clsView6959.html]
[class.foxconnect.kr/contents/CLASS/THUMB/20220831/20220831030512044_thumb_1920x1080.jpg]
[class.foxconnect.kr/fox/cls/clsView548f.html]
[class.foxconnect.kr/contents/CLASS/THUMB/20220831/20220831021354431_thumb_1920x1080.jpg]
[class.foxconnect.kr/fox/cls/clsViewa243.html]
[class.foxconnect.kr/contents/CLASS/THUMB/20220831/20220831020229537_thumb_1920x1080.jpg]
[class.foxconnect.kr/fox/cls/clsView2bef.html]
[class.foxconnect.kr/contents/CLASS/THUMB/20220831/20220831014618714_thumb_1920x1080.jpg]
[class.foxconnect.kr/fox/cls/clsView0f83.html]
[class.foxconnect.kr/contents/CLASS/THUMB/20220831/20220831100922592_thumb_1920x1080.jpg]
[class.foxconnect.kr/fox/cls/clsViewd3bd.html]
[class.foxconnect.kr/contents/CLASS/THUMB/20220831/20220831100204177_thumb_1920x1080.jpg]
[class.foxconnect.kr/fox/cls/clsView22a1.html]
[class.foxconnect.kr/fox/cls/globalSearchd9e3.html]
[class.foxconnect.kr/contents/CLASS/THUMB/20220831/20220831094651850_thumb_1920x1080.jpg]
[class.foxconnect.kr/fox/cls/clsView53f7.html]
[class.foxconnect.kr/contents/CLASS/THUMB/20220830/20220830055229490_thumb_1920x1080.jpg]
[class.foxconnect.kr/fox/cls/clsView1210.html]
[class.foxconnect.kr/contents/CLASS/THUMB/20220830/20220830014614520_thumb_1920x1080.jpg]
[class.foxconnect.kr/fox/cls/clsViewb395.html]
[class.foxconnect.kr/contents/CLASS/THUMB/20220830/20220830011814230_thumb_1920x1080.jpg]
[class.foxconnect.kr/fox/cls/clsViewb86a.html]
[class.foxconnect.kr/contents/CLASS/THUMB/20220830/20220830094337673_thumb_1920x1080.jpg]
[class.foxconnect.kr/fox/cls/clsView1be4.html]
[class.foxconnect.kr/contents/CLASS/THUMB/20220829/20220829054830139_thumb_1920x1080.jpg]
[class.foxconnect.kr/fox/cls/clsViewaa4e.html]
[class.foxconnect.kr/contents/CLASS/THUMB/20220829/20220829050545097_thumb_1920x1080.jpg]
[class.foxconnect.kr/fox/cls/clsView3462.html]
[class.foxconnect.kr/contents/CLASS/THUMB/20220829/20220829025809775_thumb_1920x1080.jpg]
[class.foxconnect.kr/fox/cls/clsViewfbcd.html]
[class.foxconnect.kr/fox/cls/globalSearch7f00.html]
[class.foxconnect.kr/contents/CLASS/THUMB/20220829/20220829014539527_thumb_1920x1080.jpg]
[class.foxconnect.kr/fox/cls/clsViewd040.html]
[class.foxconnect.kr/contents/CLASS/THUMB/20220829/20220829011622341_thumb_1920x1080.jpg]
[class.foxconnect.kr/fox/cls/clsView2224.html]
[class.foxconnect.kr/contents/CLASS/THUMB/20220829/20220829010318010_thumb_1920x1080.jpg]
[class.foxconnect.kr/fox/cls/clsViewfca1.html]
[class.foxconnect.kr/contents/CLASS/THUMB/20220829/20220829125254379_thumb_1920x1080.jpg]
[class.foxconnect.kr/fox/cls/clsView0461.html]
[class.foxconnect.kr/contents/CLASS/THUMB/20220829/20220829110744389_thumb_1920x1080.jpg]
[class.foxconnect.kr/fox/cls/clsViewf8bd.html]
[class.foxconnect.kr/contents/CLASS/THUMB/20220826/20220826015904024_thumb_1920x1080.jpg]
[class.foxconnect.kr/fox/cls/clsView4bd4.html]
[class.foxconnect.kr/contents/CLASS/THUMB/20220826/20220826094347275_thumb_1920x1080.jpg]
[class.foxconnect.kr/fox/cls/clsViewe322.html]
[class.foxconnect.kr/contents/CLASS/THUMB/20220825/20220825053901448_thumb_1920x1080.jpg]
[class.foxconnect.kr/fox/cls/clsView24d9.html]
[class.foxconnect.kr/contents/CLASS/THUMB/20220825/20220825053040370_thumb_1920x1080.jpg]
[class.foxconnect.kr/fox/cls/clsViewdbbc.html]
[class.foxconnect.kr/contents/CLASS/THUMB/20220920/20220920054507154_thumb_1920x1080.jpg]
[class.foxconnect.kr/fox/cls/clsViewfc33.html]
[class.foxconnect.kr/contents/CLASS/THUMB/20220825/20220825050238693_thumb_1920x1080.jpg]
[class.foxconnect.kr/fox/cls/clsViewe3dc.html]
[class.foxconnect.kr/contents/CLASS/THUMB/20220920/20220920054349533_thumb_1920x1080.jpg]
[class.foxconnect.kr/fox/cls/clsView8681.html]
[class.foxconnect.kr/contents/CLASS/THUMB/20220920/20220920054235016_thumb_1920x1080.jpg]
[class.foxconnect.kr/fox/cls/clsView061e.html]
[class.foxconnect.kr/contents/CLASS/THUMB/20220825/20220825044208334_thumb_1920x1080.jpg]
[class.foxconnect.kr/fox/cls/clsView535a.html]
[class.foxconnect.kr/contents/CLASS/THUMB/20220920/20220920054025902_thumb_1920x1080.jpg]
[class.foxconnect.kr/fox/cls/clsView07e3.html]
[class.foxconnect.kr/contents/CLASS/THUMB/20220825/20220825043813370_thumb_1920x1080.jpg]
[class.foxconnect.kr/fox/cls/globalSearchb859.html]
[class.foxconnect.kr/fox/cls/globalSearched0c.html]
[class.foxconnect.kr/fox/cls/globalSearch1c5b.html]
[class.foxconnect.kr/fox/cls/globalSearch557b.html]
[class.foxconnect.kr/fox/cls/globalSearchca6d.html]
[class.foxconnect.kr/fox/cls/globalSearch3acc.html]
[class.foxconnect.kr/fox/cls/globalSearch19bc.html]
[class.foxconnect.kr/fox/cls/globalSearch94a2.html]
[class.foxconnect.kr/fox/cls/globalSearch3ea3.html]
[class.foxconnect.kr/fox/cls/globalSearch121b.html]
[class.foxconnect.kr/fox/cls/globalSearch7f41.html]
[class.foxconnect.kr/fox/cls/clsView0423.html]
[class.foxconnect.kr/fox/cls/clsView02f4.html]
[class.foxconnect.kr/fox/cls/clsViewea93.html]
[class.foxconnect.kr/fox/cls/clsView2571.html]
[class.foxconnect.kr/fox/cls/clsViewa1cb.html]
[class.foxconnect.kr/fox/cls/clsViewac5d.html]
[class.foxconnect.kr/fox/cls/clsView8bb1.html]
[class.foxconnect.kr/fox/cls/clsViewb662.html]
[class.foxconnect.kr/fox/cls/clsViewad59.html]
[class.foxconnect.kr/fox/cls/clsView0d02.html]
[class.foxconnect.kr/fox/cls/clsView4cf9.html]
[class.foxconnect.kr/fox/cls/clsView6865.html]
[class.foxconnect.kr/fox/cls/clsView6e9b.html]
[class.foxconnect.kr/fox/cls/clsView935c.html]
[class.foxconnect.kr/fox/cls/clsView2e13.html]
[class.foxconnect.kr/fox/cls/clsViewa869.html]
[class.foxconnect.kr/fox/cls/clsViewee5c.html]
[class.foxconnect.kr/contents/CLASS/THUMB/20220920/20220920045739434_thumb_1920x1080.jpg]
[class.foxconnect.kr/fox/cls/clsView3726.html]
[class.foxconnect.kr/contents/CLASS/THUMB/20220923/20220923033714393_thumb_1920x1080.jpg]
[class.foxconnect.kr/fox/cls/clsView46bf.html]
[class.foxconnect.kr/contents/CLASS/THUMB/20220726/20220726024742046_thumb.jpg]
[class.foxconnect.kr/fox/cls/clsView2a78.html]
[class.foxconnect.kr/thumbnail/34e6a82a-0328-4e7e-a802-57b078f72e70/thumbnail/thumbnail_0.jpg]
[class.foxconnect.kr/fox/cls/clsViewd742.html]
[class.foxconnect.kr/contents/CLASS/THUMB/20220920/20220920045500569_thumb_1920x1080.jpg]
[class.foxconnect.kr/fox/cls/clsViewf662.html]
[class.foxconnect.kr/contents/CLASS/THUMB/20220923/20220923032547122_thumb_1920x1080.jpg]
[class.foxconnect.kr/fox/cls/clsViewf16a.html]
[class.foxconnect.kr/contents/CLASS/THUMB/20220718/20220718054734728_thumb.jpg]
[class.foxconnect.kr/fox/cls/clsViewf61b.html]
[class.foxconnect.kr/thumbnail/eaabb9aa-4a9c-49ba-bf9f-05901ff146f8/thumbnail/thumbnail_0.jpg]
[class.foxconnect.kr/fox/cls/clsView86f7.html]
[class.foxconnect.kr/contents/CLASS/THUMB/20220920/20220920043806916_thumb_1920x1080.jpg]
[class.foxconnect.kr/fox/cls/clsView5f68.html]
[class.foxconnect.kr/contents/CLASS/THUMB/20220923/20220923031155721_thumb_1920x1080.jpg]
[class.foxconnect.kr/fox/cls/clsViewec90.html]
[class.foxconnect.kr/contents/CLASS/THUMB/20220802/20220802105449953_thumb.jpg]
[class.foxconnect.kr/fox/cls/clsView1fab.html]
[class.foxconnect.kr/thumbnail/91eb08a3-6a9c-4e58-952e-604dddb0e290/thumbnail/thumbnail_0.jpg]
[class.foxconnect.kr/fox/cls/clsView414f.html]
[class.foxconnect.kr/contents/CLASS/THUMB/20220920/20220920041419931_thumb_1920x1080.jpg]
[class.foxconnect.kr/fox/cls/clsView257e.html]
[class.foxconnect.kr/contents/CLASS/THUMB/20220923/20220923030612519_thumb_1920x1080.jpg]
[class.foxconnect.kr/fox/cls/clsView7b40.html]
[class.foxconnect.kr/contents/CLASS/THUMB/20220802/20220802105432299_thumb.jpg]
[class.foxconnect.kr/fox/cls/clsViewb8df.html]
[class.foxconnect.kr/thumbnail/373cfa03-9f9f-4c9e-ab9c-2a76baa0f7c3/thumbnail/thumbnail_0.jpg]
[class.foxconnect.kr/fox/cls/clsViewb532.html]
[class.foxconnect.kr/contents/CLASS/THUMB/20220920/20220920040945566_thumb_1920x1080.jpg]
[class.foxconnect.kr/fox/cls/clsView9937.html]
[class.foxconnect.kr/contents/CLASS/THUMB/20220923/20220923101914847_thumb_1920x1080.jpg]
[class.foxconnect.kr/fox/cls/clsView7578.html]
[class.foxconnect.kr/contents/CLASS/THUMB/20220711/20220711025025774_thumb.jpg]
[class.foxconnect.kr/fox/cls/clsView8ae2.html]
[class.foxconnect.kr/thumbnail/ab70dc1c-2615-4263-b3b3-6e0157062b62/thumbnail/thumbnail_0.jpg]
[class.foxconnect.kr/fox/cls/globalSearchc000.html]
[class.foxconnect.kr/fox/cls/globalSearch26d3.html]
[class.foxconnect.kr/fox/cls/globalSearch654e.html]
[class.foxconnect.kr/fox/cls/globalSearchd3d8.html]
[class.foxconnect.kr/fox/cls/globalSearch4ddb.html]
[class.foxconnect.kr/fox/cls/globalSearchcdc6.html]
[class.foxconnect.kr/fox/cls/globalSearch26c5.html]
[class.foxconnect.kr/fox/cls/globalSearch85f9.html]
[class.foxconnect.kr/fox/cls/globalSearch12ba.html]
[class.foxconnect.kr/fox/cls/clsViewdeb9.html]
[class.foxconnect.kr/contents/CLASS/THUMB/20220920/20220920040712583_thumb_1920x1080.jpg]
[class.foxconnect.kr/fox/cls/clsView2077.html]
[class.foxconnect.kr/thumbnail/a377401f-3837-4ef7-bc40-6b3d82272562/thumbnail/thumbnail_0.jpg]
[class.foxconnect.kr/fox/cls/clsViewb7cb.html]
[class.foxconnect.kr/contents/CLASS/THUMB/20220920/20220920040513109_thumb_1920x1080.jpg]
[class.foxconnect.kr/fox/cls/clsViewf471.html]
[class.foxconnect.kr/contents/CLASS/THUMB/20220627/20220627045803615_thumb.jpg]
[class.foxconnect.kr/fox/cls/clsViewc217.html]
[class.foxconnect.kr/thumbnail/e4716ecd-1ce9-4800-92d6-780adbdeffe1/thumbnail/thumbnail_0.jpg]
[class.foxconnect.kr/fox/cls/clsViewa8d5.html]
[class.foxconnect.kr/contents/CLASS/THUMB/20220920/20220920034410312_thumb_1920x1080.jpg]
[class.foxconnect.kr/fox/cls/clsViewe72d.html]
[class.foxconnect.kr/contents/CLASS/THUMB/20220627/20220627041942635_thumb.jpg]
[class.foxconnect.kr/fox/cls/clsView1d2b.html]
[class.foxconnect.kr/thumbnail/5f0ef599-c548-445b-bd16-8a37893f6431/thumbnail/thumbnail_0.jpg]
[class.foxconnect.kr/fox/cls/clsView5fc3.html]
[class.foxconnect.kr/contents/CLASS/THUMB/20220825/20220825035003460_thumb_1920x1080.jpg]
[class.foxconnect.kr/fox/cls/clsViewa5bc.html]
[class.foxconnect.kr/contents/CLASS/THUMB/20220621/20220621054845675_thumb.jpg]
[class.foxconnect.kr/fox/cls/clsViewfb08.html]
[class.foxconnect.kr/thumbnail/1de984cf-d412-4366-b742-cc9a91e6ad9f/thumbnail/thumbnail_0.jpg]
[class.foxconnect.kr/fox/cls/clsViewe071.html]
[class.foxconnect.kr/contents/CLASS/THUMB/20220825/20220825034729560_thumb_1920x1080.jpg]
[class.foxconnect.kr/fox/cls/clsViewc91c.html]
[class.foxconnect.kr/contents/CLASS/THUMB/20220621/20220621042916320_thumb.jpg]
[class.foxconnect.kr/fox/cls/clsView4438.html]
[class.foxconnect.kr/fox/cls/globalSearchcabc.html]
[class.foxconnect.kr/thumbnail/65d1ddb3-cb44-467e-bd0e-a441aab3ca74/thumbnail/thumbnail_0.jpg]
[class.foxconnect.kr/fox/cls/clsView7e4f.html]
[class.foxconnect.kr/contents/CLASS/THUMB/20220825/20220825034201036_thumb_1920x1080.jpg]
[class.foxconnect.kr/fox/cls/clsViewacbb.html]
[class.foxconnect.kr/contents/CLASS/THUMB/20220620/20220620040821751_thumb.jpg]
[class.foxconnect.kr/fox/cls/clsView869b.html]
[class.foxconnect.kr/thumbnail/89edb646-004a-4381-ac07-18788529e0d8/thumbnail/thumbnail_0.jpg]
[class.foxconnect.kr/fox/cls/clsView1150.html]
[class.foxconnect.kr/contents/CLASS/THUMB/20220825/20220825033949198_thumb_1920x1080.jpg]
[class.foxconnect.kr/fox/cls/clsView8074.html]
[class.foxconnect.kr/contents/CLASS/THUMB/20220620/20220620035820846_thumb.jpg]
[class.foxconnect.kr/fox/cls/clsView657c.html]
[class.foxconnect.kr/thumbnail/56e01442-f9b5-425c-b779-a7ac30ae8b64/thumbnail/thumbnail_0.jpg]
[class.foxconnect.kr/fox/cls/clsView9b03.html]
[class.foxconnect.kr/contents/CLASS/THUMB/20220825/20220825032420569_thumb_1920x1080.jpg]
[class.foxconnect.kr/fox/cls/clsView0fe8.html]
[class.foxconnect.kr/contents/CLASS/THUMB/20220825/20220825031341524_thumb_1920x1080.jpg]
[class.foxconnect.kr/fox/cls/clsView7d69.html]
[class.foxconnect.kr/contents/CLASS/THUMB/20220616/20220616045021138_thumb.jpg]
[class.foxconnect.kr/fox/cls/clsView2a5d.html]
[class.foxconnect.kr/thumbnail/9ec7921a-a584-4a7a-8c9e-750bc5c2cc49/thumbnail/thumbnail_0.jpg]
[class.foxconnect.kr/fox/cls/clsView9505.html]
[class.foxconnect.kr/contents/CLASS/THUMB/20220616/20220616042306837_thumb.jpg]
[class.foxconnect.kr/fox/cls/clsViewc4fe.html]
[class.foxconnect.kr/fox/cls/globalSearch9d54.html]
[class.foxconnect.kr/thumbnail/dec5521b-82ec-4c54-83d4-97fae0f0d330/thumbnail/thumbnail_0.jpg]
[class.foxconnect.kr/fox/cls/clsViewfea5.html]
[class.foxconnect.kr/contents/CLASS/THUMB/20220825/20220825031125150_thumb_1920x1080.jpg]
[class.foxconnect.kr/fox/cls/clsViewb7aa.html]
[class.foxconnect.kr/contents/CLASS/THUMB/20220616/20220616034214162_thumb.jpg]
[class.foxconnect.kr/fox/cls/clsView686c.html]
[class.foxconnect.kr/thumbnail/d2598426-61bf-4a26-9a4a-685efda26696/thumbnail/thumbnail_0.jpg]
[class.foxconnect.kr/fox/cls/clsView71ce.html]
[class.foxconnect.kr/contents/CLASS/THUMB/20220824/20220824035700419_thumb_1920x1080.jpg]
[class.foxconnect.kr/fox/cls/clsView1948.html]
[class.foxconnect.kr/contents/CLASS/THUMB/20220611/20220611113810247_thumb.jpg]
[class.foxconnect.kr/fox/cls/clsViewb7fc.html]
[class.foxconnect.kr/thumbnail/cd7df1c9-aa5c-4ed4-adc0-1e577453968f/thumbnail/thumbnail_0.jpg]
[class.foxconnect.kr/fox/cls/clsView6590.html]
[class.foxconnect.kr/contents/CLASS/THUMB/20220824/20220824014031948_thumb_1920x1080.jpg]
[class.foxconnect.kr/fox/cls/clsView7f15.html]
[class.foxconnect.kr/contents/CLASS/THUMB/20220611/20220611102233709_thumb.jpg]
[class.foxconnect.kr/fox/cls/clsView48ef.html]
[class.foxconnect.kr/thumbnail/7228f574-1078-4557-8e28-1d34d54dba36/thumbnail/thumbnail_0.jpg]
[class.foxconnect.kr/fox/cls/clsView1c0c.html]
[class.foxconnect.kr/contents/CLASS/THUMB/20220824/20220824013812580_thumb_1920x1080.jpg]
[class.foxconnect.kr/fox/cls/clsView9847.html]
[class.foxconnect.kr/contents/CLASS/THUMB/20220913/20220913033127999_thumb_1920x1080.jpg]
[class.foxconnect.kr/fox/cls/clsViewe096.html]
[class.foxconnect.kr/contents/CLASS/THUMB/20220611/20220611100614109_thumb.jpg]
[class.foxconnect.kr/fox/cls/clsViewb9e3.html]
[class.foxconnect.kr/thumbnail/b5318196-3574-4b99-8a9d-4acba9f50597/thumbnail/thumbnail_0.jpg]
[class.foxconnect.kr/fox/cls/globalSearch8d18.html]
[class.foxconnect.kr/fox/cls/clsView4ca7.html]
[class.foxconnect.kr/contents/CLASS/THUMB/20220824/20220824013628476_thumb_1920x1080.jpg]
[class.foxconnect.kr/fox/cls/clsViewf086.html]
[class.foxconnect.kr/thumbnail/001e2ef7-bfe2-46da-93dd-8fb613de0347/thumbnail/thumbnail_0.jpg]
[class.foxconnect.kr/fox/cls/clsViewd608.html]
[class.foxconnect.kr/contents/CLASS/THUMB/20220824/20220824013133128_thumb_1920x1080.jpg]
[class.foxconnect.kr/fox/cls/clsViewd965-2.html]
[class.foxconnect.kr/contents/CLASS/THUMB/20220611/20220611100941007_thumb.jpg]
[class.foxconnect.kr/fox/cls/clsViewaf49.html]
[class.foxconnect.kr/thumbnail/184e2610-6677-483d-b6ff-950997132ab9/thumbnail/thumbnail_0.jpg]
[class.foxconnect.kr/fox/cls/clsView7754.html]
[class.foxconnect.kr/contents/CLASS/THUMB/20220824/20220824012845245_thumb_1920x1080.jpg]
[class.foxconnect.kr/fox/cls/clsView2ed4.html]
[class.foxconnect.kr/contents/CLASS/THUMB/20220611/20220611010620097_thumb.jpg]
[class.foxconnect.kr/fox/cls/clsView9d56.html]
[class.foxconnect.kr/thumbnail/9df34800-d979-49b6-b2d3-bffd8d1fca73/thumbnail/thumbnail_0.jpg]
[class.foxconnect.kr/fox/cls/clsView90ed.html]
[class.foxconnect.kr/contents/CLASS/THUMB/20220824/20220824012553390_thumb_1920x1080.jpg]
[class.foxconnect.kr/fox/cls/clsView3013.html]
[class.foxconnect.kr/contents/CLASS/THUMB/20220826/20220826113236889_thumb_1920x1080.jpg]
[class.foxconnect.kr/fox/cls/clsView0423-2.html]
[class.foxconnect.kr/contents/CLASS/THUMB/20220831/20220831052203932_thumb_1920x1080.jpg]
[class.foxconnect.kr/fox/cls/clsView7b66.html]
[class.foxconnect.kr/contents/CLASS/THUMB/20220611/20220611010655357_thumb.jpg]
[class.foxconnect.kr/fox/cls/clsView95db.html]
[class.foxconnect.kr/thumbnail/0281b0bd-9250-47d6-9dc8-34a6af079548/thumbnail/thumbnail_0.jpg]
[class.foxconnect.kr/fox/cls/globalSearch0d27.html]
[class.foxconnect.kr/fox/cls/clsViewd31d.html]
[class.foxconnect.kr/contents/CLASS/THUMB/20220824/20220824011959710_thumb_1920x1080.jpg]
[class.foxconnect.kr/fox/cls/clsView23ff.html]
[class.foxconnect.kr/contents/CLASS/THUMB/20220826/20220826112913543_thumb_1920x1080.jpg]
[class.foxconnect.kr/fox/cls/clsView91ea.html]
[class.foxconnect.kr/contents/CLASS/THUMB/20220831/20220831051712204_thumb_1920x1080.jpg]
[class.foxconnect.kr/fox/cls/clsViewcfd9.html]
[class.foxconnect.kr/contents/CLASS/THUMB/20220611/20220611010723610_thumb.jpg]
[class.foxconnect.kr/fox/cls/clsView92f8.html]
[class.foxconnect.kr/thumbnail/6e4a0420-400d-44c1-8b3c-03287e9fcc8c/thumbnail/thumbnail_0.jpg]
[class.foxconnect.kr/fox/cls/clsView9f3d.html]
[class.foxconnect.kr/contents/CLASS/THUMB/20220824/20220824011527143_thumb_1920x1080.jpg]
[class.foxconnect.kr/fox/cls/clsView9c11.html]
[class.foxconnect.kr/contents/CLASS/THUMB/20220824/20220824043751660_thumb_1920x1080.jpg]
[class.foxconnect.kr/fox/cls/clsView2abb.html]
[class.foxconnect.kr/contents/CLASS/THUMB/20220831/20220831050834154_thumb_1920x1080.jpg]
[class.foxconnect.kr/fox/cls/clsViewc874.html]
[class.foxconnect.kr/contents/CLASS/THUMB/20220611/20220611010827635_thumb.jpg]
[class.foxconnect.kr/fox/cls/clsView3d40.html]
[class.foxconnect.kr/contents/CLASS/THUMB/20230907/20230907055219237_thumb_1920x1080.jpg]
[class.foxconnect.kr/fox/cls/clsVieweb55.html]
[class.foxconnect.kr/thumbnail/05010ce8-529f-4fa4-bcec-be89ab97fcce/thumbnail/thumbnail_0.jpg]
[class.foxconnect.kr/fox/cls/clsView4a13.html]
[class.foxconnect.kr/contents/CLASS/THUMB/20220824/20220824010936707_thumb_1920x1080.jpg]
[class.foxconnect.kr/fox/cls/clsView9d1f.html]
[class.foxconnect.kr/contents/CLASS/THUMB/20220824/20220824043412029_thumb_1920x1080.jpg]
[class.foxconnect.kr/fox/cls/clsView2fef.html]
[class.foxconnect.kr/contents/CLASS/THUMB/20220831/20220831045006249_thumb_1920x1080.jpg]
[class.foxconnect.kr/fox/cls/clsViewc43d.html]
[class.foxconnect.kr/contents/CLASS/THUMB/20230907/20230907014209056_thumb_1920x1080.jpg]
[class.foxconnect.kr/fox/cls/clsView51cb.html]
[class.foxconnect.kr/thumbnail/c07dc9db-605b-472c-9e4a-741f67b6be90/thumbnail/thumbnail_0.jpg]
[class.foxconnect.kr/fox/cls/clsViewafac.html]
[class.foxconnect.kr/fox/cls/globalSearch455d.html]
[class.foxconnect.kr/contents/CLASS/THUMB/20220824/20220824010527898_thumb_1920x1080.jpg]
[class.foxconnect.kr/fox/cls/clsView892e.html]
[class.foxconnect.kr/contents/CLASS/THUMB/20220824/20220824042911399_thumb_1920x1080.jpg]
[class.foxconnect.kr/fox/cls/clsView4568.html]
[class.foxconnect.kr/contents/CLASS/THUMB/20220831/20220831044159271_thumb_1920x1080.jpg]
[class.foxconnect.kr/fox/cls/clsView6a64.html]
[class.foxconnect.kr/contents/CLASS/THUMB/20230907/20230907011714496_thumb_1920x1080.jpg]
[class.foxconnect.kr/fox/cls/clsView5a32.html]
[class.foxconnect.kr/thumbnail/58c2c907-20c6-4f02-a3d4-722059023135/thumbnail/thumbnail_0.jpg]
[class.foxconnect.kr/fox/cls/clsView2100.html]
[class.foxconnect.kr/contents/CLASS/THUMB/20220824/20220824125614290_thumb_1920x1080.jpg]
[class.foxconnect.kr/fox/cls/clsView2fb7.html]
[class.foxconnect.kr/contents/CLASS/THUMB/20220824/20220824041605532_thumb_1920x1080.jpg]
[class.foxconnect.kr/fox/cls/clsViewf1b8.html]
[class.foxconnect.kr/contents/CLASS/THUMB/20220831/20220831042430680_thumb_1920x1080.jpg]
[class.foxconnect.kr/fox/cls/clsViewa9c6.html]
[class.foxconnect.kr/contents/CLASS/THUMB/20230523/20230523024155058_thumb_1920x1080.jpg]
[class.foxconnect.kr/fox/cls/clsView4b9d.html]
[class.foxconnect.kr/contents/CLASS/THUMB/20230906/20230906032703768_thumb_1920x1080.jpg]
[class.foxconnect.kr/fox/cls/clsView722b.html]
[class.foxconnect.kr/contents/CLASS/THUMB/20220824/20220824103620631_thumb_1920x1080.jpg]
[class.foxconnect.kr/fox/cls/clsView7655.html]
[class.foxconnect.kr/contents/CLASS/THUMB/20220824/20220824035955279_thumb_1920x1080.jpg]
[class.foxconnect.kr/fox/cls/clsViewd7b1.html]
[class.foxconnect.kr/contents/CLASS/THUMB/20240805/20240805124021475_thumb_1920x1080.jpg]
[class.foxconnect.kr/fox/cls/clsView2c03.html]
[class.foxconnect.kr/contents/CLASS/THUMB/20240805/20240805123941851_thumb_1920x1080.jpg]
[class.foxconnect.kr/fox/cls/clsView545a.html]
[class.foxconnect.kr/contents/CLASS/THUMB/20240805/20240805123832553_thumb_1920x1080.jpg]
[class.foxconnect.kr/fox/cls/clsViewc034.html]
[class.foxconnect.kr/contents/CLASS/THUMB/20240806/20240806104943476_thumb_1920x1080.jpg]
[class.foxconnect.kr/fox/cls/clsViewa277.html]
[class.foxconnect.kr/fox/cls/globalSearchff92.html]
[class.foxconnect.kr/contents/CLASS/THUMB/20240807/20240807110317742_thumb_1920x1080.jpg]
[class.foxconnect.kr/fox/cls/clsView02ec.html]
[class.foxconnect.kr/fox/cls/clsViewc262.html]
[class.foxconnect.kr/fox/cls/clsViewde9f.html]
[class.foxconnect.kr/fox/cls/clsViewd271.html]
[class.foxconnect.kr/fox/cls/clsView4ce4.html]
[class.foxconnect.kr/fox/cls/clsViewc68e.html]
[class.foxconnect.kr/fox/cls/clsViewbaeb.html]
[class.foxconnect.kr/fox/cls/clsView2cf7.html]
[class.foxconnect.kr/fox/cls/clsView5d62.html]
[class.foxconnect.kr/fox/cls/clsView6620.html]
[class.foxconnect.kr/fox/cls/clsView87e4.html]
[class.foxconnect.kr/fox/cls/clsView3d9b.html]
[class.foxconnect.kr/fox/cls/clsView2e8d.html]
[class.foxconnect.kr/fox/cls/clsView73c6.html]
[class.foxconnect.kr/fox/cls/clsView4804.html]
[class.foxconnect.kr/fox/cls/clsView1897.html]
[class.foxconnect.kr/fox/cls/clsViewa2b8.html]
[class.foxconnect.kr/fox/cls/clsView95a0-2.html]
[class.foxconnect.kr/fox/cls/clsViewb46e.html]
[class.foxconnect.kr/fox/cls/clsViewbc4e.html]
[class.foxconnect.kr/fox/cls/clsViewb301.html]
[class.foxconnect.kr/fox/cls/clsView20ed.html]
[class.foxconnect.kr/fox/cls/clsView231e.html]
[class.foxconnect.kr/fox/cls/clsView1747.html]
[class.foxconnect.kr/fox/cls/clsView6435.html]
[class.foxconnect.kr/fox/cls/clsViewfa13.html]
[class.foxconnect.kr/fox/cls/clsView19c9.html]
[class.foxconnect.kr/fox/cls/clsView6851.html]
[class.foxconnect.kr/fox/cls/clsView0a37.html]
[class.foxconnect.kr/fox/cls/clsView377a.html]
[class.foxconnect.kr/fox/cls/clsViewfea3.html]
[class.foxconnect.kr/fox/cls/clsView9653.html]
[class.foxconnect.kr/fox/cls/clsViewa895.html]
[class.foxconnect.kr/fox/cls/clsView1bfd.html]
[class.foxconnect.kr/fox/cls/clsViewf753.html]
[class.foxconnect.kr/fox/cls/clsViewf014.html]
[class.foxconnect.kr/fox/cls/clsView5906.html]
[class.foxconnect.kr/fox/cls/clsView907e.html]
[class.foxconnect.kr/fox/cls/clsView9529.html]
[class.foxconnect.kr/fox/cls/clsViewe807.html]
[class.foxconnect.kr/fox/cls/clsView73e8.html]
[class.foxconnect.kr/fox/cls/clsView612c.html]
[class.foxconnect.kr/fox/cls/clsViewb476.html]
[class.foxconnect.kr/fox/cls/clsView2374.html]
[class.foxconnect.kr/fox/cls/clsViewefb4.html]
[class.foxconnect.kr/fox/cls/clsView6e55.html]
[class.foxconnect.kr/fox/cls/clsView138c.html]
[class.foxconnect.kr/fox/cls/clsView2662.html]
[class.foxconnect.kr/fox/cls/clsView3f8b.html]
[class.foxconnect.kr/fox/cls/clsView4bc5.html]
[class.foxconnect.kr/fox/cls/clsViewf44c.html]
[class.foxconnect.kr/fox/cls/clsView353c.html]
[class.foxconnect.kr/fox/cls/clsViewc692.html]
[class.foxconnect.kr/fox/cls/clsViewdbe6-2.html]
[class.foxconnect.kr/fox/cls/clsView1279.html]
[class.foxconnect.kr/fox/cls/clsView3ee5.html]
[class.foxconnect.kr/fox/cls/clsViewe020.html]
[class.foxconnect.kr/fox/cls/clsVieweef9.html]
[class.foxconnect.kr/fox/cls/clsViewf62a.html]
[class.foxconnect.kr/fox/cls/clsView3f23.html]
[class.foxconnect.kr/fox/cls/clsViewb4d4.html]
[class.foxconnect.kr/fox/cls/clsViewd688.html]
[class.foxconnect.kr/fox/cls/clsView392a.html]
[class.foxconnect.kr/fox/cls/clsView0b0a.html]
[class.foxconnect.kr/fox/cls/clsView9ccf.html]
[class.foxconnect.kr/fox/cls/clsViewcb32.html]
[class.foxconnect.kr/fox/cls/clsView9cbd.html]
[class.foxconnect.kr/fox/cls/clsViewc218.html]
[class.foxconnect.kr/fox/cls/clsViewa9ee.html]
[class.foxconnect.kr/fox/cls/clsView4bf4.html]
[class.foxconnect.kr/fox/cls/clsView4f2b.html]
[class.foxconnect.kr/fox/cls/clsView9b8c.html]
[class.foxconnect.kr/fox/cls/clsViewb37b.html]
[class.foxconnect.kr/fox/cls/clsViewd249.html]
[class.foxconnect.kr/fox/cls/clsView38e9.html]
[class.foxconnect.kr/fox/cls/clsView6494.html]
[class.foxconnect.kr/fox/cls/clsView103c.html]
[class.foxconnect.kr/fox/cls/clsView825e.html]
[class.foxconnect.kr/fox/cls/clsView57d7.html]
[class.foxconnect.kr/fox/cls/clsView386f.html]
[class.foxconnect.kr/fox/cls/clsView5f9a.html]
[class.foxconnect.kr/fox/cls/clsViewa6b7.html]
[class.foxconnect.kr/fox/cls/clsView469b.html]
[class.foxconnect.kr/fox/cls/clsView91e9.html]
[class.foxconnect.kr/fox/cls/clsViewb2dd.html]
[class.foxconnect.kr/fox/cls/clsViewf896.html]
[class.foxconnect.kr/fox/cls/clsView2754.html]
[class.foxconnect.kr/fox/cls/clsView34d7.html]
[class.foxconnect.kr/fox/cls/clsView6ff9.html]
[class.foxconnect.kr/fox/cls/clsView20c6.html]
[class.foxconnect.kr/fox/cls/clsViewff41.html]
[class.foxconnect.kr/fox/cls/clsViewe6dc.html]
[class.foxconnect.kr/fox/cls/clsView0054.html]
[class.foxconnect.kr/fox/cls/clsView3709.html]
[class.foxconnect.kr/fox/cls/clsView9992.html]
[class.foxconnect.kr/fox/cls/clsView7cfb.html]
[class.foxconnect.kr/fox/cls/clsView9524.html]
[class.foxconnect.kr/fox/cls/clsView205a.html]
[class.foxconnect.kr/fox/cls/clsView7bf6.html]
[class.foxconnect.kr/fox/cls/clsView7e68.html]
[class.foxconnect.kr/fox/cls/clsView1377.html]
[class.foxconnect.kr/fox/cls/clsView82d5.html]
[class.foxconnect.kr/fox/cls/clsViewf6dc.html]
[class.foxconnect.kr/fox/cls/clsViewacc0.html]
[class.foxconnect.kr/fox/cls/clsViewbab8.html]
[class.foxconnect.kr/fox/cls/clsViewf82e.html]
[class.foxconnect.kr/fox/cls/clsView3313.html]
[class.foxconnect.kr/fox/cls/clsViewc62b.html]
[class.foxconnect.kr/fox/cls/clsViewfaed.html]
[class.foxconnect.kr/fox/cls/clsViewb0aa.html]
[class.foxconnect.kr/fox/cls/clsView8d5d.html]
[class.foxconnect.kr/fox/cls/clsView622c.html]
[class.foxconnect.kr/fox/cls/clsView163b.html]
[class.foxconnect.kr/fox/cls/clsView6f20.html]
[class.foxconnect.kr/fox/cls/clsView88f7.html]
[class.foxconnect.kr/fox/cls/clsView3405.html]
[class.foxconnect.kr/fox/cls/clsViewe1c9.html]
[class.foxconnect.kr/fox/cls/clsViewbb69.html]
[class.foxconnect.kr/fox/cls/clsView365e.html]
[class.foxconnect.kr/fox/cls/clsView9b70.html]
[class.foxconnect.kr/fox/cls/clsViewfab3.html]
[class.foxconnect.kr/fox/cls/clsView8194.html]
[class.foxconnect.kr/fox/cls/clsViewe38f.html]
[class.foxconnect.kr/fox/cls/clsViewb291.html]
[class.foxconnect.kr/fox/cls/clsView1ab8.html]
[class.foxconnect.kr/fox/cls/clsViewd410.html]
[class.foxconnect.kr/fox/cls/clsView9bfd.html]
[class.foxconnect.kr/fox/cls/clsViewf92e.html]
[class.foxconnect.kr/fox/cls/clsView7b14.html]
[class.foxconnect.kr/fox/cls/clsViewe1f8.html]
[class.foxconnect.kr/fox/cls/clsView99bb.html]
[class.foxconnect.kr/fox/cls/clsView6b95.html]
[class.foxconnect.kr/fox/cls/clsViewdfcc.html]
[class.foxconnect.kr/fox/cls/clsViewb0f2.html]
[class.foxconnect.kr/fox/cls/clsView321b.html]
[class.foxconnect.kr/fox/cls/clsView0a66.html]
[class.foxconnect.kr/fox/cls/clsView517d.html]
[class.foxconnect.kr/fox/cls/clsView7bc9.html]
[class.foxconnect.kr/fox/cls/clsView1b99.html]
[class.foxconnect.kr/fox/cls/clsView117b.html]
[class.foxconnect.kr/fox/cls/clsViewa9c7.html]
[class.foxconnect.kr/fox/cls/clsViewa700.html]
[class.foxconnect.kr/fox/cls/clsView9fd5.html]
[class.foxconnect.kr/fox/cls/clsView5a8f.html]
[class.foxconnect.kr/fox/cls/clsView631d.html]
[class.foxconnect.kr/fox/cls/clsView2c70.html]
[class.foxconnect.kr/fox/cls/clsViewf396.html]
[class.foxconnect.kr/fox/cls/clsView01ed.html]
[class.foxconnect.kr/fox/cls/clsView8813.html]
[class.foxconnect.kr/fox/cls/clsViewe794.html]
[class.foxconnect.kr/fox/cls/clsView9878.html]
[class.foxconnect.kr/fox/cls/clsView1e51.html]
[class.foxconnect.kr/fox/cls/clsView4aba.html]
[class.foxconnect.kr/fox/cls/clsViewbe94.html]
[class.foxconnect.kr/fox/cls/clsView1756.html]
[class.foxconnect.kr/fox/cls/clsView7582.html]
[class.foxconnect.kr/fox/cls/clsView69e0.html]
[class.foxconnect.kr/fox/cls/clsView411b.html]
[class.foxconnect.kr/fox/cls/clsViewb451.html]
[class.foxconnect.kr/fox/cls/clsViewdce7.html]
[class.foxconnect.kr/fox/cls/clsView3baf.html]
[class.foxconnect.kr/fox/cls/clsView2fd6.html]
[class.foxconnect.kr/fox/cls/clsView0776.html]
[class.foxconnect.kr/fox/cls/clsView5d76.html]
[class.foxconnect.kr/fox/cls/clsView99e0.html]
[class.foxconnect.kr/fox/cls/clsView3747.html]
[class.foxconnect.kr/fox/cls/clsViewa74d.html]
[class.foxconnect.kr/fox/cls/clsViewa188.html]
[class.foxconnect.kr/fox/cls/clsViewb0c7.html]
[class.foxconnect.kr/fox/cls/clsView27dd.html]
[class.foxconnect.kr/fox/cls/clsView29e8.html]
[class.foxconnect.kr/fox/cls/clsView30e1.html]
[class.foxconnect.kr/fox/cls/clsView186d.html]
[class.foxconnect.kr/fox/cls/clsViewe01d.html]
[class.foxconnect.kr/fox/cls/clsViewc9b3.html]
[class.foxconnect.kr/fox/cls/clsView2cb4.html]
[class.foxconnect.kr/fox/cls/clsView5792.html]
[class.foxconnect.kr/fox/cls/clsViewc6f4.html]
[class.foxconnect.kr/fox/cls/clsView7f31.html]
[class.foxconnect.kr/fox/cls/clsViewfa0f.html]
[class.foxconnect.kr/fox/cls/clsView1926.html]
[class.foxconnect.kr/fox/cls/clsView1628.html]
[class.foxconnect.kr/fox/cls/clsView216e.html]
[class.foxconnect.kr/fox/cls/clsView3dd3.html]
[class.foxconnect.kr/fox/cls/clsView2e77.html]
[class.foxconnect.kr/fox/cls/clsViewf003.html]
[class.foxconnect.kr/fox/cls/clsView87f7.html]
[class.foxconnect.kr/fox/cls/clsView2b7f.html]
[class.foxconnect.kr/fox/cls/clsView1dfd.html]
[class.foxconnect.kr/fox/cls/clsViewed4d.html]
[class.foxconnect.kr/fox/cls/clsViewfb4b.html]
[class.foxconnect.kr/fox/cls/clsViewfb34.html]
[class.foxconnect.kr/fox/cls/clsView9223.html]
[class.foxconnect.kr/fox/cls/clsViewaf0c.html]
[class.foxconnect.kr/fox/cls/clsViewd2b4.html]
[class.foxconnect.kr/fox/cls/clsViewbff8.html]
[class.foxconnect.kr/fox/cls/clsViewb9e8.html]
[class.foxconnect.kr/fox/cls/clsViewb8ef.html]
[class.foxconnect.kr/fox/cls/clsView57cc.html]
[class.foxconnect.kr/fox/cls/clsView9c55.html]
[class.foxconnect.kr/fox/cls/clsViewbbc8.html]
[class.foxconnect.kr/fox/cls/clsViewcda9.html]
[class.foxconnect.kr/fox/cls/clsView07e5.html]
[class.foxconnect.kr/fox/cls/clsView5b29.html]
[class.foxconnect.kr/fox/cls/clsView3c60.html]
[class.foxconnect.kr/fox/cls/clsView4300.html]
[class.foxconnect.kr/fox/cls/clsViewa2f8.html]
[class.foxconnect.kr/fox/cls/clsViewb054.html]
[class.foxconnect.kr/fox/cls/clsViewa3f3.html]
[class.foxconnect.kr/fox/cls/clsView087d.html]
[class.foxconnect.kr/fox/cls/clsView0238.html]
[class.foxconnect.kr/fox/cls/clsView0937.html]
[class.foxconnect.kr/fox/cls/clsView6c40.html]
[class.foxconnect.kr/fox/cls/clsView6c2b.html]
[class.foxconnect.kr/fox/cls/clsView5505.html]
[class.foxconnect.kr/fox/cls/clsView956c.html]
[class.foxconnect.kr/fox/cls/clsView78b4.html]
[class.foxconnect.kr/fox/cls/clsView9ba7.html]
[class.foxconnect.kr/fox/cls/clsViewc119.html]
[class.foxconnect.kr/fox/cls/clsView48cd.html]
[class.foxconnect.kr/fox/cls/clsView5f0c.html]
[class.foxconnect.kr/fox/cls/clsViewd58d.html]
[class.foxconnect.kr/fox/cls/clsView6202.html]
[class.foxconnect.kr/fox/cls/clsViewf7ee.html]
[class.foxconnect.kr/fox/cls/clsView83bd.html]
[class.foxconnect.kr/fox/cls/clsView36c2.html]
[class.foxconnect.kr/fox/cls/clsView78e0.html]
[class.foxconnect.kr/fox/cls/clsViewff0e.html]
[class.foxconnect.kr/fox/cls/clsView3f10.html]
[class.foxconnect.kr/fox/cls/clsView23e7.html]
[class.foxconnect.kr/fox/cls/clsView988a.html]
[class.foxconnect.kr/fox/cls/clsViewe3a1.html]
[class.foxconnect.kr/fox/cls/clsView1e1d.html]
[class.foxconnect.kr/fox/cls/clsViewa408.html]
[class.foxconnect.kr/fox/cls/clsView371a.html]
[class.foxconnect.kr/fox/cls/clsView4b6c.html]
[class.foxconnect.kr/fox/cls/clsViewbc0f.html]
[class.foxconnect.kr/fox/cls/clsView8e65.html]
[class.foxconnect.kr/fox/cls/clsViewa7c4.html]
[class.foxconnect.kr/fox/cls/clsViewe234.html]
[class.foxconnect.kr/fox/cls/clsViewb82b.html]
[class.foxconnect.kr/fox/cls/clsViewb98c.html]
[class.foxconnect.kr/fox/cls/clsView3eab.html]
[class.foxconnect.kr/fox/cls/clsView5361.html]
[class.foxconnect.kr/fox/cls/clsView18c5.html]
[class.foxconnect.kr/fox/cls/clsViewe5d7.html]
[class.foxconnect.kr/fox/cls/clsView6ca0.html]
[class.foxconnect.kr/fox/cls/clsVieweca8.html]
[class.foxconnect.kr/fox/cls/clsView48a4.html]
[class.foxconnect.kr/fox/cls/clsView52b2.html]
[class.foxconnect.kr/fox/cls/clsView8441.html]
[class.foxconnect.kr/fox/cls/clsViewef17.html]
[class.foxconnect.kr/fox/cls/clsView7aac.html]
[class.foxconnect.kr/fox/cls/clsView51be.html]
[class.foxconnect.kr/fox/cls/clsView3508.html]
[class.foxconnect.kr/fox/cls/clsViewf149.html]
[class.foxconnect.kr/fox/cls/clsViewb26f.html]
[class.foxconnect.kr/fox/cls/clsView7d8b.html]
[class.foxconnect.kr/fox/cls/clsView9431.html]
[class.foxconnect.kr/fox/cls/clsView76a1.html]
[class.foxconnect.kr/fox/cls/clsViewf39e.html]
[class.foxconnect.kr/fox/cls/clsView1cb6.html]
[class.foxconnect.kr/fox/cls/clsViewb45d.html]
[class.foxconnect.kr/fox/cls/clsView6803.html]
[class.foxconnect.kr/fox/cls/clsViewd16c.html]
[class.foxconnect.kr/fox/cls/clsView5e97.html]
[class.foxconnect.kr/fox/cls/clsView13e3.html]
[class.foxconnect.kr/fox/cls/clsView6845.html]
[class.foxconnect.kr/fox/cls/clsView8f2e.html]
[class.foxconnect.kr/fox/cls/clsView549c.html]
[class.foxconnect.kr/fox/cls/clsView4aeb.html]
[class.foxconnect.kr/fox/cls/clsView701c.html]
[class.foxconnect.kr/fox/cls/clsView2832.html]
[class.foxconnect.kr/fox/cls/clsViewe857.html]
[class.foxconnect.kr/fox/cls/clsView492a.html]
[class.foxconnect.kr/fox/cls/clsView2ab7.html]
[class.foxconnect.kr/fox/cls/clsView4ada.html]
[class.foxconnect.kr/fox/cls/clsView26ea.html]
[class.foxconnect.kr/fox/cls/clsView0773.html]
[class.foxconnect.kr/fox/cls/clsViewd573.html]
[class.foxconnect.kr/fox/cls/clsView14be.html]
[class.foxconnect.kr/fox/cls/clsView0c06.html]
[class.foxconnect.kr/fox/cls/clsView8364.html]
[class.foxconnect.kr/fox/cls/clsViewf063.html]
[class.foxconnect.kr/fox/cls/clsViewbf9d.html]
[class.foxconnect.kr/fox/cls/clsViewc979.html]
[class.foxconnect.kr/fox/cls/clsViewe9c3.html]
[class.foxconnect.kr/fox/cls/clsViewdf2a.html]
[class.foxconnect.kr/fox/cls/clsView6fdb.html]
[class.foxconnect.kr/fox/cls/clsView265a.html]
[class.foxconnect.kr/fox/cls/clsView9b7c.html]
[class.foxconnect.kr/fox/cls/clsViewa0e6.html]
[class.foxconnect.kr/fox/cls/clsViewd67c.html]
[class.foxconnect.kr/fox/cls/clsView6334.html]
[class.foxconnect.kr/fox/cls/clsView53bb.html]
[class.foxconnect.kr/fox/cls/clsViewfab1.html]
[class.foxconnect.kr/fox/cls/clsView43ea.html]
[class.foxconnect.kr/fox/cls/clsViewec68.html]
[class.foxconnect.kr/fox/cls/clsViewdb6f.html]
[class.foxconnect.kr/fox/cls/clsView84fc.html]
[class.foxconnect.kr/fox/cls/clsView10db.html]
[class.foxconnect.kr/fox/cls/clsViewcf00.html]
[class.foxconnect.kr/fox/cls/clsViewdcaa.html]
[class.foxconnect.kr/fox/cls/clsView586d.html]
[class.foxconnect.kr/fox/cls/clsViewb75a.html]
[class.foxconnect.kr/fox/cls/clsView9370.html]
[class.foxconnect.kr/fox/cls/clsView7a77.html]
[class.foxconnect.kr/fox/cls/clsView9672.html]
[class.foxconnect.kr/fox/cls/clsView60d8.html]
[class.foxconnect.kr/fox/cls/clsView7b41.html]
[class.foxconnect.kr/fox/cls/clsView9f86.html]
[class.foxconnect.kr/fox/cls/clsView010f.html]
[class.foxconnect.kr/fox/cls/clsView39fc.html]
[class.foxconnect.kr/fox/cls/clsViewf792.html]
[class.foxconnect.kr/fox/cls/clsView20e8.html]
[class.foxconnect.kr/fox/cls/clsView45dc.html]
[class.foxconnect.kr/fox/cls/clsViewafe1.html]
[class.foxconnect.kr/fox/cls/clsView3757.html]
[class.foxconnect.kr/fox/cls/clsView2700.html]
[class.foxconnect.kr/fox/cls/clsView6a43.html]
[class.foxconnect.kr/fox/cls/clsViewd1cc.html]
[class.foxconnect.kr/fox/cls/clsView7631.html]
[class.foxconnect.kr/fox/cls/clsViewb404.html]
[class.foxconnect.kr/fox/cls/clsViewc94a.html]
[class.foxconnect.kr/fox/cls/clsView6076.html]
[class.foxconnect.kr/fox/cls/clsView64b9.html]
[class.foxconnect.kr/fox/cls/clsViewe17e.html]
[class.foxconnect.kr/fox/cls/clsViewf291.html]
[class.foxconnect.kr/fox/cls/clsView761d.html]
[class.foxconnect.kr/fox/cls/clsView1b80.html]
[class.foxconnect.kr/fox/cls/clsViewb924.html]
[class.foxconnect.kr/fox/cls/clsViewd493.html]
[class.foxconnect.kr/fox/cls/clsView849b.html]
[class.foxconnect.kr/fox/cls/clsView6e33.html]
[class.foxconnect.kr/fox/cls/clsView9fab.html]
[class.foxconnect.kr/fox/cls/clsViewe479.html]
[class.foxconnect.kr/fox/cls/clsViewffc3.html]
[class.foxconnect.kr/fox/cls/clsView42d9.html]
[class.foxconnect.kr/fox/cls/clsView244b.html]
[class.foxconnect.kr/fox/cls/clsViewad0e.html]
[class.foxconnect.kr/fox/cls/clsView2a15.html]
[class.foxconnect.kr/fox/cls/clsViewaaba.html]
[class.foxconnect.kr/fox/cls/clsView7a0b.html]
[class.foxconnect.kr/fox/cls/clsViewf6bf.html]
[class.foxconnect.kr/fox/cls/clsViewfb2e.html]
[class.foxconnect.kr/fox/cls/clsView778d.html]
[class.foxconnect.kr/fox/cls/clsView257f.html]
[class.foxconnect.kr/fox/cls/clsViewf286.html]
[class.foxconnect.kr/fox/cls/clsViewe95c.html]
[class.foxconnect.kr/fox/cls/clsViewa433.html]
[class.foxconnect.kr/fox/cls/clsView3bb2.html]
[class.foxconnect.kr/fox/cls/clsView55c8.html]
[class.foxconnect.kr/fox/cls/clsView6001.html]
[class.foxconnect.kr/fox/cls/clsViewb70b.html]
[class.foxconnect.kr/fox/cls/clsViewb5df.html]
[class.foxconnect.kr/fox/cls/clsViewa799.html]
[class.foxconnect.kr/fox/cls/clsViewe5f4.html]
[class.foxconnect.kr/fox/cls/clsView507d.html]
[class.foxconnect.kr/fox/cls/clsView0bd1.html]
[class.foxconnect.kr/fox/cls/clsView9edd.html]
[class.foxconnect.kr/fox/cls/clsView7101.html]
[class.foxconnect.kr/fox/cls/clsView403d.html]
[class.foxconnect.kr/fox/cls/clsViewfe06.html]
[class.foxconnect.kr/fox/cls/clsView7dbc.html]
[class.foxconnect.kr/fox/cls/clsViewa0bd.html]
[class.foxconnect.kr/fox/cls/clsView1e72.html]
[class.foxconnect.kr/fox/cls/clsViewd096.html]
[class.foxconnect.kr/fox/cls/clsView8304.html]
[class.foxconnect.kr/fox/cls/clsView8cf8.html]
[class.foxconnect.kr/fox/cls/clsView4940.html]
[class.foxconnect.kr/fox/cls/clsView716e.html]
[class.foxconnect.kr/fox/cls/clsView0d3d.html]
[class.foxconnect.kr/fox/cls/clsViewc071.html]
[class.foxconnect.kr/fox/cls/clsViewea94.html]
[class.foxconnect.kr/fox/cls/clsView5d24.html]
[class.foxconnect.kr/fox/cls/clsView19de.html]
[class.foxconnect.kr/fox/cls/clsView6d71.html]
[class.foxconnect.kr/fox/cls/clsViewa8f6.html]
[class.foxconnect.kr/fox/cls/clsViewa656.html]
[class.foxconnect.kr/fox/cls/clsView21f5.html]
[class.foxconnect.kr/fox/cls/globalSearch8c9d.html]
[class.foxconnect.kr/fox/cls/clsViewe178.html]
[class.foxconnect.kr/contents/CLASS/THUMB/20241223/20241223041148670_thumb_1920x1080.jpg]
[class.foxconnect.kr/fox/cls/clsView9410.html]
[class.foxconnect.kr/contents/CLASS/THUMB/20241223/20241223041233028_thumb_1920x1080.jpg]
[class.foxconnect.kr/fox/cls/clsViewd148.html]
[class.foxconnect.kr/contents/CLASS/THUMB/20241223/20241223041330221_thumb_1920x1080.jpg]
[class.foxconnect.kr/fox/cls/clsView29fc.html]
[class.foxconnect.kr/contents/CLASS/THUMB/20241223/20241223041418017_thumb_1920x1080.jpg]
[class.foxconnect.kr/fox/cls/clsView4380.html]
[class.foxconnect.kr/contents/CLASS/THUMB/20241223/20241223041502854_thumb_1920x1080.jpg]
[class.foxconnect.kr/fox/cls/clsView1dd2.html]
[class.foxconnect.kr/contents/CLASS/THUMB/20241223/20241223041840078_thumb_1920x1080.jpg]
[class.foxconnect.kr/fox/cls/clsViewacbb-2.html]
[class.foxconnect.kr/contents/CLASS/THUMB/20241223/20241223041932013_thumb_1920x1080.jpg]
[class.foxconnect.kr/fox/cls/globalSearchb6ac.html]
[class.foxconnect.kr/fox/cls/clsViewef98.html]
[class.foxconnect.kr/contents/CLASS/THUMB/20241223/20241223042022970_thumb_1920x1080.jpg]
[class.foxconnect.kr/fox/cls/clsView0e83.html]
[class.foxconnect.kr/contents/CLASS/THUMB/20241223/20241223042106283_thumb_1920x1080.jpg]
[class.foxconnect.kr/fox/cls/clsViewd27f.html]
[class.foxconnect.kr/contents/CLASS/THUMB/20241223/20241223042151905_thumb_1920x1080.jpg]
[class.foxconnect.kr/fox/cls/clsViewcf2e.html]
[class.foxconnect.kr/contents/CLASS/THUMB/20241223/20241223042236044_thumb_1920x1080.jpg]
[class.foxconnect.kr/fox/cls/clsView4116.html]
[class.foxconnect.kr/contents/CLASS/THUMB/20241223/20241223042334407_thumb_1920x1080.jpg]
[class.foxconnect.kr/fox/cls/clsView44db.html]
[class.foxconnect.kr/contents/CLASS/THUMB/20241223/20241223042410411_thumb_1920x1080.jpg]
[class.foxconnect.kr/fox/cls/clsView4eda.html]
[class.foxconnect.kr/contents/CLASS/THUMB/20241223/20241223042506084_thumb_1920x1080.jpg]
[class.foxconnect.kr/fox/cls/clsViewe023.html]
[class.foxconnect.kr/contents/CLASS/THUMB/20241223/20241223042547669_thumb_1920x1080.jpg]
[class.foxconnect.kr/fox/cls/clsView9053.html]
[class.foxconnect.kr/contents/CLASS/THUMB/20241223/20241223042647042_thumb_1920x1080.jpg]
[class.foxconnect.kr/fox/cls/clsVieweeb4.html]
[class.foxconnect.kr/contents/CLASS/THUMB/20241223/20241223042804656_thumb_1920x1080.jpg]
[class.foxconnect.kr/fox/cls/clsView597f.html]
[class.foxconnect.kr/contents/CLASS/THUMB/20241223/20241223042854673_thumb_1920x1080.jpg]
[class.foxconnect.kr/fox/cls/clsViewdfdf.html]
[class.foxconnect.kr/contents/CLASS/THUMB/20241223/20241223042934689_thumb_1920x1080.jpg]
[class.foxconnect.kr/fox/cls/clsView0a6d.html]
[class.foxconnect.kr/contents/CLASS/THUMB/20241223/20241223043025259_thumb_1920x1080.jpg]
[class.foxconnect.kr/fox/cls/clsViewf9c3.html]
[class.foxconnect.kr/contents/CLASS/THUMB/20241223/20241223043109635_thumb_1920x1080.jpg]
[class.foxconnect.kr/fox/cls/clsView5aeb.html]
[class.foxconnect.kr/contents/CLASS/THUMB/20241223/20241223043153550_thumb_1920x1080.jpg]
[class.foxconnect.kr/fox/cls/clsViewf047.html]
[class.foxconnect.kr/contents/CLASS/THUMB/20241223/20241223043234442_thumb_1920x1080.jpg]
[class.foxconnect.kr/fox/cls/clsViewdb19.html]
[class.foxconnect.kr/contents/CLASS/THUMB/20241223/20241223043315788_thumb_1920x1080.jpg]
[class.foxconnect.kr/fox/cls/clsView0bcd.html]
[class.foxconnect.kr/contents/CLASS/THUMB/20241223/20241223043400138_thumb_1920x1080.jpg]
[class.foxconnect.kr/fox/cls/clsViewa667.html]
[class.foxconnect.kr/contents/CLASS/THUMB/20241223/20241223043452612_thumb_1920x1080.jpg]
[class.foxconnect.kr/fox/cls/clsView1f22.html]
[class.foxconnect.kr/fox/cls/globalSearchf7c4.html]
[class.foxconnect.kr/contents/CLASS/THUMB/20241223/20241223043534305_thumb_1920x1080.jpg]
[class.foxconnect.kr/fox/cls/clsView446a.html]
[class.foxconnect.kr/contents/CLASS/THUMB/20241223/20241223043712164_thumb_1920x1080.jpg]
[class.foxconnect.kr/fox/cls/clsView68a3.html]
[class.foxconnect.kr/contents/CLASS/THUMB/20241223/20241223043801169_thumb_1920x1080.jpg]
[class.foxconnect.kr/fox/cls/clsViewbc11.html]
[class.foxconnect.kr/contents/CLASS/THUMB/20241223/20241223043845664_thumb_1920x1080.jpg]
[class.foxconnect.kr/fox/cls/clsView756f.html]
[class.foxconnect.kr/contents/CLASS/THUMB/20241223/20241223043929689_thumb_1920x1080.jpg]
[class.foxconnect.kr/fox/cls/clsView677a.html]
[class.foxconnect.kr/contents/CLASS/THUMB/20241223/20241223044036638_thumb_1920x1080.jpg]
[class.foxconnect.kr/fox/cls/clsView74df.html]
[class.foxconnect.kr/contents/CLASS/THUMB/20241223/20241223044136657_thumb_1920x1080.jpg]
[class.foxconnect.kr/fox/cls/clsViewb929.html]
[class.foxconnect.kr/contents/CLASS/THUMB/20241223/20241223044307115_thumb_1920x1080.jpg]
[class.foxconnect.kr/fox/cls/clsView99a3.html]
[class.foxconnect.kr/contents/CLASS/THUMB/20241223/20241223044354405_thumb_1920x1080.jpg]
[class.foxconnect.kr/fox/cls/clsView467b.html]
[class.foxconnect.kr/contents/CLASS/THUMB/20241223/20241223044444091_thumb_1920x1080.jpg]
[class.foxconnect.kr/fox/cls/clsView2415.html]
[class.foxconnect.kr/contents/CLASS/THUMB/20241223/20241223044539661_thumb_1920x1080.jpg]
[class.foxconnect.kr/fox/cls/clsViewa8c8.html]
[class.foxconnect.kr/contents/CLASS/THUMB/20241223/20241223044630611_thumb_1920x1080.jpg]
[class.foxconnect.kr/fox/cls/clsView8fca.html]
[class.foxconnect.kr/contents/CLASS/THUMB/20241223/20241223044718050_thumb_1920x1080.jpg]
[class.foxconnect.kr/fox/cls/clsView49eb.html]
[class.foxconnect.kr/contents/CLASS/THUMB/20241223/20241223044944186_thumb_1920x1080.jpg]
[class.foxconnect.kr/fox/cls/clsView5f78.html]
[class.foxconnect.kr/contents/CLASS/THUMB/20241223/20241223045025412_thumb_1920x1080.jpg]
[class.foxconnect.kr/fox/cls/clsView8b3e.html]
[class.foxconnect.kr/contents/CLASS/THUMB/20241223/20241223045108807_thumb_1920x1080.jpg]
[class.foxconnect.kr/fox/cls/clsView78fd.html]
[class.foxconnect.kr/contents/CLASS/THUMB/20241223/20241223045314571_thumb_1920x1080.jpg]
[class.foxconnect.kr/fox/cls/clsView7aae.html]
[class.foxconnect.kr/contents/CLASS/THUMB/20241223/20241223045358027_thumb_1920x1080.jpg]
[class.foxconnect.kr/fox/cls/clsView6c18.html]
[class.foxconnect.kr/contents/CLASS/THUMB/20241223/20241223045437976_thumb_1920x1080.jpg]
[class.foxconnect.kr/fox/cls/clsView356f.html]
[class.foxconnect.kr/contents/CLASS/THUMB/20241223/20241223045531974_thumb_1920x1080.jpg]
[class.foxconnect.kr/fox/cls/clsView0531.html]
[class.foxconnect.kr/fox/cls/globalSearch0ad5.html]
[class.foxconnect.kr/contents/CLASS/THUMB/20241223/20241223045616637_thumb_1920x1080.jpg]
[class.foxconnect.kr/fox/cls/clsView7447.html]
[class.foxconnect.kr/contents/CLASS/THUMB/20241223/20241223045748006_thumb_1920x1080.jpg]
[class.foxconnect.kr/fox/cls/clsViewca46.html]
[class.foxconnect.kr/contents/CLASS/THUMB/20241223/20241223045831049_thumb_1920x1080.jpg]
[class.foxconnect.kr/fox/cls/clsView16f1.html]
[class.foxconnect.kr/contents/CLASS/THUMB/20241223/20241223050640795_thumb_1920x1080.jpg]
[class.foxconnect.kr/fox/cls/clsView003e.html]
[class.foxconnect.kr/contents/CLASS/THUMB/20241223/20241223050733825_thumb_1920x1080.jpg]
[class.foxconnect.kr/fox/cls/clsViewdab2.html]
[class.foxconnect.kr/contents/CLASS/THUMB/20241223/20241223050833091_thumb_1920x1080.jpg]
[class.foxconnect.kr/fox/cls/clsView2140.html]
[class.foxconnect.kr/contents/CLASS/THUMB/20241223/20241223050917495_thumb_1920x1080.jpg]
[class.foxconnect.kr/fox/cls/clsViewbf6d.html]
[class.foxconnect.kr/contents/CLASS/THUMB/20241223/20241223051037666_thumb_1920x1080.jpg]
[class.foxconnect.kr/fox/cls/clsViewb73d.html]
[class.foxconnect.kr/contents/CLASS/THUMB/20241223/20241223051126712_thumb_1920x1080.jpg]
[class.foxconnect.kr/fox/cls/clsView5473.html]
[class.foxconnect.kr/contents/CLASS/THUMB/20241223/20241223051421435_thumb_1920x1080.jpg]
[class.foxconnect.kr/fox/cls/clsView55cc.html]
[class.foxconnect.kr/contents/CLASS/THUMB/20241223/20241223051504772_thumb_1920x1080.jpg]
[class.foxconnect.kr/fox/cls/clsView9661.html]
[class.foxconnect.kr/contents/CLASS/THUMB/20241223/20241223051610466_thumb_1920x1080.jpg]
[class.foxconnect.kr/fox/cls/clsView8a83.html]
[class.foxconnect.kr/contents/CLASS/THUMB/20241223/20241223051745506_thumb_1920x1080.jpg]
[class.foxconnect.kr/fox/cls/clsViewa3cc.html]
[class.foxconnect.kr/contents/CLASS/THUMB/20241223/20241223051834575_thumb_1920x1080.jpg]
[class.foxconnect.kr/fox/cls/clsView6a9f.html]
[class.foxconnect.kr/contents/CLASS/THUMB/20241223/20241223051919630_thumb_1920x1080.jpg]
[class.foxconnect.kr/fox/cls/clsViewe48e.html]
[class.foxconnect.kr/contents/CLASS/THUMB/20241223/20241223052002589_thumb_1920x1080.jpg]
[class.foxconnect.kr/fox/cls/clsView4d56.html]
[class.foxconnect.kr/contents/CLASS/THUMB/20241223/20241223052043086_thumb_1920x1080.jpg]
[class.foxconnect.kr/fox/cls/clsView98f5.html]
[class.foxconnect.kr/contents/CLASS/THUMB/20241223/20241223052135133_thumb_1920x1080.jpg]
[class.foxconnect.kr/fox/cls/clsViewd2e5.html]
[class.foxconnect.kr/contents/CLASS/THUMB/20241223/20241223052211382_thumb_1920x1080.jpg]
[class.foxconnect.kr/fox/cls/clsView79d4.html]
[class.foxconnect.kr/contents/CLASS/THUMB/20241223/20241223052255965_thumb_1920x1080.jpg]
[class.foxconnect.kr/fox/cls/clsView5a38.html]
[class.foxconnect.kr/fox/cls/globalSearch92c3.html]
[class.foxconnect.kr/contents/CLASS/THUMB/20241223/20241223052338725_thumb_1920x1080.jpg]
[class.foxconnect.kr/fox/cls/clsViewb4b8.html]
[class.foxconnect.kr/contents/CLASS/THUMB/20241223/20241223052432309_thumb_1920x1080.jpg]
[class.foxconnect.kr/fox/cls/clsView4fec.html]
[class.foxconnect.kr/contents/CLASS/THUMB/20241223/20241223052511002_thumb_1920x1080.jpg]
[class.foxconnect.kr/fox/cls/clsViewa023.html]
[class.foxconnect.kr/contents/CLASS/THUMB/20241223/20241223052613511_thumb_1920x1080.jpg]
[class.foxconnect.kr/fox/cls/clsView2796-2.html]
[class.foxconnect.kr/contents/CLASS/THUMB/20241223/20241223052652983_thumb_1920x1080.jpg]
[class.foxconnect.kr/fox/cls/clsViewb63f.html]
[class.foxconnect.kr/contents/CLASS/THUMB/20241223/20241223052802963_thumb_1920x1080.jpg]
[class.foxconnect.kr/fox/cls/clsViewc570.html]
[class.foxconnect.kr/contents/CLASS/THUMB/20241223/20241223052848648_thumb_1920x1080.jpg]
[class.foxconnect.kr/fox/cls/clsView35b9.html]
[class.foxconnect.kr/contents/CLASS/THUMB/20241223/20241223052931600_thumb_1920x1080.jpg]
[class.foxconnect.kr/fox/cls/clsViewab75.html]
[class.foxconnect.kr/contents/CLASS/THUMB/20241223/20241223053026345_thumb_1920x1080.jpg]
[class.foxconnect.kr/fox/cls/clsViewc0e9.html]
[class.foxconnect.kr/contents/CLASS/THUMB/20241223/20241223053112978_thumb_1920x1080.jpg]
[class.foxconnect.kr/fox/cls/clsViewaeb3.html]
[class.foxconnect.kr/contents/CLASS/THUMB/20241223/20241223053200784_thumb_1920x1080.jpg]
[class.foxconnect.kr/fox/cls/clsView3743.html]
[class.foxconnect.kr/contents/CLASS/THUMB/20241223/20241223053242207_thumb_1920x1080.jpg]
[class.foxconnect.kr/fox/cls/clsView8ace.html]
[class.foxconnect.kr/contents/CLASS/THUMB/20241223/20241223053326761_thumb_1920x1080.jpg]
[class.foxconnect.kr/fox/cls/clsViewffdf.html]
[class.foxconnect.kr/contents/CLASS/THUMB/20241223/20241223053415397_thumb_1920x1080.jpg]
[class.foxconnect.kr/fox/cls/clsView69ac.html]
[class.foxconnect.kr/contents/CLASS/THUMB/20241223/20241223053456096_thumb_1920x1080.jpg]
[class.foxconnect.kr/fox/cls/clsView1734.html]
[class.foxconnect.kr/contents/CLASS/THUMB/20241223/20241223053535140_thumb_1920x1080.jpg]
[class.foxconnect.kr/fox/cls/clsView175e.html]
[class.foxconnect.kr/contents/CLASS/THUMB/20241223/20241223053613723_thumb_1920x1080.jpg]
[class.foxconnect.kr/fox/cls/clsView55e9.html]
[class.foxconnect.kr/contents/CLASS/THUMB/20241223/20241223053655030_thumb_1920x1080.jpg]
[class.foxconnect.kr/fox/cls/clsViewf83f.html]
[class.foxconnect.kr/contents/CLASS/THUMB/20241223/20241223053734818_thumb_1920x1080.jpg]
[class.foxconnect.kr/fox/cls/clsViewf39a.html]
[class.foxconnect.kr/contents/CLASS/THUMB/20241223/20241223053818931_thumb_1920x1080.jpg]
[class.foxconnect.kr/fox/cls/clsView88b1.html]
[class.foxconnect.kr/contents/CLASS/THUMB/20241223/20241223053855273_thumb_1920x1080.jpg]
[class.foxconnect.kr/fox/cls/globalSearch4e26.html]
[class.foxconnect.kr/fox/cls/clsView20fb.html]
[class.foxconnect.kr/contents/CLASS/THUMB/20241223/20241223053935822_thumb_1920x1080.jpg]
[class.foxconnect.kr/fox/cls/clsView46c3.html]
[class.foxconnect.kr/contents/CLASS/THUMB/20241223/20241223054016687_thumb_1920x1080.jpg]
[class.foxconnect.kr/fox/cls/clsView283e.html]
[class.foxconnect.kr/contents/CLASS/THUMB/20241223/20241223054055428_thumb_1920x1080.jpg]
[class.foxconnect.kr/fox/cls/clsView06ba.html]
[class.foxconnect.kr/contents/CLASS/THUMB/20241223/20241223054134424_thumb_1920x1080.jpg]
[class.foxconnect.kr/fox/cls/clsViewd15a.html]
[class.foxconnect.kr/contents/CLASS/THUMB/20241224/20241224090001347_thumb_1920x1080.jpg]
[class.foxconnect.kr/fox/cls/clsViewc6bb.html]
[class.foxconnect.kr/contents/CLASS/THUMB/20241224/20241224090031462_thumb_1920x1080.jpg]
[class.foxconnect.kr/fox/cls/clsViewce3f.html]
[class.foxconnect.kr/contents/CLASS/THUMB/20241224/20241224090058714_thumb_1920x1080.jpg]
[class.foxconnect.kr/fox/cls/clsView9980.html]
[class.foxconnect.kr/contents/CLASS/THUMB/20241224/20241224090136574_thumb_1920x1080.jpg]
[class.foxconnect.kr/fox/cls/clsView14a1.html]
[class.foxconnect.kr/contents/CLASS/THUMB/20241224/20241224090206010_thumb_1920x1080.jpg]
[class.foxconnect.kr/fox/cls/clsViewa6a8.html]
[class.foxconnect.kr/contents/CLASS/THUMB/20241224/20241224090610787_thumb_1920x1080.jpg]
[class.foxconnect.kr/fox/cls/clsView2b4a.html]
[class.foxconnect.kr/contents/CLASS/THUMB/20241224/20241224090730149_thumb_1920x1080.jpg]
[class.foxconnect.kr/fox/cls/clsView33f8.html]
[class.foxconnect.kr/contents/CLASS/THUMB/20241224/20241224091017710_thumb_1920x1080.jpg]
[class.foxconnect.kr/fox/cls/clsView88b0.html]
[class.foxconnect.kr/contents/CLASS/THUMB/20241224/20241224091153516_thumb_1920x1080.jpg]
[class.foxconnect.kr/fox/cls/clsViewf336.html]
[class.foxconnect.kr/contents/CLASS/THUMB/20241224/20241224091545758_thumb_1920x1080.jpg]
[class.foxconnect.kr/fox/cls/clsViewe3c6.html]
[class.foxconnect.kr/contents/CLASS/THUMB/20241224/20241224091618227_thumb_1920x1080.jpg]
[class.foxconnect.kr/fox/cls/clsView6e3e.html]
[class.foxconnect.kr/contents/CLASS/THUMB/20241224/20241224091748537_thumb_1920x1080.jpg]
[class.foxconnect.kr/fox/cls/clsView5daf.html]
[class.foxconnect.kr/contents/CLASS/THUMB/20241224/20241224091837795_thumb_1920x1080.jpg]
[class.foxconnect.kr/fox/cls/clsView0ede.html]
[class.foxconnect.kr/contents/CLASS/THUMB/20241224/20241224091926933_thumb_1920x1080.jpg]
[class.foxconnect.kr/fox/cls/clsView8c70.html]
[class.foxconnect.kr/contents/CLASS/THUMB/20241224/20241224092001880_thumb_1920x1080.jpg]
[class.foxconnect.kr/fox/cls/clsView0a6f.html]
[class.foxconnect.kr/fox/cls/globalSearch8199.html]
[class.foxconnect.kr/contents/CLASS/THUMB/20241224/20241224092119342_thumb_1920x1080.jpg]
[class.foxconnect.kr/fox/cls/clsViewc6c3.html]
[class.foxconnect.kr/contents/CLASS/THUMB/20241224/20241224092212481_thumb_1920x1080.jpg]
[class.foxconnect.kr/fox/cls/clsViewf99b.html]
[class.foxconnect.kr/contents/CLASS/THUMB/20241224/20241224092301647_thumb_1920x1080.jpg]
[class.foxconnect.kr/fox/cls/clsView9aa7.html]
[class.foxconnect.kr/contents/CLASS/THUMB/20241224/20241224092335560_thumb_1920x1080.jpg]
[class.foxconnect.kr/fox/cls/clsViewa2cd.html]
[class.foxconnect.kr/contents/CLASS/THUMB/20241224/20241224092355273_thumb_1920x1080.jpg]
[class.foxconnect.kr/fox/cls/clsView3ba5.html]
[class.foxconnect.kr/contents/CLASS/THUMB/20241224/20241224092424600_thumb_1920x1080.jpg]
[class.foxconnect.kr/fox/cls/clsViewa4f4.html]
[class.foxconnect.kr/contents/CLASS/THUMB/20241224/20241224092418962_thumb_1920x1080.jpg]
[class.foxconnect.kr/fox/cls/clsViewfb8a.html]
[class.foxconnect.kr/contents/CLASS/THUMB/20241224/20241224092454963_thumb_1920x1080.jpg]
[class.foxconnect.kr/fox/cls/clsView4d01.html]
[class.foxconnect.kr/contents/CLASS/THUMB/20241224/20241224092504804_thumb_1920x1080.jpg]
[class.foxconnect.kr/fox/cls/clsViewf525.html]
[class.foxconnect.kr/contents/CLASS/THUMB/20241224/20241224092524517_thumb_1920x1080.jpg]
[class.foxconnect.kr/fox/cls/clsView63be.html]
[class.foxconnect.kr/contents/CLASS/THUMB/20241224/20241224092556795_thumb_1920x1080.jpg]
[class.foxconnect.kr/fox/cls/clsViewdbc8.html]
[class.foxconnect.kr/contents/CLASS/THUMB/20241224/20241224092604677_thumb_1920x1080.jpg]
[class.foxconnect.kr/fox/cls/clsViewddf5.html]
[class.foxconnect.kr/contents/CLASS/THUMB/20241224/20241224092626572_thumb_1920x1080.jpg]
[class.foxconnect.kr/fox/cls/clsView0842.html]
[class.foxconnect.kr/contents/CLASS/THUMB/20241224/20241224092655449_thumb_1920x1080.jpg]
[class.foxconnect.kr/fox/cls/clsViewb32f.html]
[class.foxconnect.kr/contents/CLASS/THUMB/20241224/20241224092651187_thumb_1920x1080.jpg]
[class.foxconnect.kr/fox/cls/clsViewd65a.html]
[class.foxconnect.kr/contents/CLASS/THUMB/20241224/20241224092723231_thumb_1920x1080.jpg]
[class.foxconnect.kr/fox/cls/clsView5c56.html]
[class.foxconnect.kr/contents/CLASS/THUMB/20241224/20241224092730399_thumb_1920x1080.jpg]
[class.foxconnect.kr/fox/cls/clsViewe6fa.html]
[class.foxconnect.kr/contents/CLASS/THUMB/20241224/20241224092753938_thumb_1920x1080.jpg]
[class.foxconnect.kr/fox/cls/clsViewf90a.html]
[class.foxconnect.kr/contents/CLASS/THUMB/20241224/20241224092821583_thumb_1920x1080.jpg]
[class.foxconnect.kr/fox/cls/clsView7b5e.html]
[class.foxconnect.kr/contents/CLASS/THUMB/20241224/20241224092835389_thumb_1920x1080.jpg]
[class.foxconnect.kr/fox/cls/clsViewa88f.html]
[class.foxconnect.kr/fox/cls/globalSearch90e8.html]
[class.foxconnect.kr/contents/CLASS/THUMB/20241224/20241224092850044_thumb_1920x1080.jpg]
[class.foxconnect.kr/fox/cls/clsView540e.html]
[class.foxconnect.kr/contents/CLASS/THUMB/20241224/20241224092918345_thumb_1920x1080.jpg]
[class.foxconnect.kr/fox/cls/clsView0915.html]
[class.foxconnect.kr/contents/CLASS/THUMB/20241224/20241224092917265_thumb_1920x1080.jpg]
[class.foxconnect.kr/fox/cls/clsViewb1cd.html]
[class.foxconnect.kr/contents/CLASS/THUMB/20241224/20241224092946760_thumb_1920x1080.jpg]
[class.foxconnect.kr/fox/cls/clsView4729.html]
[class.foxconnect.kr/contents/CLASS/THUMB/20241224/20241224093015733_thumb_1920x1080.jpg]
[class.foxconnect.kr/fox/cls/clsView0961.html]
[class.foxconnect.kr/contents/CLASS/THUMB/20241224/20241224093027004_thumb_1920x1080.jpg]
[class.foxconnect.kr/fox/cls/clsViewb9a8.html]
[class.foxconnect.kr/contents/CLASS/THUMB/20241224/20241224093046044_thumb_1920x1080.jpg]
[class.foxconnect.kr/fox/cls/clsViewc9eb.html]
[class.foxconnect.kr/contents/CLASS/THUMB/20241224/20241224093109691_thumb_1920x1080.jpg]
[class.foxconnect.kr/fox/cls/clsViewf221.html]
[class.foxconnect.kr/contents/CLASS/THUMB/20241224/20241224093127906_thumb_1920x1080.jpg]
[class.foxconnect.kr/fox/cls/clsView4f8e.html]
[class.foxconnect.kr/contents/CLASS/THUMB/20241224/20241224093158297_thumb_1920x1080.jpg]
[class.foxconnect.kr/fox/cls/clsView08f1.html]
[class.foxconnect.kr/contents/CLASS/THUMB/20241224/20241224093153962_thumb_1920x1080.jpg]
[class.foxconnect.kr/fox/cls/clsView557c.html]
[class.foxconnect.kr/contents/CLASS/THUMB/20241224/20241224093225790_thumb_1920x1080.jpg]
[class.foxconnect.kr/fox/cls/clsView2939.html]
[class.foxconnect.kr/contents/CLASS/THUMB/20241224/20241224093250435_thumb_1920x1080.jpg]
[class.foxconnect.kr/fox/cls/clsView6095.html]
[class.foxconnect.kr/contents/CLASS/THUMB/20241224/20241224093305570_thumb_1920x1080.jpg]
[class.foxconnect.kr/fox/cls/clsViewb78a.html]
[class.foxconnect.kr/contents/CLASS/THUMB/20241224/20241224093334769_thumb_1920x1080.jpg]
[class.foxconnect.kr/fox/cls/clsViewc0da.html]
[class.foxconnect.kr/contents/CLASS/THUMB/20241224/20241224093329208_thumb_1920x1080.jpg]
[class.foxconnect.kr/fox/cls/clsViewd8ec.html]
[class.foxconnect.kr/contents/CLASS/THUMB/20241224/20241224093400714_thumb_1920x1080.jpg]
[class.foxconnect.kr/fox/cls/clsView1e0f.html]
[class.foxconnect.kr/contents/CLASS/THUMB/20241224/20241224093428281_thumb_1920x1080.jpg]
[class.foxconnect.kr/fox/cls/clsViewe708.html]
[class.foxconnect.kr/contents/CLASS/THUMB/20241224/20241224093437713_thumb_1920x1080.jpg]
[class.foxconnect.kr/fox/cls/clsView7eca.html]
[class.foxconnect.kr/contents/CLASS/THUMB/20241224/20241224093456362_thumb_1920x1080.jpg]
[class.foxconnect.kr/fox/cls/clsView775d.html]
[class.foxconnect.kr/fox/cls/globalSearchd7a6.html]
[class.foxconnect.kr/contents/CLASS/THUMB/20241224/20241224093521245_thumb_1920x1080.jpg]
[class.foxconnect.kr/fox/cls/clsViewee14.html]
[class.foxconnect.kr/contents/CLASS/THUMB/20241224/20241224093554060_thumb_1920x1080.jpg]
[class.foxconnect.kr/fox/cls/clsView187e.html]
[class.foxconnect.kr/contents/CLASS/THUMB/20241224/20241224093634307_thumb_1920x1080.jpg]
[class.foxconnect.kr/fox/cls/clsViewfa03.html]
[class.foxconnect.kr/contents/CLASS/THUMB/20241224/20241224093712066_thumb_1920x1080.jpg]
[class.foxconnect.kr/fox/cls/clsView09f1.html]
[class.foxconnect.kr/contents/CLASS/THUMB/20241224/20241224093814827_thumb_1920x1080.jpg]
[class.foxconnect.kr/fox/cls/clsView681f.html]
[class.foxconnect.kr/contents/CLASS/THUMB/20241224/20241224093820865_thumb_1920x1080.jpg]
[class.foxconnect.kr/fox/cls/clsView621a.html]
[class.foxconnect.kr/contents/CLASS/THUMB/20241224/20241224093842808_thumb_1920x1080.jpg]
[class.foxconnect.kr/fox/cls/clsView19c2.html]
[class.foxconnect.kr/contents/CLASS/THUMB/20241224/20241224093908102_thumb_1920x1080.jpg]
[class.foxconnect.kr/fox/cls/clsViewa5d6.html]
[class.foxconnect.kr/contents/CLASS/THUMB/20241224/20241224093902564_thumb_1920x1080.jpg]
[class.foxconnect.kr/fox/cls/clsView424c.html]
[class.foxconnect.kr/contents/CLASS/THUMB/20241224/20241224093935471_thumb_1920x1080.jpg]
[class.foxconnect.kr/fox/cls/clsView30c6.html]
[class.foxconnect.kr/contents/CLASS/THUMB/20241224/20241224093941912_thumb_1920x1080.jpg]
[class.foxconnect.kr/fox/cls/clsView2e3b.html]
[class.foxconnect.kr/contents/CLASS/THUMB/20241224/20241224094008842_thumb_1920x1080.jpg]
[class.foxconnect.kr/fox/cls/clsView5e93.html]
[class.foxconnect.kr/contents/CLASS/THUMB/20241224/20241224094023836_thumb_1920x1080.jpg]
[class.foxconnect.kr/fox/cls/clsView4744.html]
[class.foxconnect.kr/contents/CLASS/THUMB/20241224/20241224094038041_thumb_1920x1080.jpg]
[class.foxconnect.kr/fox/cls/clsView7fb0.html]
[class.foxconnect.kr/contents/CLASS/THUMB/20241224/20241224094107012_thumb_1920x1080.jpg]
[class.foxconnect.kr/fox/cls/clsView816c.html]
[class.foxconnect.kr/contents/CLASS/THUMB/20241224/20241224094100895_thumb_1920x1080.jpg]
[class.foxconnect.kr/fox/cls/clsView6ce7.html]
[class.foxconnect.kr/contents/CLASS/THUMB/20241224/20241224094134211_thumb_1920x1080.jpg]
[class.foxconnect.kr/fox/cls/clsView0e64-2.html]
[class.foxconnect.kr/contents/CLASS/THUMB/20241224/20241224094144192_thumb_1920x1080.jpg]
[class.foxconnect.kr/fox/cls/clsView4aa1.html]
[class.foxconnect.kr/contents/CLASS/THUMB/20241224/20241224094201320_thumb_1920x1080.jpg]
[class.foxconnect.kr/fox/cls/clsViewc685.html]
[class.foxconnect.kr/contents/CLASS/THUMB/20241224/20241224094232032_thumb_1920x1080.jpg]
[class.foxconnect.kr/fox/cls/clsView4a59.html]
[class.foxconnect.kr/contents/CLASS/THUMB/20241224/20241224094250982_thumb_1920x1080.jpg]
[class.foxconnect.kr/fox/cls/globalSearchdfa7.html]
[class.foxconnect.kr/fox/cls/globalSearchaeb7.html]
[class.foxconnect.kr/fox/cls/globalSearch4e0b.html]
[class.foxconnect.kr/fox/cls/globalSearchcded.html]
[class.foxconnect.kr/fox/cls/globalSearch1aa6.html]
[class.foxconnect.kr/fox/cls/globalSearchebdd.html]
[class.foxconnect.kr/fox/cls/globalSearch0abd.html]
[class.foxconnect.kr/fox/cls/globalSearch3c05.html]
[class.foxconnect.kr/fox/cls/globalSearchb581.html]
[class.foxconnect.kr/fox/cls/globalSearche007.html]
[class.foxconnect.kr/fox/cls/globalSearch93b5.html]
[class.foxconnect.kr/fox/cls/clsView1a67.html]
[class.foxconnect.kr/fox/cls/clsView7a49.html]
[class.foxconnect.kr/fox/cls/clsView7609.html]
[class.foxconnect.kr/fox/cls/clsView1eb6.html]
[class.foxconnect.kr/fox/cls/clsView5c60.html]
[class.foxconnect.kr/fox/cls/clsViewba36.html]
[class.foxconnect.kr/fox/cls/clsViewb35f.html]
[class.foxconnect.kr/fox/cls/clsViewf9b9.html]
[class.foxconnect.kr/fox/cls/clsView9785.html]
[class.foxconnect.kr/fox/cls/clsView74af.html]
[class.foxconnect.kr/fox/cls/clsView858d.html]
[class.foxconnect.kr/fox/cls/clsView910e.html]
[class.foxconnect.kr/fox/cls/clsView7f21.html]
[class.foxconnect.kr/fox/cls/clsViewa76e.html]
[class.foxconnect.kr/contents/CLASS/THUMB/20241212/20241212041538357_thumb_1920x1080.jpg]
[class.foxconnect.kr/fox/cls/clsView2ded.html]
[class.foxconnect.kr/contents/CLASS/THUMB/20241212/20241212041610405_thumb_1920x1080.jpg]
[class.foxconnect.kr/fox/cls/clsView0f6d.html]
[class.foxconnect.kr/contents/CLASS/THUMB/20241212/20241212041643899_thumb_1920x1080.jpg]
[class.foxconnect.kr/fox/cls/clsViewa448.html]
[class.foxconnect.kr/contents/CLASS/THUMB/20241212/20241212041716794_thumb_1920x1080.jpg]
[class.foxconnect.kr/fox/cls/clsView7ae4.html]
[class.foxconnect.kr/contents/CLASS/THUMB/20241212/20241212041750919_thumb_1920x1080.jpg]
[class.foxconnect.kr/fox/cls/clsViewd813.html]
[class.foxconnect.kr/contents/CLASS/THUMB/20241212/20241212041820684_thumb_1920x1080.jpg]
[class.foxconnect.kr/fox/cls/clsView878b.html]
[class.foxconnect.kr/contents/CLASS/THUMB/20241212/20241212042154098_thumb_1920x1080.jpg]
[class.foxconnect.kr/fox/cls/clsView1f26.html]
[class.foxconnect.kr/contents/CLASS/THUMB/20241212/20241212042226589_thumb_1920x1080.jpg]
[class.foxconnect.kr/fox/cls/clsViewa1c8.html]
[class.foxconnect.kr/contents/CLASS/THUMB/20241212/20241212042258924_thumb_1920x1080.jpg]
[class.foxconnect.kr/fox/cls/clsView181e.html]
[class.foxconnect.kr/contents/CLASS/THUMB/20241212/20241212042332442_thumb_1920x1080.jpg]
[class.foxconnect.kr/fox/cls/clsView42f9.html]
[class.foxconnect.kr/contents/CLASS/THUMB/20241212/20241212042408565_thumb_1920x1080.jpg]
[class.foxconnect.kr/fox/cls/clsView1f5c.html]
[class.foxconnect.kr/contents/CLASS/THUMB/20241212/20241212042442659_thumb_1920x1080.jpg]
[class.foxconnect.kr/fox/cls/clsViewac3e.html]
[class.foxconnect.kr/contents/CLASS/THUMB/20241212/20241212042512054_thumb_1920x1080.jpg]
[class.foxconnect.kr/fox/cls/clsView92a8.html]
[class.foxconnect.kr/contents/CLASS/THUMB/20241212/20241212042545140_thumb_1920x1080.jpg]
[class.foxconnect.kr/fox/cls/clsViewe659.html]
[class.foxconnect.kr/contents/CLASS/THUMB/20241212/20241212044200875_thumb_1920x1080.jpg]
[class.foxconnect.kr/fox/cls/clsViewc5c2.html]
[class.foxconnect.kr/contents/CLASS/THUMB/20241212/20241212044241550_thumb_1920x1080.jpg]
[class.foxconnect.kr/fox/cls/clsViewefb7.html]
[class.foxconnect.kr/contents/CLASS/THUMB/20241212/20241212044315334_thumb_1920x1080.jpg]
[class.foxconnect.kr/fox/cls/clsView1b8d.html]
[class.foxconnect.kr/contents/CLASS/THUMB/20241212/20241212044351445_thumb_1920x1080.jpg]
[class.foxconnect.kr/fox/cls/clsViewa465.html]
[class.foxconnect.kr/contents/CLASS/THUMB/20241212/20241212044424600_thumb_1920x1080.jpg]
[class.foxconnect.kr/fox/cls/clsView96c1.html]
[class.foxconnect.kr/contents/CLASS/THUMB/20241212/20241212044454750_thumb_1920x1080.jpg]
[class.foxconnect.kr/fox/cls/globalSearchab59.html]
[class.foxconnect.kr/fox/cls/globalSearchdf53.html]
[class.foxconnect.kr/fox/cls/globalSearch870f.html]
[class.foxconnect.kr/fox/cls/globalSearchd71e.html]
[class.foxconnect.kr/fox/cls/globalSearchad2d.html]
[class.foxconnect.kr/fox/cls/globalSearchd016.html]
[class.foxconnect.kr/fox/cls/globalSearch1281.html]
[class.foxconnect.kr/fox/cls/globalSearchabbe.html]
[class.foxconnect.kr/fox/cls/globalSearchd221.html]
[class.foxconnect.kr/fox/cls/globalSearch2c07.html]
[class.foxconnect.kr/fox/cls/globalSearchf93a.html]
[class.foxconnect.kr/fox/cls/clsViewf376.html]
[class.foxconnect.kr/contents/CLASS/THUMB/20241212/20241212044526975_thumb_1920x1080.jpg]
[class.foxconnect.kr/fox/cls/clsViewa303.html]
[class.foxconnect.kr/contents/CLASS/THUMB/20241212/20241212044557115_thumb_1920x1080.jpg]
[class.foxconnect.kr/fox/cls/clsView6e70.html]
[class.foxconnect.kr/contents/CLASS/THUMB/20241212/20241212044629197_thumb_1920x1080.jpg]
[class.foxconnect.kr/fox/cls/clsViewad4a.html]
[class.foxconnect.kr/contents/CLASS/THUMB/20241212/20241212054822140_thumb_1920x1080.jpg]
[class.foxconnect.kr/fox/cls/clsView2c5c.html]
[class.foxconnect.kr/contents/CLASS/THUMB/20241212/20241212054902108_thumb_1920x1080.jpg]
[class.foxconnect.kr/fox/cls/clsView59fc.html]
[class.foxconnect.kr/contents/CLASS/THUMB/20241212/20241212054933497_thumb_1920x1080.jpg]
[class.foxconnect.kr/fox/cls/clsViewa315.html]
[class.foxconnect.kr/contents/CLASS/THUMB/20241212/20241212054959280_thumb_1920x1080.jpg]
[class.foxconnect.kr/fox/cls/clsView04d0.html]
[class.foxconnect.kr/contents/CLASS/THUMB/20241212/20241212055035620_thumb_1920x1080.jpg]
[class.foxconnect.kr/fox/cls/clsViewc388.html]
[class.foxconnect.kr/contents/CLASS/THUMB/20241212/20241212055109177_thumb_1920x1080.jpg]
[class.foxconnect.kr/fox/cls/clsView9771-2.html]
[class.foxconnect.kr/contents/CLASS/THUMB/20241212/20241212055139968_thumb_1920x1080.jpg]
[class.foxconnect.kr/fox/cls/clsView543d.html]
[class.foxconnect.kr/contents/CLASS/THUMB/20241213/20241213085544909_thumb_1920x1080.jpg]
[class.foxconnect.kr/fox/cls/clsView2919.html]
[class.foxconnect.kr/contents/CLASS/THUMB/20241213/20241213085714219_thumb_1920x1080.jpg]
[class.foxconnect.kr/fox/cls/clsView22d6.html]
[class.foxconnect.kr/contents/CLASS/THUMB/20241213/20241213090630678_thumb_1920x1080.jpg]
[class.foxconnect.kr/fox/cls/clsView1c62.html]
[class.foxconnect.kr/contents/CLASS/THUMB/20241213/20241213091243564_thumb_1920x1080.jpg]
[class.foxconnect.kr/fox/cls/clsView52f8.html]
[class.foxconnect.kr/contents/CLASS/THUMB/20241213/20241213091547571_thumb_1920x1080.jpg]
[class.foxconnect.kr/fox/cls/clsView9384.html]
[class.foxconnect.kr/contents/CLASS/THUMB/20241213/20241213091658234_thumb_1920x1080.jpg]
[class.foxconnect.kr/fox/cls/clsViewb894.html]
[class.foxconnect.kr/contents/CLASS/THUMB/20241213/20241213091904470_thumb_1920x1080.jpg]
[class.foxconnect.kr/fox/cls/clsViewf750.html]
[class.foxconnect.kr/contents/CLASS/THUMB/20241213/20241213092133394_thumb_1920x1080.jpg]
[class.foxconnect.kr/fox/cls/clsView8a4d.html]
[class.foxconnect.kr/contents/CLASS/THUMB/20241213/20241213092311777_thumb_1920x1080.jpg]
[class.foxconnect.kr/fox/cls/clsView87c4.html]
[class.foxconnect.kr/contents/CLASS/THUMB/20241213/20241213092355790_thumb_1920x1080.jpg]
[class.foxconnect.kr/fox/cls/globalSearch9ebe.html]
[class.foxconnect.kr/fox/cls/clsView5337.html]
[class.foxconnect.kr/contents/CLASS/THUMB/20241213/20241213092435099_thumb_1920x1080.jpg]
[class.foxconnect.kr/fox/cls/clsVieweaf8.html]
[class.foxconnect.kr/contents/CLASS/THUMB/20241213/20241213092517400_thumb_1920x1080.jpg]
[class.foxconnect.kr/fox/cls/clsView0975.html]
[class.foxconnect.kr/contents/CLASS/THUMB/20241213/20241213093658488_thumb_1920x1080.jpg]
[class.foxconnect.kr/fox/cls/clsView4914.html]
[class.foxconnect.kr/contents/CLASS/THUMB/20241213/20241213093754125_thumb_1920x1080.jpg]
[class.foxconnect.kr/fox/cls/clsView5c7f.html]
[class.foxconnect.kr/contents/CLASS/THUMB/20241213/20241213093850591_thumb_1920x1080.jpg]
[class.foxconnect.kr/fox/cls/clsViewb97e.html]
[class.foxconnect.kr/contents/CLASS/THUMB/20241213/20241213093932570_thumb_1920x1080.jpg]
[class.foxconnect.kr/fox/cls/clsView03f1.html]
[class.foxconnect.kr/contents/CLASS/THUMB/20241213/20241213094129043_thumb_1920x1080.jpg]
[class.foxconnect.kr/fox/cls/clsView6677.html]
[class.foxconnect.kr/contents/CLASS/THUMB/20241213/20241213094215190_thumb_1920x1080.jpg]
[class.foxconnect.kr/fox/cls/clsView703d.html]
[class.foxconnect.kr/contents/CLASS/THUMB/20241213/20241213094433411_thumb_1920x1080.jpg]
[class.foxconnect.kr/fox/cls/clsVieweb45.html]
[class.foxconnect.kr/contents/CLASS/THUMB/20241213/20241213094513262_thumb_1920x1080.jpg]
[class.foxconnect.kr/fox/cls/clsViewe6ec.html]
[class.foxconnect.kr/contents/CLASS/THUMB/20241213/20241213094557866_thumb_1920x1080.jpg]
[class.foxconnect.kr/fox/cls/clsViewc5a9.html]
[class.foxconnect.kr/contents/CLASS/THUMB/20241213/20241213104047777_thumb_1920x1080.jpg]
[class.foxconnect.kr/fox/cls/clsView2363.html]
[class.foxconnect.kr/contents/CLASS/THUMB/20241213/20241213104130425_thumb_1920x1080.jpg]
[class.foxconnect.kr/fox/cls/clsView71b6.html]
[class.foxconnect.kr/contents/CLASS/THUMB/20241213/20241213104211395_thumb_1920x1080.jpg]
[class.foxconnect.kr/fox/cls/clsView87dc.html]
[class.foxconnect.kr/contents/CLASS/THUMB/20241213/20241213104311393_thumb_1920x1080.jpg]
[class.foxconnect.kr/fox/cls/clsView529d.html]
[class.foxconnect.kr/contents/CLASS/THUMB/20241213/20241213104349673_thumb_1920x1080.jpg]
[class.foxconnect.kr/fox/cls/clsView97fb.html]
[class.foxconnect.kr/contents/CLASS/THUMB/20241213/20241213104429900_thumb_1920x1080.jpg]
[class.foxconnect.kr/fox/cls/clsViewebd5.html]
[class.foxconnect.kr/contents/CLASS/THUMB/20241213/20241213104456824_thumb_1920x1080.jpg]
[class.foxconnect.kr/fox/cls/clsViewdaf3.html]
[class.foxconnect.kr/contents/CLASS/THUMB/20241213/20241213104740570_thumb_1920x1080.jpg]
[class.foxconnect.kr/fox/cls/clsView427b.html]
[class.foxconnect.kr/fox/cls/globalSearchaace.html]
[class.foxconnect.kr/contents/CLASS/THUMB/20241213/20241213104811680_thumb_1920x1080.jpg]
[class.foxconnect.kr/fox/cls/clsView6b18.html]
[class.foxconnect.kr/contents/CLASS/THUMB/20241213/20241213104855861_thumb_1920x1080.jpg]
[class.foxconnect.kr/fox/cls/clsView19aa.html]
[class.foxconnect.kr/contents/CLASS/THUMB/20241213/20241213104931522_thumb_1920x1080.jpg]
[class.foxconnect.kr/fox/cls/clsViewafed.html]
[class.foxconnect.kr/contents/CLASS/THUMB/20241213/20241213105003629_thumb_1920x1080.jpg]
[class.foxconnect.kr/fox/cls/clsView4db0.html]
[class.foxconnect.kr/contents/CLASS/THUMB/20241213/20241213105037930_thumb_1920x1080.jpg]
[class.foxconnect.kr/fox/cls/clsView4652.html]
[class.foxconnect.kr/contents/CLASS/THUMB/20241213/20241213105120590_thumb_1920x1080.jpg]
[class.foxconnect.kr/fox/cls/clsViewed78.html]
[class.foxconnect.kr/contents/CLASS/THUMB/20241213/20241213105151475_thumb_1920x1080.jpg]
[class.foxconnect.kr/fox/cls/clsView6dd0.html]
[class.foxconnect.kr/contents/CLASS/THUMB/20241213/20241213105238822_thumb_1920x1080.jpg]
[class.foxconnect.kr/fox/cls/clsVieweceb.html]
[class.foxconnect.kr/contents/CLASS/THUMB/20241213/20241213105310695_thumb_1920x1080.jpg]
[class.foxconnect.kr/fox/cls/clsViewc86b.html]
[class.foxconnect.kr/contents/CLASS/THUMB/20241213/20241213105341030_thumb_1920x1080.jpg]
[class.foxconnect.kr/fox/cls/clsView4bb0.html]
[class.foxconnect.kr/contents/CLASS/THUMB/20241213/20241213105412057_thumb_1920x1080.jpg]
[class.foxconnect.kr/fox/cls/clsView9413.html]
[class.foxconnect.kr/contents/CLASS/THUMB/20241213/20241213105522468_thumb_1920x1080.jpg]
[class.foxconnect.kr/fox/cls/clsView27e5.html]
[class.foxconnect.kr/contents/CLASS/THUMB/20241213/20241213105555025_thumb_1920x1080.jpg]
[class.foxconnect.kr/fox/cls/clsViewac17.html]
[class.foxconnect.kr/contents/CLASS/THUMB/20241213/20241213110521735_thumb_1920x1080.jpg]
[class.foxconnect.kr/fox/cls/clsViewa88e.html]
[class.foxconnect.kr/contents/CLASS/THUMB/20241213/20241213110637261_thumb_1920x1080.jpg]
[class.foxconnect.kr/fox/cls/clsView8720.html]
[class.foxconnect.kr/contents/CLASS/THUMB/20241213/20241213110735654_thumb_1920x1080.jpg]
[class.foxconnect.kr/fox/cls/clsViewa367.html]
[class.foxconnect.kr/contents/CLASS/THUMB/20241213/20241213110909650_thumb_1920x1080.jpg]
[class.foxconnect.kr/fox/cls/clsViewc30a.html]
[class.foxconnect.kr/contents/CLASS/THUMB/20241213/20241213110947650_thumb_1920x1080.jpg]
[class.foxconnect.kr/fox/cls/clsView30d4.html]
[class.foxconnect.kr/contents/CLASS/THUMB/20241213/20241213111026714_thumb_1920x1080.jpg]
[class.foxconnect.kr/fox/cls/clsView58ca.html]
[class.foxconnect.kr/contents/CLASS/THUMB/20241213/20241213111145218_thumb_1920x1080.jpg]
[class.foxconnect.kr/fox/cls/clsViewf768.html]
[class.foxconnect.kr/fox/cls/globalSearch2c4c.html]
[class.foxconnect.kr/contents/CLASS/THUMB/20241213/20241213111326432_thumb_1920x1080.jpg]
[class.foxconnect.kr/fox/cls/clsViewca8f.html]
[class.foxconnect.kr/contents/CLASS/THUMB/20241213/20241213111409537_thumb_1920x1080.jpg]
[class.foxconnect.kr/fox/cls/clsViewa2b2.html]
[class.foxconnect.kr/contents/CLASS/THUMB/20241213/20241213111440788_thumb_1920x1080.jpg]
[class.foxconnect.kr/fox/cls/clsView5aec.html]
[class.foxconnect.kr/contents/CLASS/THUMB/20241213/20241213111548817_thumb_1920x1080.jpg]
[class.foxconnect.kr/fox/cls/clsView822a.html]
[class.foxconnect.kr/contents/CLASS/THUMB/20241213/20241213111621092_thumb_1920x1080.jpg]
[class.foxconnect.kr/fox/cls/clsView2257.html]
[class.foxconnect.kr/contents/CLASS/THUMB/20241213/20241213111747843_thumb_1920x1080.jpg]
[class.foxconnect.kr/fox/cls/clsView89fe.html]
[class.foxconnect.kr/contents/CLASS/THUMB/20241213/20241213111819904_thumb_1920x1080.jpg]
[class.foxconnect.kr/fox/cls/clsView3e84.html]
[class.foxconnect.kr/contents/CLASS/THUMB/20241213/20241213112546909_thumb_1920x1080.jpg]
[class.foxconnect.kr/fox/cls/clsView7bcc.html]
[class.foxconnect.kr/contents/CLASS/THUMB/20241213/20241213112621570_thumb_1920x1080.jpg]
[class.foxconnect.kr/fox/cls/clsViewf384.html]
[class.foxconnect.kr/contents/CLASS/THUMB/20241213/20241213112653778_thumb_1920x1080.jpg]
[class.foxconnect.kr/fox/cls/clsView774f.html]
[class.foxconnect.kr/contents/CLASS/THUMB/20241213/20241213112726844_thumb_1920x1080.jpg]
[class.foxconnect.kr/fox/cls/clsView1252.html]
[class.foxconnect.kr/contents/CLASS/THUMB/20241213/20241213123456769_thumb_1920x1080.jpg]
[class.foxconnect.kr/fox/cls/clsView4c5e.html]
[class.foxconnect.kr/fox/cls/globalSearch7fd2.html]
[class.foxconnect.kr/contents/CLASS/THUMB/20241213/20241213123602709_thumb_1920x1080.jpg]
[class.foxconnect.kr/fox/cls/clsViewc361.html]
[class.foxconnect.kr/fox/cls/clsView9975.html]
[class.foxconnect.kr/fox/cls/clsViewb8a4.html]
[class.foxconnect.kr/fox/cls/clsViewd2ec.html]
[class.foxconnect.kr/fox/cls/globalSearch62c6.html]
[class.foxconnect.kr/fox/cls/clsViewa2e6.html]
[class.foxconnect.kr/thumbnail/d181805b-850d-468d-810d-330e9cdc997b/thumbnail/thumbnail_0.jpg]
[class.foxconnect.kr/fox/cls/clsView4fbf.html]
[class.foxconnect.kr/fox/cls/clsViewf055.html]
[class.foxconnect.kr/fox/cls/clsViewc2da.html]
[class.foxconnect.kr/fox/cls/clsViewfcba.html]
[class.foxconnect.kr/fox/cls/clsView058c.html]
[class.foxconnect.kr/contents/CLASS/THUMB/20250110/20250110125133697_thumb_1920x1080.jpg]
[class.foxconnect.kr/fox/cls/clsView0672.html]
[class.foxconnect.kr/contents/CLASS/THUMB/20250110/20250110125333168_thumb_1920x1080.jpg]
[class.foxconnect.kr/fox/cls/clsView63e2.html]
[class.foxconnect.kr/contents/CLASS/THUMB/20250110/20250110125649435_thumb_1920x1080.jpg]
[class.foxconnect.kr/fox/cls/clsView22b7.html]
[class.foxconnect.kr/contents/CLASS/THUMB/20250110/20250110010125638_thumb_1920x1080.jpg]
[class.foxconnect.kr/fox/cls/clsView6246.html]
[class.foxconnect.kr/contents/CLASS/THUMB/20250110/20250110010539732_thumb_1920x1080.jpg]
[class.foxconnect.kr/fox/cls/clsViewd56d.html]
[class.foxconnect.kr/contents/CLASS/THUMB/20250110/20250110011224627_thumb_1920x1080.jpg]
[class.foxconnect.kr/fox/cls/clsViewb655.html]
[class.foxconnect.kr/contents/CLASS/THUMB/20250110/20250110011624506_thumb_1920x1080.jpg]
[class.foxconnect.kr/fox/cls/clsView0ac7.html]
[class.foxconnect.kr/contents/CLASS/THUMB/20250110/20250110012757808_thumb_1920x1080.jpg]
[class.foxconnect.kr/fox/cls/clsView63cd.html]
[class.foxconnect.kr/contents/CLASS/THUMB/20250110/20250110012941005_thumb_1920x1080.jpg]
[class.foxconnect.kr/fox/cls/clsView87e8.html]
[class.foxconnect.kr/contents/CLASS/THUMB/20250110/20250110013255717_thumb_1920x1080.jpg]
[class.foxconnect.kr/fox/cls/clsViewe445.html]
[class.foxconnect.kr/contents/CLASS/THUMB/20250110/20250110013428095_thumb_1920x1080.jpg]
[class.foxconnect.kr/fox/cls/clsViewfa4b.html]
[class.foxconnect.kr/fox/cls/globalSearchd766.html]
[class.foxconnect.kr/contents/CLASS/THUMB/20250110/20250110013821429_thumb_1920x1080.jpg]
[class.foxconnect.kr/fox/cls/clsView8d98.html]
[class.foxconnect.kr/contents/CLASS/THUMB/20250110/20250110014029879_thumb_1920x1080.jpg]
[class.foxconnect.kr/fox/cls/clsView6c38.html]
[class.foxconnect.kr/contents/CLASS/THUMB/20250110/20250110014422257_thumb_1920x1080.jpg]
[class.foxconnect.kr/fox/cls/clsView7558.html]
[class.foxconnect.kr/contents/CLASS/THUMB/20250110/20250110015708240_thumb_1920x1080.jpg]
[class.foxconnect.kr/fox/cls/clsView4573.html]
[class.foxconnect.kr/contents/CLASS/THUMB/20250110/20250110015828766_thumb_1920x1080.jpg]
[class.foxconnect.kr/fox/cls/clsViewa3cf.html]
[class.foxconnect.kr/contents/CLASS/THUMB/20250110/20250110021140487_thumb_1920x1080.jpg]
[class.foxconnect.kr/fox/cls/clsView88e7.html]
[class.foxconnect.kr/contents/CLASS/THUMB/20250110/20250110022844212_thumb_1920x1080.jpg]
[class.foxconnect.kr/fox/cls/clsViewaec0.html]
[class.foxconnect.kr/contents/CLASS/THUMB/20250113/20250113101001718_thumb_1920x1080.jpg]
[class.foxconnect.kr/fox/cls/clsView9d6b.html]
[class.foxconnect.kr/contents/CLASS/THUMB/20250113/20250113100410358_thumb_1920x1080.jpg]
[class.foxconnect.kr/fox/cls/clsView70d1.html]
[class.foxconnect.kr/contents/CLASS/THUMB/20250113/20250113100909361_thumb_1920x1080.jpg]
[class.foxconnect.kr/fox/cls/clsViewb16d.html]
[class.foxconnect.kr/contents/CLASS/THUMB/20250113/20250113101515720_thumb_1920x1080.jpg]
[class.foxconnect.kr/fox/cls/clsViewc31a.html]
[class.foxconnect.kr/contents/CLASS/THUMB/20250113/20250113011510595_thumb_1920x1080.jpg]
[class.foxconnect.kr/fox/cls/clsViewb070.html]
[class.foxconnect.kr/contents/CLASS/THUMB/20250113/20250113011729082_thumb_1920x1080.jpg]
[class.foxconnect.kr/fox/cls/clsViewae02.html]
[class.foxconnect.kr/contents/CLASS/THUMB/20250113/20250113011833250_thumb_1920x1080.jpg]
[class.foxconnect.kr/fox/cls/clsView7324.html]
[class.foxconnect.kr/contents/CLASS/THUMB/20250113/20250113011925476_thumb_1920x1080.jpg]
[class.foxconnect.kr/fox/cls/clsViewbd31.html]
[class.foxconnect.kr/contents/CLASS/THUMB/20250113/20250113012024419_thumb_1920x1080.jpg]
[class.foxconnect.kr/fox/cls/clsView164a.html]
[class.foxconnect.kr/contents/CLASS/THUMB/20250113/20250113012203730_thumb_1920x1080.jpg]
[class.foxconnect.kr/fox/cls/clsView3627.html]
[class.foxconnect.kr/contents/CLASS/THUMB/20250113/20250113012315187_thumb_1920x1080.jpg]
[class.foxconnect.kr/fox/cls/clsView2d4c.html]
[class.foxconnect.kr/contents/CLASS/THUMB/20250113/20250113012708429_thumb_1920x1080.jpg]
[class.foxconnect.kr/fox/cls/globalSearch2203.html]
[class.foxconnect.kr/fox/cls/clsView2141.html]
[class.foxconnect.kr/contents/CLASS/THUMB/20250113/20250113012935126_thumb_1920x1080.jpg]
[class.foxconnect.kr/fox/cls/clsView6d53.html]
[class.foxconnect.kr/contents/CLASS/THUMB/20250113/20250113013029618_thumb_1920x1080.jpg]
[class.foxconnect.kr/fox/cls/clsView538b.html]
[class.foxconnect.kr/contents/CLASS/THUMB/20250113/20250113013146593_thumb_1920x1080.jpg]
[class.foxconnect.kr/fox/cls/clsView2411.html]
[class.foxconnect.kr/contents/CLASS/THUMB/20250113/20250113013310575_thumb_1920x1080.jpg]
[class.foxconnect.kr/fox/cls/clsViewb242.html]
[class.foxconnect.kr/contents/CLASS/THUMB/20250113/20250113013832057_thumb_1920x1080.jpg]
[class.foxconnect.kr/fox/cls/clsView0d54.html]
[class.foxconnect.kr/contents/CLASS/THUMB/20250113/20250113014059961_thumb_1920x1080.jpg]
[class.foxconnect.kr/fox/cls/clsView0d4d.html]
[class.foxconnect.kr/contents/CLASS/THUMB/20250114/20250114101338385_thumb_1920x1080.jpg]
[class.foxconnect.kr/fox/cls/clsView519f.html]
[class.foxconnect.kr/contents/CLASS/THUMB/20250114/20250114101625244_thumb_1920x1080.jpg]
[class.foxconnect.kr/fox/cls/clsViewc1c2.html]
[class.foxconnect.kr/contents/CLASS/THUMB/20250114/20250114101803604_thumb_1920x1080.jpg]
[class.foxconnect.kr/fox/cls/clsView335c.html]
[class.foxconnect.kr/contents/CLASS/THUMB/20250114/20250114101911935_thumb_1920x1080.jpg]
[class.foxconnect.kr/fox/cls/clsView17a3.html]
[class.foxconnect.kr/contents/CLASS/THUMB/20250114/20250114102446006_thumb_1920x1080.jpg]
[class.foxconnect.kr/fox/cls/clsViewd22a.html]
[class.foxconnect.kr/contents/CLASS/THUMB/20250114/20250114102714155_thumb_1920x1080.jpg]
[class.foxconnect.kr/fox/cls/clsViewc208.html]
[class.foxconnect.kr/contents/CLASS/THUMB/20250114/20250114102824609_thumb_1920x1080.jpg]
[class.foxconnect.kr/fox/cls/clsViewe475.html]
[class.foxconnect.kr/contents/CLASS/THUMB/20250114/20250114103021696_thumb_1920x1080.jpg]
[class.foxconnect.kr/fox/cls/clsViewaad9.html]
[class.foxconnect.kr/contents/CLASS/THUMB/20250114/20250114012411809_thumb_1920x1080.jpg]
[class.foxconnect.kr/fox/cls/clsViewea02.html]
[class.foxconnect.kr/contents/CLASS/THUMB/20250114/20250114012455804_thumb_1920x1080.jpg]
[class.foxconnect.kr/fox/cls/clsView6878.html]
[class.foxconnect.kr/contents/CLASS/THUMB/20250114/20250114012553100_thumb_1920x1080.jpg]
[class.foxconnect.kr/fox/cls/clsView768f.html]
[class.foxconnect.kr/contents/CLASS/THUMB/20250114/20250114012629714_thumb_1920x1080.jpg]
[class.foxconnect.kr/fox/cls/clsView1649.html]
[class.foxconnect.kr/contents/CLASS/THUMB/20250114/20250114012703912_thumb_1920x1080.jpg]
[class.foxconnect.kr/fox/cls/globalSearch6a28.html]
[class.foxconnect.kr/fox/cls/clsView3332.html]
[class.foxconnect.kr/contents/CLASS/THUMB/20250114/20250114012734789_thumb_1920x1080.jpg]
[class.foxconnect.kr/fox/cls/clsView90f0.html]
[class.foxconnect.kr/contents/CLASS/THUMB/20250114/20250114012851804_thumb_1920x1080.jpg]
[class.foxconnect.kr/fox/cls/clsViewf2ad.html]
[class.foxconnect.kr/contents/CLASS/THUMB/20250114/20250114012936313_thumb_1920x1080.jpg]
[class.foxconnect.kr/fox/cls/clsView0bd7.html]
[class.foxconnect.kr/contents/CLASS/THUMB/20250114/20250114013020099_thumb_1920x1080.jpg]
[class.foxconnect.kr/fox/cls/clsView05e2.html]
[class.foxconnect.kr/contents/CLASS/THUMB/20250114/20250114013054843_thumb_1920x1080.jpg]
[class.foxconnect.kr/fox/cls/clsView4eb7.html]
[class.foxconnect.kr/contents/CLASS/THUMB/20250114/20250114013201958_thumb_1920x1080.jpg]
[class.foxconnect.kr/fox/cls/clsViewb4ab.html]
[class.foxconnect.kr/contents/CLASS/THUMB/20250114/20250114013232548_thumb_1920x1080.jpg]
[class.foxconnect.kr/fox/cls/clsView814b.html]
[class.foxconnect.kr/contents/CLASS/THUMB/20250114/20250114013316187_thumb_1920x1080.jpg]
[class.foxconnect.kr/fox/cls/clsView92e9.html]
[class.foxconnect.kr/contents/CLASS/THUMB/20250114/20250114013344932_thumb_1920x1080.jpg]
[class.foxconnect.kr/fox/cls/clsView2db4.html]
[class.foxconnect.kr/contents/CLASS/THUMB/20250114/20250114021525265_thumb_1920x1080.jpg]
[class.foxconnect.kr/fox/cls/clsView62df.html]
[class.foxconnect.kr/contents/CLASS/THUMB/20250114/20250114021600842_thumb_1920x1080.jpg]
[class.foxconnect.kr/fox/cls/clsView876a.html]
[class.foxconnect.kr/contents/CLASS/THUMB/20250114/20250114021631998_thumb_1920x1080.jpg]
[class.foxconnect.kr/fox/cls/clsView4e14.html]
[class.foxconnect.kr/contents/CLASS/THUMB/20250114/20250114021704080_thumb_1920x1080.jpg]
[class.foxconnect.kr/fox/cls/clsViewa018.html]
[class.foxconnect.kr/contents/CLASS/THUMB/20250114/20250114021743785_thumb_1920x1080.jpg]
[class.foxconnect.kr/fox/cls/clsView64f7.html]
[class.foxconnect.kr/contents/CLASS/THUMB/20250114/20250114021821783_thumb_1920x1080.jpg]
[class.foxconnect.kr/fox/cls/clsView0507.html]
[class.foxconnect.kr/contents/CLASS/THUMB/20250114/20250114021858773_thumb_1920x1080.jpg]
[class.foxconnect.kr/fox/cls/clsView781b.html]
[class.foxconnect.kr/contents/CLASS/THUMB/20250114/20250114021930786_thumb_1920x1080.jpg]
[class.foxconnect.kr/fox/cls/clsView670c.html]
[class.foxconnect.kr/contents/CLASS/THUMB/20250114/20250114024318581_thumb_1920x1080.jpg]
[class.foxconnect.kr/fox/cls/clsVieweb7d-2.html]
[class.foxconnect.kr/contents/CLASS/THUMB/20250114/20250114024622352_thumb_1920x1080.jpg]
[class.foxconnect.kr/fox/cls/clsViewccbd.html]
[class.foxconnect.kr/fox/cls/globalSearch77fc.html]
[class.foxconnect.kr/contents/CLASS/THUMB/20250114/20250114030848652_thumb_1920x1080.jpg]
[class.foxconnect.kr/fox/cls/clsView2365.html]
[class.foxconnect.kr/fox/cls/clsViewdbb1.html]
[class.foxconnect.kr/fox/cls/clsViewe428.html]
[class.foxconnect.kr/fox/cls/clsView1a5c.html]
[class.foxconnect.kr/fox/cls/clsViewd687.html]
[class.foxconnect.kr/fox/cls/clsViewb8a7.html]
[class.foxconnect.kr/fox/cls/clsViewffd3.html]
[class.foxconnect.kr/fox/cls/clsViewbbdb.html]
[class.foxconnect.kr/fox/cls/clsViewc536.html]
[class.foxconnect.kr/fox/cls/clsViewa3a1.html]
[class.foxconnect.kr/fox/cls/clsView043c.html]
[class.foxconnect.kr/fox/cls/clsView8812.html]
[class.foxconnect.kr/fox/cls/clsView7824.html]
[class.foxconnect.kr/fox/cls/clsView17fb.html]
[class.foxconnect.kr/fox/cls/clsViewfb46.html]
[class.foxconnect.kr/fox/cls/clsViewc00a.html]
[class.foxconnect.kr/fox/cls/clsView4378.html]
[class.foxconnect.kr/fox/cls/clsView9437.html]
[class.foxconnect.kr/fox/cls/clsViewd73a.html]
[class.foxconnect.kr/fox/cls/clsView9baa.html]
[class.foxconnect.kr/fox/cls/clsView6b56.html]
[class.foxconnect.kr/fox/cls/clsView658f.html]
[class.foxconnect.kr/fox/cls/clsView2681.html]
[class.foxconnect.kr/fox/cls/clsView57c7.html]
[class.foxconnect.kr/fox/cls/clsViewdb01.html]
[class.foxconnect.kr/fox/cls/clsViewc654.html]
[class.foxconnect.kr/fox/cls/clsView4873.html]
[class.foxconnect.kr/fox/cls/clsView9312.html]
[class.foxconnect.kr/fox/cls/clsView1f3e.html]
[class.foxconnect.kr/fox/cls/clsView48ce.html]
[class.foxconnect.kr/fox/cls/clsView43f5.html]
[class.foxconnect.kr/fox/cls/clsViewe0a7.html]
[class.foxconnect.kr/fox/cls/clsViewbc45.html]
[class.foxconnect.kr/fox/cls/clsViewcac2.html]
[class.foxconnect.kr/fox/cls/clsViewd6e5.html]
[class.foxconnect.kr/fox/cls/clsView8a8e.html]
[class.foxconnect.kr/fox/cls/clsView32e5.html]
[class.foxconnect.kr/fox/cls/clsView5efc.html]
[class.foxconnect.kr/fox/cls/clsView7667.html]
[class.foxconnect.kr/fox/cls/clsView271e-2.html]
[class.foxconnect.kr/fox/cls/clsView7db1.html]
[class.foxconnect.kr/fox/cls/clsView75b2.html]
[class.foxconnect.kr/fox/cls/clsViewa304.html]
[class.foxconnect.kr/fox/cls/clsView3a8b.html]
[class.foxconnect.kr/fox/cls/clsView34a7.html]
[class.foxconnect.kr/fox/cls/clsViewc740.html]
[class.foxconnect.kr/fox/cls/clsViewafa4.html]
[class.foxconnect.kr/fox/cls/clsViewa8f6-2.html]
[class.foxconnect.kr/fox/cls/clsView9dff.html]
[class.foxconnect.kr/fox/cls/clsView1915.html]
[class.foxconnect.kr/fox/cls/clsViewe2f1.html]
[class.foxconnect.kr/fox/cls/clsViewcf7b.html]
[class.foxconnect.kr/fox/cls/clsViewe108.html]
[class.foxconnect.kr/fox/cls/clsView77d3.html]
[class.foxconnect.kr/fox/cls/clsView8c94.html]
[class.foxconnect.kr/fox/cls/clsViewb45e.html]
[class.foxconnect.kr/fox/cls/clsView7867.html]
[class.foxconnect.kr/fox/cls/clsView9dfd.html]
[class.foxconnect.kr/fox/cls/clsView9264.html]
[class.foxconnect.kr/fox/cls/clsView2ccf.html]
[class.foxconnect.kr/fox/cls/clsView4f2e.html]
[class.foxconnect.kr/fox/cls/clsViewd06f.html]
[class.foxconnect.kr/fox/cls/clsView7c00.html]
[class.foxconnect.kr/fox/cls/clsViewfa92.html]
[class.foxconnect.kr/fox/cls/clsView9481.html]
[class.foxconnect.kr/fox/cls/clsView6c9a.html]
[class.foxconnect.kr/fox/cls/clsView2f35.html]
[class.foxconnect.kr/fox/cls/clsViewff8d.html]
[class.foxconnect.kr/fox/cls/clsViewfe48.html]
[class.foxconnect.kr/fox/cls/clsView390c.html]
[class.foxconnect.kr/fox/cls/clsView5f73.html]
[class.foxconnect.kr/fox/cls/clsViewfc27.html]
[class.foxconnect.kr/fox/cls/clsViewf572.html]
[class.foxconnect.kr/fox/cls/clsViewad04.html]
[class.foxconnect.kr/fox/cls/clsView6e7d.html]
[class.foxconnect.kr/fox/cls/clsView695f.html]
[class.foxconnect.kr/fox/cls/clsView4cbc.html]
[class.foxconnect.kr/fox/cls/clsViewdbda.html]
[class.foxconnect.kr/fox/cls/clsView796c.html]
[class.foxconnect.kr/fox/cls/clsViewcd26.html]
[class.foxconnect.kr/fox/cls/clsView647b.html]
[class.foxconnect.kr/fox/cls/clsView9104.html]
[class.foxconnect.kr/fox/cls/clsViewffb1.html]
[class.foxconnect.kr/fox/cls/clsView7a86.html]
[class.foxconnect.kr/fox/cls/clsViewa5d8.html]
[class.foxconnect.kr/fox/cls/clsView0d79.html]
[class.foxconnect.kr/fox/cls/clsView92eb.html]
[class.foxconnect.kr/fox/cls/clsView12d1.html]
[class.foxconnect.kr/fox/cls/clsView6bb2.html]
[class.foxconnect.kr/fox/cls/clsView5e6a.html]
[class.foxconnect.kr/fox/cls/clsView0e60.html]
[class.foxconnect.kr/fox/cls/clsView888d.html]
[class.foxconnect.kr/fox/cls/clsView079b.html]
[class.foxconnect.kr/fox/cls/clsView8418.html]
[class.foxconnect.kr/fox/cls/clsVieweacc.html]
[class.foxconnect.kr/fox/cls/clsViewb1e9.html]
[class.foxconnect.kr/fox/cls/clsViewe421.html]
[class.foxconnect.kr/fox/cls/clsView7995.html]
[class.foxconnect.kr/fox/cls/clsView35e7.html]
[class.foxconnect.kr/fox/cls/clsView7e5a.html]
[class.foxconnect.kr/fox/cls/clsView7ef4.html]
[class.foxconnect.kr/fox/cls/clsView17ae.html]
[class.foxconnect.kr/fox/cls/clsViewab0a.html]
[class.foxconnect.kr/fox/cls/clsViewb47a.html]
[class.foxconnect.kr/fox/cls/clsView7e7a.html]
[class.foxconnect.kr/fox/cls/clsView1fe8.html]
[class.foxconnect.kr/fox/cls/clsView5e11.html]
[class.foxconnect.kr/fox/cls/clsView8eb9.html]
[class.foxconnect.kr/fox/cls/clsView54f5.html]
[class.foxconnect.kr/fox/cls/clsView4887.html]
[class.foxconnect.kr/fox/cls/clsView0dc6.html]
[class.foxconnect.kr/fox/cls/clsView0519.html]
[class.foxconnect.kr/fox/cls/clsViewf12a.html]
[class.foxconnect.kr/fox/cls/clsView8250.html]
[class.foxconnect.kr/fox/cls/clsViewfe01.html]
[class.foxconnect.kr/fox/cls/clsViewcaff.html]
[class.foxconnect.kr/fox/cls/clsView5c17.html]
[class.foxconnect.kr/fox/cls/clsViewc53d.html]
[class.foxconnect.kr/fox/cls/clsView4178.html]
[class.foxconnect.kr/fox/cls/clsView1490.html]
[class.foxconnect.kr/fox/cls/clsViewf5d7.html]
[class.foxconnect.kr/fox/cls/clsView3e60.html]
[class.foxconnect.kr/fox/cls/clsView165e.html]
[class.foxconnect.kr/fox/cls/clsView9f7d.html]
[class.foxconnect.kr/fox/cls/clsView4937.html]
[class.foxconnect.kr/fox/cls/clsView764b.html]
[class.foxconnect.kr/fox/cls/clsView93a2.html]
[class.foxconnect.kr/fox/cls/clsView4887-2.html]
[class.foxconnect.kr/fox/cls/clsViewdc0a.html]
[class.foxconnect.kr/fox/cls/clsView87e4-2.html]
[class.foxconnect.kr/fox/cls/clsViewae84.html]
[class.foxconnect.kr/fox/cls/clsView0f0d.html]
[class.foxconnect.kr/fox/cls/clsView6e71.html]
[class.foxconnect.kr/fox/cls/clsView4108.html]
[class.foxconnect.kr/fox/cls/clsViewcfbf.html]
[class.foxconnect.kr/fox/cls/clsViewd8f4.html]
[class.foxconnect.kr/fox/cls/clsView8a21.html]
[class.foxconnect.kr/fox/cls/clsViewaa00.html]
[class.foxconnect.kr/fox/cls/clsViewab84.html]
[class.foxconnect.kr/fox/cls/clsViewef35.html]
[class.foxconnect.kr/fox/cls/clsView7202.html]
[class.foxconnect.kr/fox/cls/clsViewf385.html]
[class.foxconnect.kr/fox/cls/clsViewbf43.html]
[class.foxconnect.kr/fox/cls/clsViewd367.html]
[class.foxconnect.kr/fox/cls/clsViewbd7b.html]
[class.foxconnect.kr/fox/cls/clsView0e64.html]
[class.foxconnect.kr/fox/cls/clsViewefd8.html]
[class.foxconnect.kr/fox/cls/clsView0ec6.html]
[class.foxconnect.kr/fox/cls/clsViewce6d.html]
[class.foxconnect.kr/fox/cls/clsView56ca.html]
[class.foxconnect.kr/fox/cls/clsView0a77.html]
[class.foxconnect.kr/fox/cls/globalSearchc63c.html]
[class.foxconnect.kr/fox/cls/globalSearch701b.html]
[class.foxconnect.kr/fox/cls/globalSearchf7a1.html]
[class.foxconnect.kr/fox/cls/globalSearch39d9.html]
[class.foxconnect.kr/fox/cls/globalSearchadc5.html]
[class.foxconnect.kr/fox/cls/globalSearchd3ee.html]
[class.foxconnect.kr/fox/cls/globalSearch1889.html]
[class.foxconnect.kr/fox/cls/globalSearch6d0f.html]
[class.foxconnect.kr/fox/cls/clsViewa5b1.html]
[class.foxconnect.kr/contents/CLASS/THUMB/20241224/20241224094320098_thumb_1920x1080.jpg]
[class.foxconnect.kr/fox/cls/clsViewbb90.html]
[class.foxconnect.kr/contents/CLASS/THUMB/20241224/20241224094317562_thumb_1920x1080.jpg]
[class.foxconnect.kr/fox/cls/clsViewbc6f.html]
[class.foxconnect.kr/contents/CLASS/THUMB/20241224/20241224094347401_thumb_1920x1080.jpg]
[class.foxconnect.kr/fox/cls/clsView074a.html]
[class.foxconnect.kr/contents/CLASS/THUMB/20241224/20241224094355641_thumb_1920x1080.jpg]
[class.foxconnect.kr/fox/cls/clsViewa45b.html]
[class.foxconnect.kr/contents/CLASS/THUMB/20241224/20241224094415539_thumb_1920x1080.jpg]
[class.foxconnect.kr/fox/cls/clsView7a20.html]
[class.foxconnect.kr/contents/CLASS/THUMB/20241224/20241224094442255_thumb_1920x1080.jpg]
[class.foxconnect.kr/fox/cls/clsViewd28e.html]
[class.foxconnect.kr/contents/CLASS/THUMB/20241224/20241224094438308_thumb_1920x1080.jpg]
[class.foxconnect.kr/fox/cls/clsView2308.html]
[class.foxconnect.kr/contents/CLASS/THUMB/20241224/20241224094509255_thumb_1920x1080.jpg]
[class.foxconnect.kr/fox/cls/clsViewcad2.html]
[class.foxconnect.kr/contents/CLASS/THUMB/20241224/20241224094518380_thumb_1920x1080.jpg]
[class.foxconnect.kr/fox/cls/clsViewd363.html]
[class.foxconnect.kr/contents/CLASS/THUMB/20241224/20241224094534644_thumb_1920x1080.jpg]
[class.foxconnect.kr/fox/cls/clsView2d70.html]
[class.foxconnect.kr/contents/CLASS/THUMB/20241224/20241224094605911_thumb_1920x1080.jpg]
[class.foxconnect.kr/fox/cls/clsView57a6.html]
[class.foxconnect.kr/contents/CLASS/THUMB/20241224/20241224094633851_thumb_1920x1080.jpg]
[class.foxconnect.kr/fox/cls/clsView1e94.html]
[class.foxconnect.kr/contents/CLASS/THUMB/20241224/20241224094701627_thumb_1920x1080.jpg]
[class.foxconnect.kr/fox/cls/clsView7dd8.html]
[class.foxconnect.kr/fox/cls/globalSearchf209.html]
[class.foxconnect.kr/contents/CLASS/THUMB/20241224/20241224094714394_thumb_1920x1080.jpg]
[class.foxconnect.kr/fox/cls/clsView1889.html]
[class.foxconnect.kr/contents/CLASS/THUMB/20241224/20241224094729409_thumb_1920x1080.jpg]
[class.foxconnect.kr/fox/cls/clsView09db.html]
[class.foxconnect.kr/contents/CLASS/THUMB/20241224/20241224094800246_thumb_1920x1080.jpg]
[class.foxconnect.kr/fox/cls/clsView77d0.html]
[class.foxconnect.kr/contents/CLASS/THUMB/20241224/20241224094754699_thumb_1920x1080.jpg]
[class.foxconnect.kr/fox/cls/clsView22e9.html]
[class.foxconnect.kr/contents/CLASS/THUMB/20241224/20241224094837187_thumb_1920x1080.jpg]
[class.foxconnect.kr/fox/cls/clsView3deb.html]
[class.foxconnect.kr/contents/CLASS/THUMB/20241224/20241224094836763_thumb_1920x1080.jpg]
[class.foxconnect.kr/fox/cls/clsView9a72.html]
[class.foxconnect.kr/contents/CLASS/THUMB/20241224/20241224094903562_thumb_1920x1080.jpg]
[class.foxconnect.kr/fox/cls/clsViewa080.html]
[class.foxconnect.kr/contents/CLASS/THUMB/20241224/20241224094933169_thumb_1920x1080.jpg]
[class.foxconnect.kr/fox/cls/clsView4380-2.html]
[class.foxconnect.kr/contents/CLASS/THUMB/20241224/20241224094925437_thumb_1920x1080.jpg]
[class.foxconnect.kr/fox/cls/clsView4528.html]
[class.foxconnect.kr/contents/CLASS/THUMB/20241224/20241224095004340_thumb_1920x1080.jpg]
[class.foxconnect.kr/fox/cls/clsView6f4b.html]
[class.foxconnect.kr/contents/CLASS/THUMB/20241224/20241224095005143_thumb_1920x1080.jpg]
[class.foxconnect.kr/fox/cls/clsViewf8ec.html]
[class.foxconnect.kr/contents/CLASS/THUMB/20241224/20241224095029006_thumb_1920x1080.jpg]
[class.foxconnect.kr/fox/cls/clsViewf759.html]
[class.foxconnect.kr/contents/CLASS/THUMB/20241224/20241224095041759_thumb_1920x1080.jpg]
[class.foxconnect.kr/fox/cls/clsView8a7c.html]
[class.foxconnect.kr/contents/CLASS/THUMB/20241224/20241224095057167_thumb_1920x1080.jpg]
[class.foxconnect.kr/fox/cls/clsView891b.html]
[class.foxconnect.kr/contents/CLASS/THUMB/20241224/20241224095126074_thumb_1920x1080.jpg]
[class.foxconnect.kr/fox/cls/clsView860f.html]
[class.foxconnect.kr/contents/CLASS/THUMB/20241224/20241224095123464_thumb_1920x1080.jpg]
[class.foxconnect.kr/fox/cls/clsView9954.html]
[class.foxconnect.kr/contents/CLASS/THUMB/20241224/20241224095154713_thumb_1920x1080.jpg]
[class.foxconnect.kr/fox/cls/clsView8746.html]
[class.foxconnect.kr/contents/CLASS/THUMB/20241224/20241224095225979_thumb_1920x1080.jpg]
[class.foxconnect.kr/fox/cls/clsViewab94.html]
[class.foxconnect.kr/contents/CLASS/THUMB/20241224/20241224095226182_thumb_1920x1080.jpg]
[class.foxconnect.kr/fox/cls/clsView4f87.html]
[class.foxconnect.kr/contents/CLASS/THUMB/20241224/20241224095254361_thumb_1920x1080.jpg]
[class.foxconnect.kr/fox/cls/clsViewc0e1.html]
[class.foxconnect.kr/contents/CLASS/THUMB/20241224/20241224095322042_thumb_1920x1080.jpg]
[class.foxconnect.kr/fox/cls/globalSearch32f3.html]
[class.foxconnect.kr/fox/cls/globalSearch3720.html]
[class.foxconnect.kr/fox/cls/globalSearch30a5.html]
[class.foxconnect.kr/fox/cls/globalSearch3f8f.html]
[class.foxconnect.kr/fox/cls/globalSearch8794.html]
[class.foxconnect.kr/fox/cls/globalSearch4b7a.html]
[class.foxconnect.kr/fox/cls/globalSearchf274.html]
[class.foxconnect.kr/fox/cls/globalSearcha7d6.html]
[class.foxconnect.kr/fox/cls/globalSearchc719.html]
[class.foxconnect.kr/fox/cls/globalSearch29f7.html]
[class.foxconnect.kr/fox/cls/globalSearchef67.html]
[class.foxconnect.kr/fox/cls/clsView5b0f.html]
[class.foxconnect.kr/fox/cls/clsViewb511.html]
[class.foxconnect.kr/fox/cls/clsViewe6c2.html]
[class.foxconnect.kr/fox/cls/clsViewafec.html]
[class.foxconnect.kr/fox/cls/clsViewff23.html]
[class.foxconnect.kr/fox/cls/clsView5cbe.html]
[class.foxconnect.kr/fox/cls/clsViewa207.html]
[class.foxconnect.kr/fox/cls/clsView5fa2.html]
[class.foxconnect.kr/fox/cls/clsViewb131.html]
[class.foxconnect.kr/fox/cls/clsViewe510.html]
[class.foxconnect.kr/fox/cls/clsView09ec.html]
[class.foxconnect.kr/fox/cls/clsViewc90b.html]
[class.foxconnect.kr/fox/cls/clsView387c.html]
[class.foxconnect.kr/fox/cls/clsView8f68.html]
[class.foxconnect.kr/fox/cls/clsVieweb7d.html]
[class.foxconnect.kr/fox/cls/clsViewc446.html]
[class.foxconnect.kr/fox/cls/clsViewd469.html]
[class.foxconnect.kr/fox/cls/clsView986e.html]
[class.foxconnect.kr/fox/cls/clsViewdcb7.html]
[class.foxconnect.kr/fox/cls/clsViewf7b3.html]
[class.foxconnect.kr/fox/cls/clsView640c.html]
[class.foxconnect.kr/contents/CLASS/THUMB/20241212/20241212021235711_thumb_1920x1080.jpg]
[class.foxconnect.kr/fox/cls/clsView043d.html]
[class.foxconnect.kr/contents/CLASS/THUMB/20241212/20241212021329059_thumb_1920x1080.jpg]
[class.foxconnect.kr/fox/cls/clsView0774.html]
[class.foxconnect.kr/contents/CLASS/THUMB/20241212/20241212021420720_thumb_1920x1080.jpg]
[class.foxconnect.kr/fox/cls/clsView18c0.html]
[class.foxconnect.kr/contents/CLASS/THUMB/20241212/20241212021518666_thumb_1920x1080.jpg]
[class.foxconnect.kr/fox/cls/clsView73cc.html]
[class.foxconnect.kr/contents/CLASS/THUMB/20241212/20241212021606612_thumb_1920x1080.jpg]
[class.foxconnect.kr/fox/cls/clsViewaef2.html]
[class.foxconnect.kr/contents/CLASS/THUMB/20241212/20241212021730862_thumb_1920x1080.jpg]
[class.foxconnect.kr/fox/cls/clsViewd3e5.html]
[class.foxconnect.kr/contents/CLASS/THUMB/20241212/20241212021807876_thumb_1920x1080.jpg]
[class.foxconnect.kr/fox/cls/clsView7cd5.html]
[class.foxconnect.kr/contents/CLASS/THUMB/20241212/20241212021850413_thumb_1920x1080.jpg]
[class.foxconnect.kr/fox/cls/clsViewbfef.html]
[class.foxconnect.kr/contents/CLASS/THUMB/20241212/20241212021923542_thumb_1920x1080.jpg]
[class.foxconnect.kr/fox/cls/clsViewf755.html]
[class.foxconnect.kr/contents/CLASS/THUMB/20241212/20241212022002294_thumb_1920x1080.jpg]
[class.foxconnect.kr/fox/cls/clsView0a77-2.html]
[class.foxconnect.kr/contents/CLASS/THUMB/20241212/20241212022051990_thumb_1920x1080.jpg]
[class.foxconnect.kr/fox/cls/clsView4ea0.html]
[class.foxconnect.kr/contents/CLASS/THUMB/20241212/20241212022130159_thumb_1920x1080.jpg]
[class.foxconnect.kr/fox/cls/clsViewdb15.html]
[class.foxconnect.kr/contents/CLASS/THUMB/20241212/20241212022204447_thumb_1920x1080.jpg]
[class.foxconnect.kr/fox/cls/clsViewce51.html]
[class.foxconnect.kr/contents/CLASS/THUMB/20241212/20241212022236211_thumb_1920x1080.jpg]
[class.foxconnect.kr/fox/cls/clsView0ce4.html]
[class.foxconnect.kr/contents/CLASS/THUMB/20241212/20241212023152322_thumb_1920x1080.jpg]
[class.foxconnect.kr/fox/cls/clsView123a.html]
[class.foxconnect.kr/contents/CLASS/THUMB/20241212/20241212023224559_thumb_1920x1080.jpg]
[class.foxconnect.kr/fox/cls/clsView125b.html]
[class.foxconnect.kr/contents/CLASS/THUMB/20241212/20241212023257678_thumb_1920x1080.jpg]
[class.foxconnect.kr/fox/cls/clsView60ea.html]
[class.foxconnect.kr/contents/CLASS/THUMB/20241212/20241212023331483_thumb_1920x1080.jpg]
[class.foxconnect.kr/fox/cls/clsView9c64.html]
[class.foxconnect.kr/contents/CLASS/THUMB/20241212/20241212023403058_thumb_1920x1080.jpg]
[class.foxconnect.kr/fox/cls/clsView5c0e.html]
[class.foxconnect.kr/contents/CLASS/THUMB/20241212/20241212023436654_thumb_1920x1080.jpg]
[class.foxconnect.kr/fox/cls/globalSearchec84.html]
[class.foxconnect.kr/fox/cls/globalSearch04be.html]
[class.foxconnect.kr/fox/cls/globalSearch8ef9.html]
[class.foxconnect.kr/fox/cls/globalSearch3de6.html]
[class.foxconnect.kr/fox/cls/globalSearchd884.html]
[class.foxconnect.kr/fox/cls/globalSearch2746.html]
[class.foxconnect.kr/fox/cls/globalSearch2742.html]
[class.foxconnect.kr/fox/cls/globalSearchef1a.html]
[class.foxconnect.kr/fox/cls/globalSearch4bda.html]
[class.foxconnect.kr/fox/cls/globalSearch12ec.html]
[class.foxconnect.kr/fox/cls/globalSearch105e.html]
[class.foxconnect.kr/fox/cls/clsView3971.html]
[class.foxconnect.kr/contents/CLASS/THUMB/20241212/20241212023511806_thumb_1920x1080.jpg]
[class.foxconnect.kr/fox/cls/clsView0abe.html]
[class.foxconnect.kr/contents/CLASS/THUMB/20241212/20241212025621607_thumb_1920x1080.jpg]
[class.foxconnect.kr/fox/cls/clsViewf920.html]
[class.foxconnect.kr/contents/CLASS/THUMB/20241212/20241212025656719_thumb_1920x1080.jpg]
[class.foxconnect.kr/fox/cls/clsView2bce.html]
[class.foxconnect.kr/contents/CLASS/THUMB/20241212/20241212025729990_thumb_1920x1080.jpg]
[class.foxconnect.kr/fox/cls/clsViewb89f.html]
[class.foxconnect.kr/contents/CLASS/THUMB/20241212/20241212025807272_thumb_1920x1080.jpg]
[class.foxconnect.kr/fox/cls/clsView0fca.html]
[class.foxconnect.kr/contents/CLASS/THUMB/20241212/20241212025841275_thumb_1920x1080.jpg]
[class.foxconnect.kr/fox/cls/clsView98ec.html]
[class.foxconnect.kr/contents/CLASS/THUMB/20241212/20241212025913021_thumb_1920x1080.jpg]
[class.foxconnect.kr/fox/cls/clsViewa5b4.html]
[class.foxconnect.kr/contents/CLASS/THUMB/20241212/20241212025944604_thumb_1920x1080.jpg]
[class.foxconnect.kr/fox/cls/clsViewe703.html]
[class.foxconnect.kr/contents/CLASS/THUMB/20241212/20241212030035272_thumb_1920x1080.jpg]
[class.foxconnect.kr/fox/cls/clsView2704.html]
[class.foxconnect.kr/contents/CLASS/THUMB/20241212/20241212030110854_thumb_1920x1080.jpg]
[class.foxconnect.kr/fox/cls/clsView862d.html]
[class.foxconnect.kr/contents/CLASS/THUMB/20241212/20241212030142257_thumb_1920x1080.jpg]
[class.foxconnect.kr/fox/cls/clsViewf8e3.html]
[class.foxconnect.kr/contents/CLASS/THUMB/20241212/20241212030211644_thumb_1920x1080.jpg]
[class.foxconnect.kr/fox/cls/clsView7f61.html]
[class.foxconnect.kr/contents/CLASS/THUMB/20241212/20241212030241783_thumb_1920x1080.jpg]
[class.foxconnect.kr/fox/cls/clsViewbbd5.html]
[class.foxconnect.kr/contents/CLASS/THUMB/20241212/20241212030312508_thumb_1920x1080.jpg]
[class.foxconnect.kr/fox/cls/clsViewef3f.html]
[class.foxconnect.kr/contents/CLASS/THUMB/20241212/20241212030345018_thumb_1920x1080.jpg]
[class.foxconnect.kr/fox/cls/clsViewfb57.html]
[class.foxconnect.kr/contents/CLASS/THUMB/20241212/20241212030438195_thumb_1920x1080.jpg]
[class.foxconnect.kr/fox/cls/clsView6867.html]
[class.foxconnect.kr/contents/CLASS/THUMB/20241212/20241212030520317_thumb_1920x1080.jpg]
[class.foxconnect.kr/fox/cls/clsViewadfc.html]
[class.foxconnect.kr/contents/CLASS/THUMB/20241212/20241212030603280_thumb_1920x1080.jpg]
[class.foxconnect.kr/fox/cls/clsView9941.html]
[class.foxconnect.kr/contents/CLASS/THUMB/20241212/20241212030639818_thumb_1920x1080.jpg]
[class.foxconnect.kr/fox/cls/clsViewb6b4.html]
[class.foxconnect.kr/fox/cls/globalSearchab0c.html]
[class.foxconnect.kr/contents/CLASS/THUMB/20241212/20241212030803837_thumb_1920x1080.jpg]
[class.foxconnect.kr/fox/cls/clsView0e3c.html]
[class.foxconnect.kr/contents/CLASS/THUMB/20241212/20241212030837582_thumb_1920x1080.jpg]
[class.foxconnect.kr/fox/cls/clsViewdfb4.html]
[class.foxconnect.kr/contents/CLASS/THUMB/20241212/20241212030907164_thumb_1920x1080.jpg]
[class.foxconnect.kr/fox/cls/clsViewef6f.html]
[class.foxconnect.kr/contents/CLASS/THUMB/20241212/20241212030939567_thumb_1920x1080.jpg]
[class.foxconnect.kr/fox/cls/clsViewfac1.html]
[class.foxconnect.kr/contents/CLASS/THUMB/20241212/20241212031009468_thumb_1920x1080.jpg]
[class.foxconnect.kr/fox/cls/clsView8e64.html]
[class.foxconnect.kr/contents/CLASS/THUMB/20241212/20241212031044672_thumb_1920x1080.jpg]
[class.foxconnect.kr/fox/cls/clsView2212.html]
[class.foxconnect.kr/contents/CLASS/THUMB/20241212/20241212031636189_thumb_1920x1080.jpg]
[class.foxconnect.kr/fox/cls/clsView9669.html]
[class.foxconnect.kr/contents/CLASS/THUMB/20241212/20241212031711727_thumb_1920x1080.jpg]
[class.foxconnect.kr/fox/cls/clsViewa03a.html]
[class.foxconnect.kr/contents/CLASS/THUMB/20241212/20241212031814300_thumb_1920x1080.jpg]
[class.foxconnect.kr/fox/cls/clsView4a90.html]
[class.foxconnect.kr/contents/CLASS/THUMB/20241212/20241212031845158_thumb_1920x1080.jpg]
[class.foxconnect.kr/fox/cls/clsView2fa0.html]
[class.foxconnect.kr/contents/CLASS/THUMB/20241212/20241212031916433_thumb_1920x1080.jpg]
[class.foxconnect.kr/fox/cls/clsView970a.html]
[class.foxconnect.kr/contents/CLASS/THUMB/20241212/20241212031948502_thumb_1920x1080.jpg]
[class.foxconnect.kr/fox/cls/clsView3f31.html]
[class.foxconnect.kr/contents/CLASS/THUMB/20241212/20241212032023505_thumb_1920x1080.jpg]
[class.foxconnect.kr/fox/cls/clsViewe77e.html]
[class.foxconnect.kr/contents/CLASS/THUMB/20241212/20241212032104971_thumb_1920x1080.jpg]
[class.foxconnect.kr/fox/cls/clsViewba5c.html]
[class.foxconnect.kr/contents/CLASS/THUMB/20241212/20241212032349836_thumb_1920x1080.jpg]
[class.foxconnect.kr/fox/cls/clsViewe2b2.html]
[class.foxconnect.kr/contents/CLASS/THUMB/20241212/20241212032441437_thumb_1920x1080.jpg]
[class.foxconnect.kr/fox/cls/clsViewc32c.html]
[class.foxconnect.kr/contents/CLASS/THUMB/20241212/20241212032515766_thumb_1920x1080.jpg]
[class.foxconnect.kr/fox/cls/clsView6a96.html]
[class.foxconnect.kr/contents/CLASS/THUMB/20241212/20241212032544773_thumb_1920x1080.jpg]
[class.foxconnect.kr/fox/cls/clsView64d2.html]
[class.foxconnect.kr/contents/CLASS/THUMB/20241212/20241212032621693_thumb_1920x1080.jpg]
[class.foxconnect.kr/fox/cls/clsView96b0.html]
[class.foxconnect.kr/contents/CLASS/THUMB/20241212/20241212032654476_thumb_1920x1080.jpg]
[class.foxconnect.kr/fox/cls/clsView19f5.html]
[class.foxconnect.kr/fox/cls/globalSearchb5b1.html]
[class.foxconnect.kr/contents/CLASS/THUMB/20241212/20241212032724704_thumb_1920x1080.jpg]
[class.foxconnect.kr/fox/cls/clsViewc909.html]
[class.foxconnect.kr/contents/CLASS/THUMB/20241212/20241212032756450_thumb_1920x1080.jpg]
[class.foxconnect.kr/fox/cls/clsView63a2.html]
[class.foxconnect.kr/contents/CLASS/THUMB/20241212/20241212032827377_thumb_1920x1080.jpg]
[class.foxconnect.kr/fox/cls/clsView4dc9.html]
[class.foxconnect.kr/contents/CLASS/THUMB/20241217/20241217044151394_thumb_1920x1080.jpg]
[class.foxconnect.kr/fox/cls/clsViewaa48.html]
[class.foxconnect.kr/contents/CLASS/THUMB/20241212/20241212033009305_thumb_1920x1080.jpg]
[class.foxconnect.kr/fox/cls/clsView7dfd.html]
[class.foxconnect.kr/contents/CLASS/THUMB/20241212/20241212035515494_thumb_1920x1080.jpg]
[class.foxconnect.kr/fox/cls/clsViewd0dc.html]
[class.foxconnect.kr/contents/CLASS/THUMB/20241212/20241212035548170_thumb_1920x1080.jpg]
[class.foxconnect.kr/fox/cls/clsViewe258.html]
[class.foxconnect.kr/contents/CLASS/THUMB/20241212/20241212035625763_thumb_1920x1080.jpg]
[class.foxconnect.kr/fox/cls/clsViewf162.html]
[class.foxconnect.kr/contents/CLASS/THUMB/20241212/20241212035657242_thumb_1920x1080.jpg]
[class.foxconnect.kr/fox/cls/clsView5772.html]
[class.foxconnect.kr/contents/CLASS/THUMB/20241212/20241212035728046_thumb_1920x1080.jpg]
[class.foxconnect.kr/fox/cls/clsView374a.html]
[class.foxconnect.kr/contents/CLASS/THUMB/20241212/20241212035800217_thumb_1920x1080.jpg]
[class.foxconnect.kr/fox/cls/clsViewb6c7.html]
[class.foxconnect.kr/contents/CLASS/THUMB/20241212/20241212035955960_thumb_1920x1080.jpg]
[class.foxconnect.kr/fox/cls/clsView4b6d.html]
[class.foxconnect.kr/contents/CLASS/THUMB/20241212/20241212040042841_thumb_1920x1080.jpg]
[class.foxconnect.kr/fox/cls/clsViewe757.html]
[class.foxconnect.kr/contents/CLASS/THUMB/20241212/20241212040121372_thumb_1920x1080.jpg]
[class.foxconnect.kr/fox/cls/clsViewe574.html]
[class.foxconnect.kr/contents/CLASS/THUMB/20241212/20241212040151816_thumb_1920x1080.jpg]
[class.foxconnect.kr/fox/cls/clsView7ddc.html]
[class.foxconnect.kr/contents/CLASS/THUMB/20241212/20241212040224118_thumb_1920x1080.jpg]
[class.foxconnect.kr/fox/cls/clsViewbc90.html]
[class.foxconnect.kr/contents/CLASS/THUMB/20241212/20241212040256085_thumb_1920x1080.jpg]
[class.foxconnect.kr/fox/cls/clsView058c-2.html]
[class.foxconnect.kr/contents/CLASS/THUMB/20241212/20241212040327794_thumb_1920x1080.jpg]
[class.foxconnect.kr/fox/cls/clsViewc810.html]
[class.foxconnect.kr/contents/CLASS/THUMB/20241212/20241212040404947_thumb_1920x1080.jpg]
[class.foxconnect.kr/fox/cls/clsViewb41c.html]
[class.foxconnect.kr/contents/CLASS/THUMB/20241212/20241212040439915_thumb_1920x1080.jpg]
[class.foxconnect.kr/fox/cls/clsView832a.html]
[class.foxconnect.kr/fox/cls/globalSearchf153.html]
[class.foxconnect.kr/contents/CLASS/THUMB/20241212/20241212040601390_thumb_1920x1080.jpg]
[class.foxconnect.kr/fox/cls/clsViewa0ff.html]
[class.foxconnect.kr/contents/CLASS/THUMB/20241212/20241212040639499_thumb_1920x1080.jpg]
[class.foxconnect.kr/fox/cls/clsViewdeb3.html]
[class.foxconnect.kr/contents/CLASS/THUMB/20240627/20240627040623878_thumb_1920x1080.jpg]
[class.foxconnect.kr/fox/cls/clsView21ab.html]
[class.foxconnect.kr/contents/CLASS/THUMB/20240627/20240627040925313_thumb_1920x1080.jpg]
[class.foxconnect.kr/fox/cls/clsView4fd3.html]
[class.foxconnect.kr/contents/CLASS/THUMB/20240627/20240627040523598_thumb_1920x1080.jpg]
[class.foxconnect.kr/fox/cls/clsView8028.html]
[class.foxconnect.kr/contents/CLASS/THUMB/20240627/20240627040501738_thumb_1920x1080.jpg]
[class.foxconnect.kr/fox/cls/clsView7fe6.html]
[class.foxconnect.kr/contents/CLASS/THUMB/20240627/20240627040547762_thumb_1920x1080.jpg]
[class.foxconnect.kr/fox/cls/clsView5521.html]
[class.foxconnect.kr/contents/CLASS/THUMB/20240627/20240627040536155_thumb_1920x1080.jpg]
[class.foxconnect.kr/fox/cls/clsView86fc.html]
[class.foxconnect.kr/contents/CLASS/THUMB/20241212/20241212040721015_thumb_1920x1080.jpg]
[class.foxconnect.kr/fox/cls/clsView0a83.html]
[class.foxconnect.kr/contents/CLASS/THUMB/20241212/20241212040750142_thumb_1920x1080.jpg]
[class.foxconnect.kr/fox/cls/clsViewea57.html]
[class.foxconnect.kr/contents/CLASS/THUMB/20241212/20241212040820414_thumb_1920x1080.jpg]
[class.foxconnect.kr/fox/cls/clsViewd688-2.html]
[class.foxconnect.kr/contents/CLASS/THUMB/20241212/20241212040855918_thumb_1920x1080.jpg]
[class.foxconnect.kr/fox/cls/clsViewdec9.html]
[class.foxconnect.kr/contents/CLASS/THUMB/20241212/20241212040930253_thumb_1920x1080.jpg]
[class.foxconnect.kr/fox/cls/clsView041b.html]
[class.foxconnect.kr/contents/CLASS/THUMB/20241212/20241212041051258_thumb_1920x1080.jpg]
[class.foxconnect.kr/fox/cls/clsViewdeea.html]
[class.foxconnect.kr/contents/CLASS/THUMB/20241212/20241212041124699_thumb_1920x1080.jpg]
[class.foxconnect.kr/fox/cls/clsViewb7e4.html]
[class.foxconnect.kr/contents/CLASS/THUMB/20241212/20241212041205784_thumb_1920x1080.jpg]
[class.foxconnect.kr/fox/cls/globalSearch2f74.html]
[class.foxconnect.kr/fox/cls/clsViewabf8.html]
[class.foxconnect.kr/contents/CLASS/THUMB/20241212/20241212041237570_thumb_1920x1080.jpg]
[class.foxconnect.kr/fox/cls/clsViewbe5d.html]
[class.foxconnect.kr/contents/CLASS/THUMB/20241212/20241212041324018_thumb_1920x1080.jpg]
[class.foxconnect.kr/fox/cls/clsViewf36b.html]
[class.foxconnect.kr/contents/CLASS/THUMB/20241212/20241212041359899_thumb_1920x1080.jpg]
[class.foxconnect.kr/fox/cls/clsViewb9c0.html]
[class.foxconnect.kr/contents/CLASS/THUMB/20241212/20241212041432131_thumb_1920x1080.jpg]
[class.foxconnect.kr/fox/cls/clsViewc9fb.html]
[class.foxconnect.kr/fox/cls/globalSearch3719.html]
[class.foxconnect.kr/contents/CLASS/THUMB/20241212/20241212041507449_thumb_1920x1080.jpg]
[class.foxconnect.kr/fox/cls/globalSearch02d7.html]
[class.foxconnect.kr/fox/cls/globalSearch9081.html]
[class.foxconnect.kr/fox/cls/globalSearch0ea2.html]
[class.foxconnect.kr/fox/cls/globalSearchef1c.html]
[class.foxconnect.kr/fox/cls/clsView85ba.html]
[class.foxconnect.kr/fox/cls/clsViewdfb2.html]
[class.foxconnect.kr/fox/cls/clsView67d8.html]
[class.foxconnect.kr/fox/cls/clsViewc857.html]
[class.foxconnect.kr/fox/cls/clsViewd4f5.html]
[class.foxconnect.kr/fox/cls/clsView1cf3.html]
[class.foxconnect.kr/fox/cls/clsViewefa4.html]
[class.foxconnect.kr/fox/cls/clsViewd736.html]
[class.foxconnect.kr/fox/cls/clsView9a01.html]
[class.foxconnect.kr/fox/cls/clsViewcc8d.html]
[class.foxconnect.kr/fox/cls/clsView5460.html]
[class.foxconnect.kr/fox/cls/clsView418e.html]
[class.foxconnect.kr/fox/cls/clsView2048.html]
[class.foxconnect.kr/fox/cls/clsViewb52c.html]
[class.foxconnect.kr/fox/cls/clsView9cbf.html]
[class.foxconnect.kr/fox/cls/clsView3255.html]
[class.foxconnect.kr/fox/cls/clsViewab6b.html]
[class.foxconnect.kr/fox/cls/clsView6348.html]
[class.foxconnect.kr/fox/cls/clsView128b.html]
[class.foxconnect.kr/fox/cls/clsView6c8b.html]
[class.foxconnect.kr/fox/cls/clsView9464.html]
[class.foxconnect.kr/fox/cls/clsView1b76.html]
[class.foxconnect.kr/fox/cls/clsView446c.html]
[class.foxconnect.kr/fox/cls/clsViewe0e7.html]
[class.foxconnect.kr/fox/cls/clsView29c9.html]
[class.foxconnect.kr/fox/cls/clsView7c3c.html]
[class.foxconnect.kr/fox/cls/clsView5b16.html]
[class.foxconnect.kr/fox/cls/clsViewf352.html]
[class.foxconnect.kr/fox/cls/clsView61e6.html]
[class.foxconnect.kr/fox/cls/clsView04b3.html]
[class.foxconnect.kr/fox/cls/clsView6951.html]
[class.foxconnect.kr/fox/cls/clsView32fe-2.html]
[class.foxconnect.kr/fox/cls/clsView20c7.html]
[class.foxconnect.kr/fox/cls/clsView1510.html]
[class.foxconnect.kr/fox/cls/clsViewf4be.html]
[class.foxconnect.kr/fox/cls/clsViewa73a.html]
[class.foxconnect.kr/fox/cls/clsView70c1.html]
[class.foxconnect.kr/fox/cls/clsView3463.html]
[class.foxconnect.kr/fox/cls/clsViewac2f.html]
[class.foxconnect.kr/fox/cls/clsView0369.html]
[class.foxconnect.kr/fox/cls/clsViewfe2a.html]
[class.foxconnect.kr/fox/cls/clsView3f22.html]
[class.foxconnect.kr/fox/cls/clsView1909.html]
[class.foxconnect.kr/fox/cls/clsViewd87e.html]
[class.foxconnect.kr/fox/cls/clsViewd33f.html]
[class.foxconnect.kr/fox/cls/clsViewdb9c.html]
[class.foxconnect.kr/fox/cls/clsViewdde6.html]
[class.foxconnect.kr/fox/cls/clsView143b.html]
[class.foxconnect.kr/fox/cls/clsView8cc2.html]
[class.foxconnect.kr/fox/cls/clsViewc836.html]
[class.foxconnect.kr/fox/cls/clsViewa0cc.html]
[class.foxconnect.kr/fox/cls/clsView1155.html]
[class.foxconnect.kr/fox/cls/clsView3296.html]
[class.foxconnect.kr/fox/cls/clsView03be.html]
[class.foxconnect.kr/fox/cls/clsView92c8.html]
[class.foxconnect.kr/fox/cls/clsView230e.html]
[class.foxconnect.kr/fox/cls/clsView3bf9.html]
[class.foxconnect.kr/fox/cls/clsViewd017.html]
[class.foxconnect.kr/fox/cls/clsViewb08d.html]
[class.foxconnect.kr/fox/cls/clsView67a2.html]
[class.foxconnect.kr/fox/cls/clsViewa7ef.html]
[class.foxconnect.kr/fox/cls/clsView9fe0.html]
[class.foxconnect.kr/fox/cls/clsView1e44.html]
[class.foxconnect.kr/fox/cls/clsView7012.html]
[class.foxconnect.kr/fox/cls/clsView22e8.html]
[class.foxconnect.kr/fox/cls/clsViewe220.html]
[class.foxconnect.kr/fox/cls/clsView2290.html]
[class.foxconnect.kr/fox/cls/clsViewb750.html]
[class.foxconnect.kr/fox/cls/clsView5694.html]
[class.foxconnect.kr/fox/cls/clsView05ae.html]
[class.foxconnect.kr/fox/cls/clsView0eaf.html]
[class.foxconnect.kr/fox/cls/clsViewc517.html]
[class.foxconnect.kr/fox/cls/clsViewb078.html]
[class.foxconnect.kr/fox/cls/clsView85d2.html]
[class.foxconnect.kr/fox/cls/clsViewa992.html]
[class.foxconnect.kr/fox/cls/clsViewed72.html]
[class.foxconnect.kr/fox/cls/clsView830d.html]
[class.foxconnect.kr/fox/cls/clsViewe082.html]
[class.foxconnect.kr/fox/cls/clsView9465.html]
[class.foxconnect.kr/fox/cls/clsView43ab.html]
[class.foxconnect.kr/fox/cls/clsView0e6b.html]
[class.foxconnect.kr/fox/cls/clsView6959.html]
[class.foxconnect.kr/fox/cls/clsView548f.html]
[class.foxconnect.kr/fox/cls/clsViewa243.html]
[class.foxconnect.kr/fox/cls/clsView2bef.html]
[class.foxconnect.kr/fox/cls/clsView0f83.html]
[class.foxconnect.kr/fox/cls/clsViewd3bd.html]
[class.foxconnect.kr/fox/cls/clsView22a1.html]
[class.foxconnect.kr/fox/cls/clsView53f7.html]
[class.foxconnect.kr/fox/cls/clsView1210.html]
[class.foxconnect.kr/fox/cls/clsViewb395.html]
[class.foxconnect.kr/fox/cls/clsViewb86a.html]
[class.foxconnect.kr/fox/cls/clsView1be4.html]
[class.foxconnect.kr/fox/cls/clsViewaa4e.html]
[class.foxconnect.kr/fox/cls/clsView3462.html]
[class.foxconnect.kr/fox/cls/clsViewfbcd.html]
[class.foxconnect.kr/fox/cls/clsViewd040.html]
[class.foxconnect.kr/fox/cls/clsView2224.html]
[class.foxconnect.kr/fox/cls/clsViewfca1.html]
[class.foxconnect.kr/fox/cls/clsView0461.html]
[class.foxconnect.kr/fox/cls/clsViewf8bd.html]
[class.foxconnect.kr/fox/cls/clsView4bd4.html]
[class.foxconnect.kr/fox/cls/clsViewe322.html]
[class.foxconnect.kr/fox/cls/clsView24d9.html]
[class.foxconnect.kr/fox/cls/clsViewdbbc.html]
[class.foxconnect.kr/fox/cls/clsViewfc33.html]
[class.foxconnect.kr/fox/cls/clsViewe3dc.html]
[class.foxconnect.kr/fox/cls/clsView8681.html]
[class.foxconnect.kr/fox/cls/clsView061e.html]
[class.foxconnect.kr/fox/cls/clsView535a.html]
[class.foxconnect.kr/fox/cls/clsView07e3.html]
[class.foxconnect.kr/fox/cls/clsViewc4c4.html]
[class.foxconnect.kr/contents/CLASS/THUMB/20220825/20220825041648738_thumb_1920x1080.jpg]
[class.foxconnect.kr/fox/cls/clsViewb9ac.html]
[class.foxconnect.kr/contents/CLASS/THUMB/20220920/20220920053922188_thumb_1920x1080.jpg]
[class.foxconnect.kr/fox/cls/clsViewd4e3.html]
[class.foxconnect.kr/contents/CLASS/THUMB/20220825/20220825034713017_thumb_1920x1080.jpg]
[class.foxconnect.kr/fox/cls/clsViewaa5b.html]
[class.foxconnect.kr/contents/CLASS/THUMB/20220920/20220920045404636_thumb_1920x1080.jpg]
[class.foxconnect.kr/fox/cls/clsViewe14f.html]
[class.foxconnect.kr/contents/CLASS/THUMB/20220825/20220825031743433_thumb_1920x1080.jpg]
[class.foxconnect.kr/fox/cls/clsView6e95.html]
[class.foxconnect.kr/contents/CLASS/THUMB/20220920/20220920045238462_thumb_1920x1080.jpg]
[class.foxconnect.kr/fox/cls/clsViewfcf2.html]
[class.foxconnect.kr/contents/CLASS/THUMB/20220825/20220825021000640_thumb_1920x1080.jpg]
[class.foxconnect.kr/fox/cls/clsViewc85c.html]
[class.foxconnect.kr/contents/CLASS/THUMB/20220920/20220920045121394_thumb_1920x1080.jpg]
[class.foxconnect.kr/fox/cls/clsViewa792.html]
[class.foxconnect.kr/contents/CLASS/THUMB/20231201/20231201113927092_thumb_1920x1080.jpg]
[class.foxconnect.kr/fox/cls/clsViewbe40.html]
[class.foxconnect.kr/contents/CLASS/THUMB/20220825/20220825013841106_thumb_1920x1080.jpg]
[class.foxconnect.kr/fox/cls/clsView5e18-2.html]
[class.foxconnect.kr/contents/CLASS/THUMB/20220920/20220920044855406_thumb_1920x1080.jpg]
[class.foxconnect.kr/fox/cls/clsView343b.html]
[class.foxconnect.kr/contents/CLASS/THUMB/20220920/20220920044739998_thumb_1920x1080.jpg]
[class.foxconnect.kr/fox/cls/clsView143f.html]
[class.foxconnect.kr/contents/CLASS/THUMB/20220825/20220825012736312_thumb_1920x1080.jpg]
[class.foxconnect.kr/fox/cls/clsViewe610.html]
[class.foxconnect.kr/contents/CLASS/THUMB/20220825/20220825011434677_thumb_1920x1080.jpg]
[class.foxconnect.kr/fox/cls/clsViewe365.html]
[class.foxconnect.kr/contents/CLASS/THUMB/20220920/20220920044623759_thumb_1920x1080.jpg]
[class.foxconnect.kr/fox/cls/clsViewbf6e.html]
[class.foxconnect.kr/contents/CLASS/THUMB/20220825/20220825112416967_thumb_1920x1080.jpg]
[class.foxconnect.kr/fox/cls/clsView4cb2.html]
[class.foxconnect.kr/contents/CLASS/THUMB/20220920/20220920044438797_thumb_1920x1080.jpg]
[class.foxconnect.kr/fox/cls/clsVieweac5.html]
[class.foxconnect.kr/contents/CLASS/THUMB/20230105/20230105110524485_thumb_1920x1080.jpg]
[class.foxconnect.kr/fox/cls/clsView3e44.html]
[class.foxconnect.kr/contents/CLASS/THUMB/20220825/20220825111722465_thumb_1920x1080.jpg]
[class.foxconnect.kr/fox/cls/clsViewbb9d.html]
[class.foxconnect.kr/fox/cls/globalSearchb859.html]
[class.foxconnect.kr/contents/CLASS/THUMB/20220826/20220826022738240_thumb_1920x1080.jpg]
[class.foxconnect.kr/fox/cls/clsView6ccf.html]
[class.foxconnect.kr/contents/CLASS/THUMB/20220920/20220920044329970_thumb_1920x1080.jpg]
[class.foxconnect.kr/fox/cls/clsViewa013.html]
[class.foxconnect.kr/contents/CLASS/THUMB/20220825/20220825093641237_thumb_1920x1080.jpg]
[class.foxconnect.kr/fox/cls/clsView0ece.html]
[class.foxconnect.kr/contents/CLASS/THUMB/20220826/20220826020932345_thumb_1920x1080.jpg]
[class.foxconnect.kr/fox/cls/clsView3c9d.html]
[class.foxconnect.kr/contents/CLASS/THUMB/20220920/20220920044138749_thumb_1920x1080.jpg]
[class.foxconnect.kr/fox/cls/clsView75de.html]
[class.foxconnect.kr/contents/CLASS/THUMB/20230710/20230710053227888_thumb_1920x1080.jpg]
[class.foxconnect.kr/fox/cls/clsViewf168.html]
[class.foxconnect.kr/contents/CLASS/THUMB/20220826/20220826020653344_thumb_1920x1080.jpg]
[class.foxconnect.kr/fox/cls/clsViewccef.html]
[class.foxconnect.kr/contents/CLASS/THUMB/20220920/20220920043809988_thumb_1920x1080.jpg]
[class.foxconnect.kr/fox/cls/clsViewb5ba.html]
[class.foxconnect.kr/contents/CLASS/THUMB/20220825/20220825021502537_thumb_1920x1080.jpg]
[class.foxconnect.kr/fox/cls/clsView219e.html]
[class.foxconnect.kr/contents/CLASS/THUMB/20220826/20220826015632846_thumb_1920x1080.jpg]
[class.foxconnect.kr/fox/cls/clsView7562.html]
[class.foxconnect.kr/contents/CLASS/THUMB/20220824/20220824013410617_thumb_1920x1080.jpg]
[class.foxconnect.kr/fox/cls/clsViewd634.html]
[class.foxconnect.kr/contents/CLASS/THUMB/20220826/20220826015059121_thumb_1920x1080.jpg]
[class.foxconnect.kr/fox/cls/clsViewfd42.html]
[class.foxconnect.kr/contents/CLASS/THUMB/20220907/20220907103808850_thumb_1920x1080.jpg]
[class.foxconnect.kr/fox/cls/clsViewf878.html]
[class.foxconnect.kr/contents/CLASS/THUMB/20240802/20240802021638559_thumb_1920x1080.jpg]
[class.foxconnect.kr/fox/cls/clsView94b4.html]
[class.foxconnect.kr/contents/CLASS/THUMB/20241216/20241216104649155_thumb_1920x1080.jpg]
[class.foxconnect.kr/fox/cls/clsViewc202.html]
[class.foxconnect.kr/contents/CLASS/THUMB/20241216/20241216123522183_thumb_1920x1080.jpg]
[class.foxconnect.kr/fox/cls/globalSearched0c.html]
[class.foxconnect.kr/fox/cls/clsViewe800.html]
[class.foxconnect.kr/contents/CLASS/THUMB/20241216/20241216124733515_thumb_1920x1080.jpg]
[class.foxconnect.kr/fox/cls/clsViewe9f3.html]
[class.foxconnect.kr/contents/CLASS/THUMB/20241216/20241216031654992_thumb_1920x1080.jpg]
[class.foxconnect.kr/fox/cls/clsView66ea.html]
[class.foxconnect.kr/contents/CLASS/THUMB/20241216/20241216032051341_thumb_1920x1080.jpg]
[class.foxconnect.kr/fox/cls/clsView2ba9.html]
[class.foxconnect.kr/contents/CLASS/THUMB/20241216/20241216033235306_thumb_1920x1080.jpg]
[class.foxconnect.kr/fox/cls/clsView1419.html]
[class.foxconnect.kr/contents/CLASS/THUMB/20241216/20241216041239997_thumb_1920x1080.jpg]
[class.foxconnect.kr/fox/cls/clsView3b92.html]
[class.foxconnect.kr/contents/CLASS/THUMB/20241216/20241216041746177_thumb_1920x1080.jpg]
[class.foxconnect.kr/fox/cls/clsView24ce.html]
[class.foxconnect.kr/contents/CLASS/THUMB/20241216/20241216042153870_thumb_1920x1080.jpg]
[class.foxconnect.kr/fox/cls/clsViewe8f9.html]
[class.foxconnect.kr/contents/CLASS/THUMB/20241216/20241216042224900_thumb_1920x1080.jpg]
[class.foxconnect.kr/fox/cls/clsViewff34.html]
[class.foxconnect.kr/contents/CLASS/THUMB/20241216/20241216043044135_thumb_1920x1080.jpg]
[class.foxconnect.kr/fox/cls/clsView4cfa.html]
[class.foxconnect.kr/contents/CLASS/THUMB/20241216/20241216050257587_thumb_1920x1080.jpg]
[class.foxconnect.kr/fox/cls/clsView685c.html]
[class.foxconnect.kr/contents/CLASS/THUMB/20241216/20241216052727261_thumb_1920x1080.jpg]
[class.foxconnect.kr/fox/cls/clsView3e65.html]
[class.foxconnect.kr/contents/CLASS/THUMB/20241216/20241216054020147_thumb_1920x1080.jpg]
[class.foxconnect.kr/fox/cls/clsView21ab-2.html]
[class.foxconnect.kr/contents/CLASS/THUMB/20241216/20241216055354079_thumb_1920x1080.jpg]
[class.foxconnect.kr/fox/cls/clsViewe7c9.html]
[class.foxconnect.kr/fox/cls/clsView2646.html]
[class.foxconnect.kr/fox/cls/clsView924e.html]
[class.foxconnect.kr/contents/CLASS/THUMB/20220920/20220920043710705_thumb_1920x1080.jpg]
[class.foxconnect.kr/fox/cls/clsView0c27.html]
[class.foxconnect.kr/contents/CLASS/THUMB/20220920/20220920043457114_thumb_1920x1080.jpg]
[class.foxconnect.kr/fox/cls/clsViewbd42.html]
[class.foxconnect.kr/contents/CLASS/THUMB/20220920/20220920043328719_thumb_1920x1080.jpg]
[class.foxconnect.kr/fox/cls/clsViewf37d.html]
[class.foxconnect.kr/contents/CLASS/THUMB/20220920/20220920043145982_thumb_1920x1080.jpg]
[class.foxconnect.kr/fox/cls/clsView8266.html]
[class.foxconnect.kr/contents/CLASS/THUMB/20220920/20220920043031719_thumb_1920x1080.jpg]
[class.foxconnect.kr/fox/cls/globalSearch1c5b.html]
[class.foxconnect.kr/fox/cls/clsViewbc4e-2.html]
[class.foxconnect.kr/contents/CLASS/THUMB/20220920/20220920042839358_thumb_1920x1080.jpg]
[class.foxconnect.kr/fox/cls/clsView4395.html]
[class.foxconnect.kr/contents/CLASS/THUMB/20220920/20220920042644628_thumb_1920x1080.jpg]
[class.foxconnect.kr/fox/cls/clsViewedf7.html]
[class.foxconnect.kr/contents/CLASS/THUMB/20220920/20220920042514355_thumb_1920x1080.jpg]
[class.foxconnect.kr/fox/cls/clsView7681.html]
[class.foxconnect.kr/contents/CLASS/THUMB/20220920/20220920042329274_thumb_1920x1080.jpg]
[class.foxconnect.kr/fox/cls/clsView2f45.html]
[class.foxconnect.kr/contents/CLASS/THUMB/20220920/20220920040833709_thumb_1920x1080.jpg]
[class.foxconnect.kr/fox/cls/clsView71f7.html]
[class.foxconnect.kr/contents/CLASS/THUMB/20220907/20220907035326744_thumb_1920x1080.jpg]
[class.foxconnect.kr/fox/cls/clsView4ba4.html]
[class.foxconnect.kr/contents/CLASS/THUMB/20220907/20220907035104874_thumb_1920x1080.jpg]
[class.foxconnect.kr/fox/cls/clsView8d6b.html]
[class.foxconnect.kr/contents/CLASS/THUMB/20220907/20220907034911818_thumb_1920x1080.jpg]
[class.foxconnect.kr/fox/cls/clsViewd6b5.html]
[class.foxconnect.kr/contents/CLASS/THUMB/20220907/20220907034721301_thumb_1920x1080.jpg]
[class.foxconnect.kr/fox/cls/clsView5bfe.html]
[class.foxconnect.kr/contents/CLASS/THUMB/20220907/20220907034527546_thumb_1920x1080.jpg]
[class.foxconnect.kr/fox/cls/clsView7f74.html]
[class.foxconnect.kr/contents/CLASS/THUMB/20220907/20220907033910650_thumb_1920x1080.jpg]
[class.foxconnect.kr/fox/cls/clsView90a6.html]
[class.foxconnect.kr/contents/CLASS/THUMB/20220907/20220907033619299_thumb_1920x1080.jpg]
[class.foxconnect.kr/fox/cls/clsView0931.html]
[class.foxconnect.kr/contents/CLASS/THUMB/20220907/20220907025607407_thumb_1920x1080.jpg]
[class.foxconnect.kr/fox/cls/clsView8c14.html]
[class.foxconnect.kr/contents/CLASS/THUMB/20220907/20220907025447411_thumb_1920x1080.jpg]
[class.foxconnect.kr/fox/cls/clsView33c3.html]
[class.foxconnect.kr/contents/CLASS/THUMB/20220907/20220907025310585_thumb_1920x1080.jpg]
[class.foxconnect.kr/fox/cls/clsView4848.html]
[class.foxconnect.kr/contents/CLASS/THUMB/20220907/20220907024307708_thumb_1920x1080.jpg]
[class.foxconnect.kr/fox/cls/clsView71bd.html]
[class.foxconnect.kr/contents/CLASS/THUMB/20220907/20220907024034055_thumb_1920x1080.jpg]
[class.foxconnect.kr/fox/cls/clsView2b3f.html]
[class.foxconnect.kr/contents/CLASS/THUMB/20220907/20220907022701468_thumb_1920x1080.jpg]
[class.foxconnect.kr/fox/cls/clsViewe0bb.html]
[class.foxconnect.kr/contents/CLASS/THUMB/20220907/20220907022531881_thumb_1920x1080.jpg]
[class.foxconnect.kr/fox/cls/clsView6719.html]
[class.foxconnect.kr/fox/cls/globalSearch557b.html]
[class.foxconnect.kr/contents/CLASS/THUMB/20220907/20220907022410137_thumb_1920x1080.jpg]
[class.foxconnect.kr/fox/cls/clsViewebca.html]
[class.foxconnect.kr/contents/CLASS/THUMB/20220907/20220907022213651_thumb_1920x1080.jpg]
[class.foxconnect.kr/fox/cls/clsView0405.html]
[class.foxconnect.kr/contents/CLASS/THUMB/20220907/20220907021931245_thumb_1920x1080.jpg]
[class.foxconnect.kr/fox/cls/clsViewdfe5.html]
[class.foxconnect.kr/contents/CLASS/THUMB/20220907/20220907015955425_thumb_1920x1080.jpg]
[class.foxconnect.kr/fox/cls/clsView9faf.html]
[class.foxconnect.kr/contents/CLASS/THUMB/20220907/20220907015630843_thumb_1920x1080.jpg]
[class.foxconnect.kr/fox/cls/clsViewdc0a-2.html]
[class.foxconnect.kr/contents/CLASS/THUMB/20220907/20220907015246992_thumb_1920x1080.jpg]
[class.foxconnect.kr/fox/cls/clsView2dca.html]
[class.foxconnect.kr/contents/CLASS/THUMB/20220907/20220907014748877_thumb_1920x1080.jpg]
[class.foxconnect.kr/fox/cls/clsView78d5.html]
[class.foxconnect.kr/contents/CLASS/THUMB/20220907/20220907014306740_thumb_1920x1080.jpg]
[class.foxconnect.kr/fox/cls/clsView03f0.html]
[class.foxconnect.kr/contents/CLASS/THUMB/20220907/20220907014155373_thumb_1920x1080.jpg]
[class.foxconnect.kr/fox/cls/clsViewe794-2.html]
[class.foxconnect.kr/contents/CLASS/THUMB/20220907/20220907013900390_thumb_1920x1080.jpg]
[class.foxconnect.kr/fox/cls/clsView7bb2.html]
[class.foxconnect.kr/contents/CLASS/THUMB/20220907/20220907013634856_thumb_1920x1080.jpg]
[class.foxconnect.kr/fox/cls/clsView4660.html]
[class.foxconnect.kr/contents/CLASS/THUMB/20220907/20220907013321406_thumb_1920x1080.jpg]
[class.foxconnect.kr/fox/cls/clsView9711.html]
[class.foxconnect.kr/contents/CLASS/THUMB/20220907/20220907013052508_thumb_1920x1080.jpg]
[class.foxconnect.kr/fox/cls/clsViewa92d.html]
[class.foxconnect.kr/contents/CLASS/THUMB/20220907/20220907012754373_thumb_1920x1080.jpg]
[class.foxconnect.kr/fox/cls/clsView15c6.html]
[class.foxconnect.kr/contents/CLASS/THUMB/20220907/20220907012323433_thumb_1920x1080.jpg]
[class.foxconnect.kr/fox/cls/clsViewc604.html]
[class.foxconnect.kr/contents/CLASS/THUMB/20220907/20220907011927119_thumb_1920x1080.jpg]
[class.foxconnect.kr/fox/cls/clsView3a37.html]
[class.foxconnect.kr/contents/CLASS/THUMB/20220907/20220907011326121_thumb_1920x1080.jpg]
[class.foxconnect.kr/fox/cls/clsViewbe63.html]
[class.foxconnect.kr/contents/CLASS/THUMB/20220907/20220907011121675_thumb_1920x1080.jpg]
[class.foxconnect.kr/fox/cls/clsView0580.html]
[class.foxconnect.kr/contents/CLASS/THUMB/20220907/20220907010839152_thumb_1920x1080.jpg]
[class.foxconnect.kr/fox/cls/clsViewdd68.html]
[class.foxconnect.kr/fox/cls/globalSearchca6d.html]
[class.foxconnect.kr/contents/CLASS/THUMB/20220907/20220907010735287_thumb_1920x1080.jpg]
[class.foxconnect.kr/fox/cls/clsView26e5.html]
[class.foxconnect.kr/contents/CLASS/THUMB/20220907/20220907010609312_thumb_1920x1080.jpg]
[class.foxconnect.kr/fox/cls/clsView3dab.html]
[class.foxconnect.kr/contents/CLASS/THUMB/20220907/20220907125619923_thumb_1920x1080.jpg]
[class.foxconnect.kr/fox/cls/clsView675e.html]
[class.foxconnect.kr/contents/CLASS/THUMB/20220907/20220907125030071_thumb_1920x1080.jpg]
[class.foxconnect.kr/fox/cls/clsView97f9.html]
[class.foxconnect.kr/contents/CLASS/THUMB/20220907/20220907112230149_thumb_1920x1080.jpg]
[class.foxconnect.kr/fox/cls/clsViewdc9b.html]
[class.foxconnect.kr/contents/CLASS/THUMB/20220907/20220907112113993_thumb_1920x1080.jpg]
[class.foxconnect.kr/fox/cls/clsView9888.html]
[class.foxconnect.kr/contents/CLASS/THUMB/20230314/20230314095129382_thumb_1920x1080.jpg]
[class.foxconnect.kr/fox/cls/clsViewa750.html]
[class.foxconnect.kr/contents/CLASS/THUMB/20220907/20220907110749336_thumb_1920x1080.jpg]
[class.foxconnect.kr/fox/cls/clsViewe2d6.html]
[class.foxconnect.kr/contents/CLASS/THUMB/20220907/20220907110645262_thumb_1920x1080.jpg]
[class.foxconnect.kr/fox/cls/clsView9698.html]
[class.foxconnect.kr/contents/CLASS/THUMB/20230314/20230314085551526_thumb_1920x1080.jpg]
[class.foxconnect.kr/fox/cls/clsView1dde.html]
[class.foxconnect.kr/contents/CLASS/THUMB/20220907/20220907110321523_thumb_1920x1080.jpg]
[class.foxconnect.kr/fox/cls/clsViewca6a.html]
[class.foxconnect.kr/contents/CLASS/THUMB/20220907/20220907110027709_thumb_1920x1080.jpg]
[class.foxconnect.kr/fox/cls/clsView662f.html]
[class.foxconnect.kr/fox/cls/globalSearch3acc.html]
[class.foxconnect.kr/contents/CLASS/THUMB/20220907/20220907105816924_thumb_1920x1080.jpg]
[class.foxconnect.kr/fox/cls/clsView21f0.html]
[class.foxconnect.kr/contents/CLASS/THUMB/20230313/20230313113429350_thumb_1920x1080.jpg]
[class.foxconnect.kr/fox/cls/clsViewf834.html]
[class.foxconnect.kr/contents/CLASS/THUMB/20220907/20220907105219906_thumb_1920x1080.jpg]
[class.foxconnect.kr/fox/cls/clsViewaf81.html]
[class.foxconnect.kr/contents/CLASS/THUMB/20230313/20230313100157898_thumb_1920x1080.jpg]
[class.foxconnect.kr/fox/cls/clsView6ddd.html]
[class.foxconnect.kr/contents/CLASS/THUMB/20230310/20230310044626200_thumb_1920x1080.jpg]
[class.foxconnect.kr/fox/cls/clsView88b3.html]
[class.foxconnect.kr/contents/CLASS/THUMB/20220907/20220907102441977_thumb_1920x1080.jpg]
[class.foxconnect.kr/fox/cls/clsView390d.html]
[class.foxconnect.kr/contents/CLASS/THUMB/20230310/20230310042921058_thumb_1920x1080.jpg]
[class.foxconnect.kr/fox/cls/clsView871a.html]
[class.foxconnect.kr/contents/CLASS/THUMB/20220907/20220907095634841_thumb_1920x1080.jpg]
[class.foxconnect.kr/fox/cls/clsView39fb.html]
[class.foxconnect.kr/contents/CLASS/THUMB/20220907/20220907094601724_thumb_1920x1080.jpg]
[class.foxconnect.kr/fox/cls/clsView4823.html]
[class.foxconnect.kr/contents/CLASS/THUMB/20221006/20221006041755191_thumb_1920x1080.jpg]
[class.foxconnect.kr/fox/cls/clsView1337.html]
[class.foxconnect.kr/contents/CLASS/THUMB/20220907/20220907094054429_thumb_1920x1080.jpg]
[class.foxconnect.kr/fox/cls/clsView89e5.html]
[class.foxconnect.kr/contents/CLASS/THUMB/20221006/20221006095457413_thumb_1920x1080.jpg]
[class.foxconnect.kr/fox/cls/clsView44cd.html]
[class.foxconnect.kr/contents/CLASS/THUMB/20220907/20220907093803625_thumb_1920x1080.jpg]
[class.foxconnect.kr/fox/cls/clsView754d.html]
[class.foxconnect.kr/contents/CLASS/THUMB/20221006/20221006094604125_thumb_1920x1080.jpg]
[class.foxconnect.kr/fox/cls/clsView5693.html]
[class.foxconnect.kr/contents/CLASS/THUMB/20220907/20220907093622427_thumb_1920x1080.jpg]
[class.foxconnect.kr/fox/cls/clsViewec60.html]
[class.foxconnect.kr/contents/CLASS/THUMB/20221006/20221006093745624_thumb_1920x1080.jpg]
[class.foxconnect.kr/fox/cls/clsView6da4.html]
[class.foxconnect.kr/contents/CLASS/THUMB/20220907/20220907093210826_thumb_1920x1080.jpg]
[class.foxconnect.kr/fox/cls/clsView538c.html]
[class.foxconnect.kr/contents/CLASS/THUMB/20221005/20221005094205894_thumb_1920x1080.jpg]
[class.foxconnect.kr/fox/cls/clsViewb5d2.html]
[class.foxconnect.kr/contents/CLASS/THUMB/20220907/20220907092838606_thumb_1920x1080.jpg]
[class.foxconnect.kr/fox/cls/globalSearch19bc.html]
[class.foxconnect.kr/fox/cls/clsView1b2d.html]
[class.foxconnect.kr/contents/CLASS/THUMB/20220907/20220907092631824_thumb_1920x1080.jpg]
[class.foxconnect.kr/fox/cls/clsView01f2.html]
[class.foxconnect.kr/contents/CLASS/THUMB/20221004/20221004110110829_thumb_1920x1080.jpg]
[class.foxconnect.kr/fox/cls/clsView5317.html]
[class.foxconnect.kr/contents/CLASS/THUMB/20220906/20220906052605157_thumb_1920x1080.jpg]
[class.foxconnect.kr/fox/cls/clsViewa530.html]
[class.foxconnect.kr/contents/CLASS/THUMB/20220930/20220930044906059_thumb_1920x1080.jpg]
[class.foxconnect.kr/fox/cls/clsView295e.html]
[class.foxconnect.kr/contents/CLASS/THUMB/20220930/20220930033024463_thumb_1920x1080.jpg]
[class.foxconnect.kr/fox/cls/clsViewfb48.html]
[class.foxconnect.kr/contents/CLASS/THUMB/20220907/20220907044551639_thumb_1920x1080.jpg]
[class.foxconnect.kr/fox/cls/clsViewc899.html]
[class.foxconnect.kr/contents/CLASS/THUMB/20220930/20220930024447458_thumb_1920x1080.jpg]
[class.foxconnect.kr/fox/cls/clsView139d.html]
[class.foxconnect.kr/contents/CLASS/THUMB/20220930/20220930092253503_thumb_1920x1080.jpg]
[class.foxconnect.kr/fox/cls/clsView46ff.html]
[class.foxconnect.kr/contents/CLASS/THUMB/20220906/20220906050917759_thumb_1920x1080.jpg]
[class.foxconnect.kr/fox/cls/clsView5180.html]
[class.foxconnect.kr/contents/CLASS/THUMB/20220929/20220929035750738_thumb_1920x1080.jpg]
[class.foxconnect.kr/fox/cls/clsViewd8f7.html]
[class.foxconnect.kr/contents/CLASS/THUMB/20220906/20220906050527378_thumb_1920x1080.jpg]
[class.foxconnect.kr/fox/cls/clsViewfdf7.html]
[class.foxconnect.kr/contents/CLASS/THUMB/20220930/20220930090432201_thumb_1920x1080.jpg]
[class.foxconnect.kr/fox/cls/clsViewb794.html]
[class.foxconnect.kr/contents/CLASS/THUMB/20220906/20220906050124201_thumb_1920x1080.jpg]
[class.foxconnect.kr/fox/cls/clsView4257.html]
[class.foxconnect.kr/contents/CLASS/THUMB/20220906/20220906045419771_thumb_1920x1080.jpg]
[class.foxconnect.kr/fox/cls/clsViewedf0.html]
[class.foxconnect.kr/contents/CLASS/THUMB/20220929/20220929112429652_thumb_1920x1080.jpg]
[class.foxconnect.kr/fox/cls/clsView956f.html]
[class.foxconnect.kr/contents/CLASS/THUMB/20220906/20220906045212863_thumb_1920x1080.jpg]
[class.foxconnect.kr/fox/cls/clsViewf349.html]
[class.foxconnect.kr/contents/CLASS/THUMB/20220906/20220906042733763_thumb_1920x1080.jpg]
[class.foxconnect.kr/fox/cls/clsView923b.html]
[class.foxconnect.kr/fox/cls/globalSearch94a2.html]
[class.foxconnect.kr/contents/CLASS/THUMB/20220928/20220928101021598_thumb_1920x1080.jpg]
[class.foxconnect.kr/fox/cls/clsView9922.html]
[class.foxconnect.kr/contents/CLASS/THUMB/20220906/20220906042527295_thumb_1920x1080.jpg]
[class.foxconnect.kr/fox/cls/clsViewe6fd.html]
[class.foxconnect.kr/contents/CLASS/THUMB/20220906/20220906041937379_thumb_1920x1080.jpg]
[class.foxconnect.kr/fox/cls/clsViewb832-2.html]
[class.foxconnect.kr/contents/CLASS/THUMB/20220928/20220928093416227_thumb_1920x1080.jpg]
[class.foxconnect.kr/fox/cls/clsView2d5b.html]
[class.foxconnect.kr/contents/CLASS/THUMB/20220906/20220906041456878_thumb_1920x1080.jpg]
[class.foxconnect.kr/fox/cls/clsView0742.html]
[class.foxconnect.kr/contents/CLASS/THUMB/20220923/20220923045419790_thumb_1920x1080.jpg]
[class.foxconnect.kr/fox/cls/clsView8f34.html]
[class.foxconnect.kr/contents/CLASS/THUMB/20220906/20220906041350536_thumb_1920x1080.jpg]
[class.foxconnect.kr/fox/cls/clsView3271.html]
[class.foxconnect.kr/contents/CLASS/THUMB/20220923/20220923044617648_thumb_1920x1080.jpg]
[class.foxconnect.kr/fox/cls/clsView2dc5.html]
[class.foxconnect.kr/contents/CLASS/THUMB/20220906/20220906040951005_thumb_1920x1080.jpg]
[class.foxconnect.kr/fox/cls/clsViewa0f2-2.html]
[class.foxconnect.kr/contents/CLASS/THUMB/20220923/20220923043516749_thumb_1920x1080.jpg]
[class.foxconnect.kr/fox/cls/clsViewbf37.html]
[class.foxconnect.kr/contents/CLASS/THUMB/20220923/20220923041616800_thumb_1920x1080.jpg]
[class.foxconnect.kr/fox/cls/clsView63e1.html]
[class.foxconnect.kr/contents/CLASS/THUMB/20220901/20220901034456465_thumb_1920x1080.jpg]
[class.foxconnect.kr/fox/cls/clsView6ad7.html]
[class.foxconnect.kr/contents/CLASS/THUMB/20220923/20220923040615563_thumb_1920x1080.jpg]
[class.foxconnect.kr/fox/cls/clsViewf148.html]
[class.foxconnect.kr/contents/CLASS/THUMB/20220901/20220901032725878_thumb_1920x1080.jpg]
[class.foxconnect.kr/fox/cls/clsView6873.html]
[class.foxconnect.kr/contents/CLASS/THUMB/20220913/20220913092957212_thumb_1920x1080.jpg]
[class.foxconnect.kr/fox/cls/clsView7ae7.html]
[class.foxconnect.kr/contents/CLASS/THUMB/20220901/20220901032550854_thumb_1920x1080.jpg]
[class.foxconnect.kr/fox/cls/clsView065b.html]
[class.foxconnect.kr/fox/cls/globalSearch3ea3.html]
[class.foxconnect.kr/contents/CLASS/THUMB/20220901/20220901032323292_thumb_1920x1080.jpg]
[class.foxconnect.kr/fox/cls/clsViewa036.html]
[class.foxconnect.kr/contents/CLASS/THUMB/20220901/20220901032218725_thumb_1920x1080.jpg]
[class.foxconnect.kr/fox/cls/clsView8a50.html]
[class.foxconnect.kr/contents/CLASS/THUMB/20220901/20220901032109935_thumb_1920x1080.jpg]
[class.foxconnect.kr/fox/cls/clsViewb5e7.html]
[class.foxconnect.kr/contents/CLASS/THUMB/20220907/20220907043350303_thumb_1920x1080.jpg]
[class.foxconnect.kr/fox/cls/clsView748e.html]
[class.foxconnect.kr/contents/CLASS/THUMB/20220901/20220901031959460_thumb_1920x1080.jpg]
[class.foxconnect.kr/fox/cls/clsView61d8.html]
[class.foxconnect.kr/contents/CLASS/THUMB/20220906/20220906012739861_thumb_1920x1080.jpg]
[class.foxconnect.kr/fox/cls/clsView4db3.html]
[class.foxconnect.kr/contents/CLASS/THUMB/20220901/20220901031840346_thumb_1920x1080.jpg]
[class.foxconnect.kr/fox/cls/clsView092c.html]
[class.foxconnect.kr/contents/CLASS/THUMB/20220906/20220906011909769_thumb_1920x1080.jpg]
[class.foxconnect.kr/fox/cls/clsView7b66-2.html]
[class.foxconnect.kr/contents/CLASS/THUMB/20220901/20220901031753335_thumb_1920x1080.jpg]
[class.foxconnect.kr/fox/cls/clsViewedb9.html]
[class.foxconnect.kr/contents/CLASS/THUMB/20220831/20220831013044941_thumb_1920x1080.jpg]
[class.foxconnect.kr/fox/cls/clsViewcc1d.html]
[class.foxconnect.kr/contents/CLASS/THUMB/20220901/20220901024909178_thumb_1920x1080.jpg]
[class.foxconnect.kr/fox/cls/clsViewbff2-2.html]
[class.foxconnect.kr/contents/CLASS/THUMB/20220901/20220901023104734_thumb_1920x1080.jpg]
[class.foxconnect.kr/fox/cls/clsView8b15.html]
[class.foxconnect.kr/contents/CLASS/THUMB/20220831/20220831011917487_thumb_1920x1080.jpg]
[class.foxconnect.kr/fox/cls/clsView5756.html]
[class.foxconnect.kr/contents/CLASS/THUMB/20220831/20220831011344168_thumb_1920x1080.jpg]
[class.foxconnect.kr/fox/cls/clsView33a3.html]
[class.foxconnect.kr/contents/CLASS/THUMB/20220901/20220901022945769_thumb_1920x1080.jpg]
[class.foxconnect.kr/fox/cls/clsView1cc4.html]
[class.foxconnect.kr/contents/CLASS/THUMB/20220831/20220831105316450_thumb_1920x1080.jpg]
[class.foxconnect.kr/fox/cls/clsViewf597.html]
[class.foxconnect.kr/contents/CLASS/THUMB/20220901/20220901022846790_thumb_1920x1080.jpg]
[class.foxconnect.kr/fox/cls/clsViewee68.html]
[class.foxconnect.kr/contents/CLASS/THUMB/20220831/20220831104601951_thumb_1920x1080.jpg]
[class.foxconnect.kr/fox/cls/clsViewd93b.html]
[class.foxconnect.kr/fox/cls/globalSearch121b.html]
[class.foxconnect.kr/contents/CLASS/THUMB/20220901/20220901022717115_thumb_1920x1080.jpg]
[class.foxconnect.kr/fox/cls/clsViewee5c.html]
[class.foxconnect.kr/fox/cls/clsView3726.html]
[class.foxconnect.kr/fox/cls/clsView46bf.html]
[class.foxconnect.kr/fox/cls/clsView2a78.html]
[class.foxconnect.kr/fox/cls/clsViewd742.html]
[class.foxconnect.kr/fox/cls/clsViewf662.html]
[class.foxconnect.kr/fox/cls/clsViewf16a.html]
[class.foxconnect.kr/fox/cls/clsViewf61b.html]
[class.foxconnect.kr/fox/cls/clsView86f7.html]
[class.foxconnect.kr/fox/cls/clsView5f68.html]
[class.foxconnect.kr/fox/cls/clsViewec90.html]
[class.foxconnect.kr/fox/cls/clsView1fab.html]
[class.foxconnect.kr/fox/cls/clsView414f.html]
[class.foxconnect.kr/fox/cls/clsView257e.html]
[class.foxconnect.kr/fox/cls/clsView7b40.html]
[class.foxconnect.kr/fox/cls/clsViewb8df.html]
[class.foxconnect.kr/fox/cls/clsViewb532.html]
[class.foxconnect.kr/fox/cls/clsView9937.html]
[class.foxconnect.kr/fox/cls/clsView7578.html]
[class.foxconnect.kr/fox/cls/clsView8ae2.html]
[class.foxconnect.kr/fox/cls/clsView9541.html]
[class.foxconnect.kr/contents/CLASS/THUMB/20220831/20220831104005872_thumb_1920x1080.jpg]
[class.foxconnect.kr/fox/cls/clsView72b8.html]
[class.foxconnect.kr/contents/CLASS/THUMB/20220901/20220901022423047_thumb_1920x1080.jpg]
[class.foxconnect.kr/fox/cls/clsViewf439.html]
[class.foxconnect.kr/contents/CLASS/THUMB/20220901/20220901020817044_thumb_1920x1080.jpg]
[class.foxconnect.kr/fox/cls/clsView2db5.html]
[class.foxconnect.kr/contents/CLASS/THUMB/20220831/20220831102840928_thumb_1920x1080.jpg]
[class.foxconnect.kr/fox/cls/clsView429b.html]
[class.foxconnect.kr/contents/CLASS/THUMB/20220831/20220831102127123_thumb_1920x1080.jpg]
[class.foxconnect.kr/fox/cls/clsView672f.html]
[class.foxconnect.kr/contents/CLASS/THUMB/20220901/20220901020546671_thumb_1920x1080.jpg]
[class.foxconnect.kr/fox/cls/clsView3b5b-2.html]
[class.foxconnect.kr/contents/CLASS/THUMB/20220831/20220831101514487_thumb_1920x1080.jpg]
[class.foxconnect.kr/fox/cls/clsView68a7.html]
[class.foxconnect.kr/contents/CLASS/THUMB/20220901/20220901020307198_thumb_1920x1080.jpg]
[class.foxconnect.kr/fox/cls/clsView97f5.html]
[class.foxconnect.kr/contents/CLASS/THUMB/20220901/20220901020146645_thumb_1920x1080.jpg]
[class.foxconnect.kr/fox/cls/clsView3837.html]
[class.foxconnect.kr/contents/CLASS/THUMB/20220901/20220901020023810_thumb_1920x1080.jpg]
[class.foxconnect.kr/fox/cls/clsView4c6d.html]
[class.foxconnect.kr/contents/CLASS/THUMB/20220901/20220901013610295_thumb_1920x1080.jpg]
[class.foxconnect.kr/fox/cls/clsViewb7ba.html]
[class.foxconnect.kr/contents/CLASS/THUMB/20220901/20220901013445274_thumb_1920x1080.jpg]
[class.foxconnect.kr/fox/cls/clsView5291.html]
[class.foxconnect.kr/contents/CLASS/THUMB/20220901/20220901013311604_thumb_1920x1080.jpg]
[class.foxconnect.kr/fox/cls/clsView5256.html]
[class.foxconnect.kr/fox/cls/globalSearchc000.html]
[class.foxconnect.kr/contents/CLASS/THUMB/20220901/20220901011530497_thumb_1920x1080.jpg]
[class.foxconnect.kr/fox/cls/clsView6b08.html]
[class.foxconnect.kr/contents/CLASS/THUMB/20220901/20220901011421996_thumb_1920x1080.jpg]
[class.foxconnect.kr/fox/cls/clsView042a.html]
[class.foxconnect.kr/contents/CLASS/THUMB/20220901/20220901011316663_thumb_1920x1080.jpg]
[class.foxconnect.kr/fox/cls/clsViewa507.html]
[class.foxconnect.kr/contents/CLASS/THUMB/20220829/20220829061413696_thumb_1920x1080.jpg]
[class.foxconnect.kr/fox/cls/clsViewc3a9.html]
[class.foxconnect.kr/contents/CLASS/THUMB/20220829/20220829042906514_thumb_1920x1080.jpg]
[class.foxconnect.kr/fox/cls/clsView925c.html]
[class.foxconnect.kr/contents/CLASS/THUMB/20221102/20221102043833288_thumb_1920x1080.jpg]
[class.foxconnect.kr/fox/cls/clsViewc4d0.html]
[class.foxconnect.kr/contents/CLASS/THUMB/20220829/20220829033010470_thumb_1920x1080.jpg]
[class.foxconnect.kr/fox/cls/clsView7f59.html]
[class.foxconnect.kr/contents/CLASS/THUMB/20220901/20220901010736727_thumb_1920x1080.jpg]
[class.foxconnect.kr/fox/cls/clsView4f5a.html]
[class.foxconnect.kr/contents/CLASS/THUMB/20221102/20221102043706315_thumb_1920x1080.jpg]
[class.foxconnect.kr/fox/cls/clsView3cb1.html]
[class.foxconnect.kr/contents/CLASS/THUMB/20220901/20220901010529706_thumb_1920x1080.jpg]
[class.foxconnect.kr/fox/cls/clsViewa7d0.html]
[class.foxconnect.kr/contents/CLASS/THUMB/20220901/20220901010419667_thumb_1920x1080.jpg]
[class.foxconnect.kr/fox/cls/clsViewdca6.html]
[class.foxconnect.kr/fox/cls/globalSearch26d3.html]
[class.foxconnect.kr/contents/CLASS/THUMB/20220901/20220901010235662_thumb_1920x1080.jpg]
[class.foxconnect.kr/fox/cls/clsView9a75.html]
[class.foxconnect.kr/contents/CLASS/THUMB/20220901/20220901125941323_thumb_1920x1080.jpg]
[class.foxconnect.kr/fox/cls/clsView469d.html]
[class.foxconnect.kr/contents/CLASS/THUMB/20220901/20220901125811467_thumb_1920x1080.jpg]
[class.foxconnect.kr/fox/cls/clsViewed65.html]
[class.foxconnect.kr/contents/CLASS/THUMB/20220901/20220901125605296_thumb_1920x1080.jpg]
[class.foxconnect.kr/fox/cls/clsView72d7.html]
[class.foxconnect.kr/contents/CLASS/THUMB/20220825/20220825030853845_thumb_1920x1080.jpg]
[class.foxconnect.kr/fox/cls/clsView5d3e.html]
[class.foxconnect.kr/contents/CLASS/THUMB/20220826/20220826111937319_thumb_1920x1080.jpg]
[class.foxconnect.kr/fox/cls/clsView49d3.html]
[class.foxconnect.kr/contents/CLASS/THUMB/20220825/20220825030226814_thumb_1920x1080.jpg]
[class.foxconnect.kr/fox/cls/clsView4130.html]
[class.foxconnect.kr/contents/CLASS/THUMB/20220826/20220826110034323_thumb_1920x1080.jpg]
[class.foxconnect.kr/fox/cls/clsViewd047.html]
[class.foxconnect.kr/contents/CLASS/THUMB/20220825/20220825022854204_thumb_1920x1080.jpg]
[class.foxconnect.kr/fox/cls/clsView4ad9.html]
[class.foxconnect.kr/contents/CLASS/THUMB/20220826/20220826104140064_thumb_1920x1080.jpg]
[class.foxconnect.kr/fox/cls/clsView396c.html]
[class.foxconnect.kr/contents/CLASS/THUMB/20220825/20220825100251511_thumb_1920x1080.jpg]
[class.foxconnect.kr/fox/cls/clsView08cb.html]
[class.foxconnect.kr/contents/CLASS/THUMB/20220826/20220826103505148_thumb_1920x1080.jpg]
[class.foxconnect.kr/fox/cls/clsViewf041.html]
[class.foxconnect.kr/contents/CLASS/THUMB/20220824/20220824025510503_thumb_1920x1080.jpg]
[class.foxconnect.kr/fox/cls/clsViewe7e3.html]
[class.foxconnect.kr/fox/cls/globalSearch654e.html]
[class.foxconnect.kr/contents/CLASS/THUMB/20220826/20220826102743703_thumb_1920x1080.jpg]
[class.foxconnect.kr/fox/cls/clsViewa817.html]
[class.foxconnect.kr/contents/CLASS/THUMB/20240805/20240805123923485_thumb_1920x1080.jpg]
[class.foxconnect.kr/fox/cls/clsViewec0a.html]
[class.foxconnect.kr/contents/CLASS/THUMB/20240805/20240805123909267_thumb_1920x1080.jpg]
[class.foxconnect.kr/fox/cls/clsView2610.html]
[class.foxconnect.kr/contents/CLASS/THUMB/20240805/20240805123806965_thumb_1920x1080.jpg]
[class.foxconnect.kr/fox/cls/clsViewb674.html]
[class.foxconnect.kr/contents/CLASS/THUMB/20240805/20240805123626266_thumb_1920x1080.jpg]
[class.foxconnect.kr/fox/cls/clsViewaa13.html]
[class.foxconnect.kr/contents/CLASS/THUMB/20240806/20240806103650358_thumb_1920x1080.jpg]
[class.foxconnect.kr/fox/cls/clsViewbdf9.html]
[class.foxconnect.kr/contents/CLASS/THUMB/20240806/20240806103716759_thumb_1920x1080.jpg]
[class.foxconnect.kr/fox/cls/clsViewb118.html]
[class.foxconnect.kr/contents/CLASS/THUMB/20241212/20241212041633590_thumb_1920x1080.jpg]
[class.foxconnect.kr/fox/cls/clsView4741.html]
[class.foxconnect.kr/contents/CLASS/THUMB/20241212/20241212051414223_thumb_1920x1080.jpg]
[class.foxconnect.kr/fox/cls/clsViewe72b.html]
[class.foxconnect.kr/contents/CLASS/THUMB/20241212/20241212051506240_thumb_1920x1080.jpg]
[class.foxconnect.kr/fox/cls/clsViewd4e6.html]
[class.foxconnect.kr/contents/CLASS/THUMB/20250108/20250108020716907_thumb_1920x1080.jpg]
[class.foxconnect.kr/fox/cls/clsViewb6ee.html]
[class.foxconnect.kr/contents/CLASS/THUMB/20250109/20250109102342927_thumb_1920x1080.jpg]
[class.foxconnect.kr/fox/cls/clsView586b.html]
[class.foxconnect.kr/contents/CLASS/THUMB/20250109/20250109014729918_thumb_1920x1080.jpg]
[class.foxconnect.kr/fox/cls/clsView2389.html]
[class.foxconnect.kr/contents/CLASS/THUMB/20250109/20250109030510507_thumb_1920x1080.jpg]
[class.foxconnect.kr/fox/cls/clsView4661.html]
[class.foxconnect.kr/contents/CLASS/THUMB/20250109/20250109031028006_thumb_1920x1080.jpg]
[class.foxconnect.kr/fox/cls/clsView0f28.html]
[class.foxconnect.kr/contents/CLASS/THUMB/20250109/20250109035402533_thumb_1920x1080.jpg]
[class.foxconnect.kr/fox/cls/clsView716c.html]
[class.foxconnect.kr/contents/CLASS/THUMB/20250113/20250113034024539_thumb_1920x1080.jpg]
[class.foxconnect.kr/fox/cls/clsView5913.html]
[class.foxconnect.kr/contents/CLASS/THUMB/20250113/20250113034326736_thumb_1920x1080.jpg]
[class.foxconnect.kr/fox/cls/clsViewb59e.html]
[class.foxconnect.kr/contents/CLASS/THUMB/20220922/20220922104201005_thumb_1920x1080.jpg]
[class.foxconnect.kr/fox/cls/clsViewe220-2.html]
[class.foxconnect.kr/fox/cls/globalSearchd3d8.html]
[class.foxconnect.kr/contents/CLASS/THUMB/20220922/20220922103946533_thumb_1920x1080.jpg]
[class.foxconnect.kr/fox/cls/clsViewdfb4-2.html]
[class.foxconnect.kr/contents/CLASS/THUMB/20220922/20220922103143037_thumb_1920x1080.jpg]
[class.foxconnect.kr/fox/cls/clsViewebe0.html]
[class.foxconnect.kr/contents/CLASS/THUMB/20220922/20220922102936616_thumb_1920x1080.jpg]
[class.foxconnect.kr/fox/cls/clsViewb807.html]
[class.foxconnect.kr/contents/CLASS/THUMB/20220921/20220921012118831_thumb_1920x1080.jpg]
[class.foxconnect.kr/fox/cls/clsViewf4bd.html]
[class.foxconnect.kr/contents/CLASS/THUMB/20220921/20220921011531428_thumb_1920x1080.jpg]
[class.foxconnect.kr/fox/cls/clsViewe5c0.html]
[class.foxconnect.kr/contents/CLASS/THUMB/20220921/20220921125820523_thumb_1920x1080.jpg]
[class.foxconnect.kr/fox/cls/clsView2011.html]
[class.foxconnect.kr/contents/CLASS/THUMB/20220921/20220921114711488_thumb_1920x1080.jpg]
[class.foxconnect.kr/fox/cls/clsView876e.html]
[class.foxconnect.kr/contents/CLASS/THUMB/20220921/20220921114022129_thumb_1920x1080.jpg]
[class.foxconnect.kr/fox/cls/clsViewcf2b.html]
[class.foxconnect.kr/contents/CLASS/THUMB/20220921/20220921112959375_thumb_1920x1080.jpg]
[class.foxconnect.kr/fox/cls/clsViewbd75.html]
[class.foxconnect.kr/contents/CLASS/THUMB/20220921/20220921111749438_thumb_1920x1080.jpg]
[class.foxconnect.kr/fox/cls/clsView2de5.html]
[class.foxconnect.kr/contents/CLASS/THUMB/20220921/20220921111326853_thumb_1920x1080.jpg]
[class.foxconnect.kr/fox/cls/clsViewc53d-2.html]
[class.foxconnect.kr/contents/CLASS/THUMB/20220921/20220921110902155_thumb_1920x1080.jpg]
[class.foxconnect.kr/fox/cls/clsView61dd.html]
[class.foxconnect.kr/contents/CLASS/THUMB/20220921/20220921105821323_thumb_1920x1080.jpg]
[class.foxconnect.kr/fox/cls/clsView5847.html]
[class.foxconnect.kr/contents/CLASS/THUMB/20220921/20220921104837685_thumb_1920x1080.jpg]
[class.foxconnect.kr/fox/cls/clsVieweb88.html]
[class.foxconnect.kr/contents/CLASS/THUMB/20220921/20220921104730119_thumb_1920x1080.jpg]
[class.foxconnect.kr/fox/cls/clsViewd535.html]
[class.foxconnect.kr/contents/CLASS/THUMB/20220921/20220921104337670_thumb_1920x1080.jpg]
[class.foxconnect.kr/fox/cls/clsView3351.html]
[class.foxconnect.kr/thumbnail/b7491bda-d6d7-449d-a461-1450e4317f2f/thumbnail/thumbnail_0.jpg]
[class.foxconnect.kr/fox/cls/clsViewc632.html]
[class.foxconnect.kr/contents/CLASS/THUMB/20220921/20220921104636966_thumb_1920x1080.jpg]
[class.foxconnect.kr/fox/cls/clsViewa884.html]
[class.foxconnect.kr/thumbnail/52b4b04c-5b66-42d6-8b02-2fad2c3594f2/thumbnail/thumbnail_0.jpg]
[class.foxconnect.kr/fox/cls/clsViewd5b0.html]
[class.foxconnect.kr/contents/CLASS/THUMB/20220921/20220921104459084_thumb_1920x1080.jpg]
[class.foxconnect.kr/fox/cls/clsView7bf1.html]
[class.foxconnect.kr/thumbnail/5fb11470-ef22-4a4a-944a-66573dfe69ed/thumbnail/thumbnail_0.jpg]
[class.foxconnect.kr/fox/cls/globalSearch4ddb.html]
[class.foxconnect.kr/fox/cls/clsView8f84.html]
[class.foxconnect.kr/contents/CLASS/THUMB/20220921/20220921104348229_thumb_1920x1080.jpg]
[class.foxconnect.kr/fox/cls/clsViewe2f0.html]
[class.foxconnect.kr/thumbnail/ed6c2467-861f-46a8-8bb5-70097f855d36/thumbnail/thumbnail_0.jpg]
[class.foxconnect.kr/fox/cls/clsView14e4.html]
[class.foxconnect.kr/thumbnail/a52becc1-df75-4104-b84a-45a97bc088fe/thumbnail/thumbnail_0.jpg]
[class.foxconnect.kr/fox/cls/clsViewfca0.html]
[class.foxconnect.kr/contents/CLASS/THUMB/20220921/20220921104150213_thumb_1920x1080.jpg]
[class.foxconnect.kr/fox/cls/clsView8514.html]
[class.foxconnect.kr/thumbnail/b52a393b-2b56-463c-98bd-9caf15713a3b/thumbnail/thumbnail_0.jpg]
[class.foxconnect.kr/fox/cls/clsViewa5da.html]
[class.foxconnect.kr/contents/CLASS/THUMB/20220921/20220921104119780_thumb_1920x1080.jpg]
[class.foxconnect.kr/fox/cls/clsViewfeab.html]
[class.foxconnect.kr/thumbnail/c13d7afe-cda3-4dd8-af76-7ff96f94bf29/thumbnail/thumbnail_0.jpg]
[class.foxconnect.kr/fox/cls/clsView1b09.html]
[class.foxconnect.kr/contents/CLASS/THUMB/20220921/20220921103954375_thumb_1920x1080.jpg]
[class.foxconnect.kr/fox/cls/clsView9b8d.html]
[class.foxconnect.kr/thumbnail/95b13fb2-4923-4397-bf8a-81c68634ad6b/thumbnail/thumbnail_0.jpg]
[class.foxconnect.kr/fox/cls/clsView7c03.html]
[class.foxconnect.kr/contents/CLASS/THUMB/20220921/20220921104035537_thumb_1920x1080.jpg]
[class.foxconnect.kr/fox/cls/clsView5825.html]
[class.foxconnect.kr/thumbnail/525112cd-c7d8-4e81-b7de-bad106b809a4/thumbnail/thumbnail_0.jpg]
[class.foxconnect.kr/fox/cls/clsViewa20c.html]
[class.foxconnect.kr/contents/CLASS/THUMB/20220921/20220921103839370_thumb_1920x1080.jpg]
[class.foxconnect.kr/fox/cls/clsViewa36b.html]
[class.foxconnect.kr/thumbnail/9f66237f-9daf-47cf-af40-fa094c9a22e3/thumbnail/thumbnail_0.jpg]
[class.foxconnect.kr/fox/cls/clsViewe350.html]
[class.foxconnect.kr/contents/CLASS/THUMB/20220921/20220921103728680_thumb_1920x1080.jpg]
[class.foxconnect.kr/fox/cls/clsView9996.html]
[class.foxconnect.kr/thumbnail/fb07ba68-6284-4035-9ead-80401e14ae73/thumbnail/thumbnail_0.jpg]
[class.foxconnect.kr/fox/cls/clsView6237.html]
[class.foxconnect.kr/contents/CLASS/THUMB/20220921/20220921103727738_thumb_1920x1080.jpg]
[class.foxconnect.kr/fox/cls/clsView41c2.html]
[class.foxconnect.kr/thumbnail/613bf651-16e1-4ce3-b46d-f74ed051c1c4/thumbnail/thumbnail_0.jpg]
[class.foxconnect.kr/fox/cls/clsView19a2.html]
[class.foxconnect.kr/contents/CLASS/THUMB/20220921/20220921103001613_thumb_1920x1080.jpg]
[class.foxconnect.kr/fox/cls/clsView2ab3.html]
[class.foxconnect.kr/thumbnail/4cedb0b7-6fed-4579-87ab-8402d878c7d8/thumbnail/thumbnail_0.jpg]
[class.foxconnect.kr/fox/cls/clsView4ced.html]
[class.foxconnect.kr/fox/cls/globalSearchcdc6.html]
[class.foxconnect.kr/contents/CLASS/THUMB/20220921/20220921101641868_thumb_1920x1080.jpg]
[class.foxconnect.kr/fox/cls/clsViewd3a8.html]
[class.foxconnect.kr/thumbnail/34d4dbed-c1c0-4339-8312-ef8c762cbc26/thumbnail/thumbnail_0.jpg]
[class.foxconnect.kr/fox/cls/clsView901b.html]
[class.foxconnect.kr/contents/CLASS/THUMB/20220921/20220921100023618_thumb_1920x1080.jpg]
[class.foxconnect.kr/fox/cls/clsView70c9.html]
[class.foxconnect.kr/contents/CLASS/THUMB/20221109/20221109121344457_thumb_1920x1080.jpg]
[class.foxconnect.kr/fox/cls/clsView6bbf.html]
[class.foxconnect.kr/thumbnail/9ced2aef-67b8-44d0-88fd-610dd3aa825b/thumbnail/thumbnail_0.jpg]
[class.foxconnect.kr/fox/cls/clsView8383.html]
[class.foxconnect.kr/contents/CLASS/THUMB/20220921/20220921094908258_thumb_1920x1080.jpg]
[class.foxconnect.kr/fox/cls/clsViewff4c.html]
[class.foxconnect.kr/contents/CLASS/THUMB/20220926/20220926010407639_thumb_1920x1080.jpg]
[class.foxconnect.kr/fox/cls/clsView55ce.html]
[class.foxconnect.kr/thumbnail/a2b3c665-4709-442a-9437-36f42e337b43/thumbnail/thumbnail_0.jpg]
[class.foxconnect.kr/fox/cls/clsView4e2d.html]
[class.foxconnect.kr/contents/CLASS/THUMB/20220921/20220921092637473_thumb_1920x1080.jpg]
[class.foxconnect.kr/fox/cls/clsView01c0.html]
[class.foxconnect.kr/contents/CLASS/THUMB/20220923/20220923052014263_thumb_1920x1080.jpg]
[class.foxconnect.kr/fox/cls/clsView4e51.html]
[class.foxconnect.kr/thumbnail/c85351a8-00c7-4ff1-ac5a-bbd20efd5ba9/thumbnail/thumbnail_0.jpg]
[class.foxconnect.kr/fox/cls/clsViewd7f8.html]
[class.foxconnect.kr/contents/CLASS/THUMB/20220920/20220920054115797_thumb_1920x1080.jpg]
[class.foxconnect.kr/fox/cls/clsViewa8e6.html]
[class.foxconnect.kr/contents/CLASS/THUMB/20220922/20220922065337541_thumb_1920x1080.jpg]
[class.foxconnect.kr/fox/cls/clsView15de.html]
[class.foxconnect.kr/contents/CLASS/THUMB/20220920/20220920053737836_thumb_1920x1080.jpg]
[class.foxconnect.kr/fox/cls/clsView5b86.html]
[class.foxconnect.kr/thumbnail/e49440d7-8b79-4ae2-88dc-6b458b3c7c8d/thumbnail/thumbnail_0.jpg]
[class.foxconnect.kr/fox/cls/clsView2a7d.html]
[class.foxconnect.kr/contents/CLASS/THUMB/20220915/20220915052904489_thumb_1920x1080.jpg]
[class.foxconnect.kr/fox/cls/clsView6cc2.html]
[class.foxconnect.kr/contents/CLASS/THUMB/20221007/20221007033842413_thumb_1920x1080.jpg]
[class.foxconnect.kr/fox/cls/clsViewd491.html]
[class.foxconnect.kr/thumbnail/61793e5f-d5dd-4f3a-8b97-7eff0445f4f4/thumbnail/thumbnail_0.jpg]
[class.foxconnect.kr/fox/cls/globalSearch26c5.html]
[class.foxconnect.kr/fox/cls/clsView0aaa.html]
[class.foxconnect.kr/contents/CLASS/THUMB/20220830/20220830114441736_thumb_1920x1080.jpg]
[class.foxconnect.kr/fox/cls/clsView8314.html]
[class.foxconnect.kr/contents/CLASS/THUMB/20220920/20220920053007691_thumb_1920x1080.jpg]
[class.foxconnect.kr/fox/cls/clsViewe943.html]
[class.foxconnect.kr/contents/CLASS/THUMB/20221007/20221007022108065_thumb_1920x1080.jpg]
[class.foxconnect.kr/fox/cls/clsView7cb4.html]
[class.foxconnect.kr/thumbnail/6ab97609-34bf-472a-ba19-cc2e744b4024/thumbnail/thumbnail_0.jpg]
[class.foxconnect.kr/fox/cls/clsViewebe4.html]
[class.foxconnect.kr/contents/CLASS/THUMB/20220825/20220825063326583_thumb_1920x1080.jpg]
[class.foxconnect.kr/fox/cls/clsViewd343.html]
[class.foxconnect.kr/contents/CLASS/THUMB/20220920/20220920052037105_thumb_1920x1080.jpg]
[class.foxconnect.kr/fox/cls/clsViewa157.html]
[class.foxconnect.kr/contents/CLASS/THUMB/20221007/20221007012159181_thumb_1920x1080.jpg]
[class.foxconnect.kr/fox/cls/clsView9fc5.html]
[class.foxconnect.kr/thumbnail/8b13778b-ae8c-400f-8970-95fe3de1e424/thumbnail/thumbnail_0.jpg]
[class.foxconnect.kr/fox/cls/clsViewb7c1.html]
[class.foxconnect.kr/contents/CLASS/THUMB/20220920/20220920051711653_thumb_1920x1080.jpg]
[class.foxconnect.kr/fox/cls/clsViewe283.html]
[class.foxconnect.kr/contents/CLASS/THUMB/20221007/20221007125425453_thumb_1920x1080.jpg]
[class.foxconnect.kr/fox/cls/clsViewb246.html]
[class.foxconnect.kr/contents/CLASS/THUMB/20220802/20220802112248862_thumb.jpg]
[class.foxconnect.kr/fox/cls/clsView2a75.html]
[class.foxconnect.kr/thumbnail/0fbc6375-c08e-46f6-b48f-9cba84115e24/thumbnail/thumbnail_0.jpg]
[class.foxconnect.kr/fox/cls/clsViewa9c2.html]
[class.foxconnect.kr/contents/CLASS/THUMB/20220920/20220920051450192_thumb_1920x1080.jpg]
[class.foxconnect.kr/fox/cls/clsView7e0a.html]
[class.foxconnect.kr/contents/CLASS/THUMB/20220923/20220923035743540_thumb_1920x1080.jpg]
[class.foxconnect.kr/fox/cls/clsViewf9ae.html]
[class.foxconnect.kr/contents/CLASS/THUMB/20220801/20220801121724728_thumb.jpg]
[class.foxconnect.kr/fox/cls/clsView2f13.html]
[class.foxconnect.kr/thumbnail/b76f2004-3d54-4945-b983-9212a6a0883f/thumbnail/thumbnail_0.jpg]
[class.foxconnect.kr/fox/cls/clsView1b61.html]
[class.foxconnect.kr/contents/CLASS/THUMB/20220920/20220920050000438_thumb_1920x1080.jpg]
[class.foxconnect.kr/fox/cls/clsView8821.html]
[class.foxconnect.kr/contents/CLASS/THUMB/20220923/20220923034406374_thumb_1920x1080.jpg]
[class.foxconnect.kr/fox/cls/clsViewe994.html]
[class.foxconnect.kr/contents/CLASS/THUMB/20220801/20220801121009583_thumb.jpg]
[class.foxconnect.kr/fox/cls/clsView09de.html]
[class.foxconnect.kr/thumbnail/955060c0-fa9a-42d9-bf16-920f4e70eaf2/thumbnail/thumbnail_0.jpg]
[class.foxconnect.kr/fox/cls/globalSearch85f9.html]
[class.foxconnect.kr/fox/cls/clsViewdeb9.html]
[class.foxconnect.kr/fox/cls/clsView2077.html]
[class.foxconnect.kr/fox/cls/clsViewb7cb.html]
[class.foxconnect.kr/fox/cls/clsViewf471.html]
[class.foxconnect.kr/fox/cls/clsViewc217.html]
[class.foxconnect.kr/fox/cls/clsViewa8d5.html]
[class.foxconnect.kr/fox/cls/clsViewe72d.html]
[class.foxconnect.kr/fox/cls/clsView1d2b.html]
[class.foxconnect.kr/fox/cls/clsView5fc3.html]
[class.foxconnect.kr/fox/cls/clsViewa5bc.html]
[class.foxconnect.kr/fox/cls/clsViewfb08.html]
[class.foxconnect.kr/fox/cls/clsViewe071.html]
[class.foxconnect.kr/fox/cls/clsViewc91c.html]
[class.foxconnect.kr/fox/cls/clsView4438.html]
[class.foxconnect.kr/fox/cls/clsView7e4f.html]
[class.foxconnect.kr/fox/cls/clsViewacbb.html]
[class.foxconnect.kr/fox/cls/clsView869b.html]
[class.foxconnect.kr/fox/cls/clsView1150.html]
[class.foxconnect.kr/fox/cls/clsView8074.html]
[class.foxconnect.kr/fox/cls/clsView657c.html]
[class.foxconnect.kr/fox/cls/clsView9b03.html]
[class.foxconnect.kr/fox/cls/clsView0fe8.html]
[class.foxconnect.kr/fox/cls/clsView7d69.html]
[class.foxconnect.kr/fox/cls/clsView2a5d.html]
[class.foxconnect.kr/fox/cls/clsView9505.html]
[class.foxconnect.kr/fox/cls/clsViewc4fe.html]
[class.foxconnect.kr/fox/cls/clsViewfea5.html]
[class.foxconnect.kr/fox/cls/clsViewb7aa.html]
[class.foxconnect.kr/fox/cls/clsView686c.html]
[class.foxconnect.kr/fox/cls/clsView71ce.html]
[class.foxconnect.kr/fox/cls/clsView1948.html]
[class.foxconnect.kr/fox/cls/clsViewb7fc.html]
[class.foxconnect.kr/fox/cls/clsView6590.html]
[class.foxconnect.kr/fox/cls/clsView7f15.html]
[class.foxconnect.kr/fox/cls/clsView48ef.html]
[class.foxconnect.kr/fox/cls/clsView1c0c.html]
[class.foxconnect.kr/fox/cls/clsView9847.html]
[class.foxconnect.kr/fox/cls/clsViewe096.html]
[class.foxconnect.kr/fox/cls/clsViewb9e3.html]
[class.foxconnect.kr/fox/cls/clsView4ca7.html]
[class.foxconnect.kr/fox/cls/clsViewf086.html]
[class.foxconnect.kr/fox/cls/clsViewd608.html]
[class.foxconnect.kr/fox/cls/clsViewd965-2.html]
[class.foxconnect.kr/fox/cls/clsViewaf49.html]
[class.foxconnect.kr/fox/cls/clsView7754.html]
[class.foxconnect.kr/fox/cls/clsView2ed4.html]
[class.foxconnect.kr/fox/cls/clsView9d56.html]
[class.foxconnect.kr/fox/cls/clsView90ed.html]
[class.foxconnect.kr/fox/cls/clsView3013.html]
[class.foxconnect.kr/fox/cls/clsView0423-2.html]
[class.foxconnect.kr/fox/cls/clsView7b66.html]
[class.foxconnect.kr/fox/cls/clsView95db.html]
[class.foxconnect.kr/fox/cls/clsViewd31d.html]
[class.foxconnect.kr/fox/cls/clsView23ff.html]
[class.foxconnect.kr/fox/cls/clsView91ea.html]
[class.foxconnect.kr/fox/cls/clsViewcfd9.html]
[class.foxconnect.kr/fox/cls/clsView92f8.html]
[class.foxconnect.kr/fox/cls/clsView9f3d.html]
[class.foxconnect.kr/fox/cls/clsView9c11.html]
[class.foxconnect.kr/fox/cls/clsView2abb.html]
[class.foxconnect.kr/fox/cls/clsViewc874.html]
[class.foxconnect.kr/fox/cls/clsView3d40.html]
[class.foxconnect.kr/fox/cls/clsVieweb55.html]
[class.foxconnect.kr/fox/cls/clsView4a13.html]
[class.foxconnect.kr/fox/cls/clsView9d1f.html]
[class.foxconnect.kr/fox/cls/clsView2fef.html]
[class.foxconnect.kr/fox/cls/clsViewc43d.html]
[class.foxconnect.kr/fox/cls/clsView51cb.html]
[class.foxconnect.kr/fox/cls/clsViewafac.html]
[class.foxconnect.kr/fox/cls/clsView892e.html]
[class.foxconnect.kr/fox/cls/clsView4568.html]
[class.foxconnect.kr/fox/cls/clsView6a64.html]
[class.foxconnect.kr/fox/cls/clsView5a32.html]
[class.foxconnect.kr/fox/cls/clsView2100.html]
[class.foxconnect.kr/fox/cls/clsView2fb7.html]
[class.foxconnect.kr/fox/cls/clsViewf1b8.html]
[class.foxconnect.kr/fox/cls/clsViewa9c6.html]
[class.foxconnect.kr/fox/cls/clsView4b9d.html]
[class.foxconnect.kr/fox/cls/clsView722b.html]
[class.foxconnect.kr/fox/cls/clsView7655.html]
[class.foxconnect.kr/fox/cls/clsViewd7b1.html]
[class.foxconnect.kr/fox/cls/clsView2c03.html]
[class.foxconnect.kr/fox/cls/clsView545a.html]
[class.foxconnect.kr/fox/cls/clsViewc034.html]
[class.foxconnect.kr/fox/cls/clsViewa277.html]
[class.foxconnect.kr/fox/cls/clsViewe178.html]
[class.foxconnect.kr/fox/cls/clsView9410.html]
[class.foxconnect.kr/fox/cls/clsViewd148.html]
[class.foxconnect.kr/fox/cls/clsView29fc.html]
[class.foxconnect.kr/fox/cls/clsView4380.html]
[class.foxconnect.kr/fox/cls/clsView1dd2.html]
[class.foxconnect.kr/fox/cls/clsViewacbb-2.html]
[class.foxconnect.kr/fox/cls/clsViewef98.html]
[class.foxconnect.kr/fox/cls/clsView0e83.html]
[class.foxconnect.kr/fox/cls/clsViewd27f.html]
[class.foxconnect.kr/fox/cls/clsViewcf2e.html]
[class.foxconnect.kr/fox/cls/clsView4116.html]
[class.foxconnect.kr/fox/cls/clsView44db.html]
[class.foxconnect.kr/fox/cls/clsView4eda.html]
[class.foxconnect.kr/fox/cls/clsViewe023.html]
[class.foxconnect.kr/fox/cls/clsView9053.html]
[class.foxconnect.kr/fox/cls/clsVieweeb4.html]
[class.foxconnect.kr/fox/cls/clsView597f.html]
[class.foxconnect.kr/fox/cls/clsViewdfdf.html]
[class.foxconnect.kr/fox/cls/clsView0a6d.html]
[class.foxconnect.kr/fox/cls/clsViewf9c3.html]
[class.foxconnect.kr/fox/cls/clsView5aeb.html]
[class.foxconnect.kr/fox/cls/clsViewf047.html]
[class.foxconnect.kr/fox/cls/clsViewdb19.html]
[class.foxconnect.kr/fox/cls/clsView0bcd.html]
[class.foxconnect.kr/fox/cls/clsViewa667.html]
[class.foxconnect.kr/fox/cls/clsView1f22.html]
[class.foxconnect.kr/fox/cls/clsView446a.html]
[class.foxconnect.kr/fox/cls/clsView68a3.html]
[class.foxconnect.kr/fox/cls/clsViewbc11.html]
[class.foxconnect.kr/fox/cls/clsView756f.html]
[class.foxconnect.kr/fox/cls/clsView677a.html]
[class.foxconnect.kr/fox/cls/clsView74df.html]
[class.foxconnect.kr/fox/cls/clsViewb929.html]
[class.foxconnect.kr/fox/cls/clsView99a3.html]
[class.foxconnect.kr/fox/cls/clsView467b.html]
[class.foxconnect.kr/fox/cls/clsView2415.html]
[class.foxconnect.kr/fox/cls/clsViewa8c8.html]
[class.foxconnect.kr/fox/cls/clsView8fca.html]
[class.foxconnect.kr/fox/cls/clsView49eb.html]
[class.foxconnect.kr/fox/cls/clsView5f78.html]
[class.foxconnect.kr/fox/cls/clsView8b3e.html]
[class.foxconnect.kr/fox/cls/clsView78fd.html]
[class.foxconnect.kr/fox/cls/clsView7aae.html]
[class.foxconnect.kr/fox/cls/clsView6c18.html]
[class.foxconnect.kr/fox/cls/clsView356f.html]
[class.foxconnect.kr/fox/cls/clsView0531.html]
[class.foxconnect.kr/fox/cls/clsView7447.html]
[class.foxconnect.kr/fox/cls/clsViewca46.html]
[class.foxconnect.kr/fox/cls/clsView16f1.html]
[class.foxconnect.kr/fox/cls/clsView003e.html]
[class.foxconnect.kr/fox/cls/clsViewdab2.html]
[class.foxconnect.kr/fox/cls/clsView2140.html]
[class.foxconnect.kr/fox/cls/clsViewbf6d.html]
[class.foxconnect.kr/fox/cls/clsViewb73d.html]
[class.foxconnect.kr/fox/cls/clsView5473.html]
[class.foxconnect.kr/fox/cls/clsView55cc.html]
[class.foxconnect.kr/fox/cls/clsView9661.html]
[class.foxconnect.kr/fox/cls/clsView8a83.html]
[class.foxconnect.kr/fox/cls/clsViewa3cc.html]
[class.foxconnect.kr/fox/cls/clsView6a9f.html]
[class.foxconnect.kr/fox/cls/clsViewe48e.html]
[class.foxconnect.kr/fox/cls/clsView4d56.html]
[class.foxconnect.kr/fox/cls/clsView98f5.html]
[class.foxconnect.kr/fox/cls/clsViewd2e5.html]
[class.foxconnect.kr/fox/cls/clsView79d4.html]
[class.foxconnect.kr/fox/cls/clsView5a38.html]
[class.foxconnect.kr/fox/cls/clsViewb4b8.html]
[class.foxconnect.kr/fox/cls/clsView4fec.html]
[class.foxconnect.kr/fox/cls/clsViewa023.html]
[class.foxconnect.kr/fox/cls/clsView2796-2.html]
[class.foxconnect.kr/fox/cls/clsViewb63f.html]
[class.foxconnect.kr/fox/cls/clsViewc570.html]
[class.foxconnect.kr/fox/cls/clsView35b9.html]
[class.foxconnect.kr/fox/cls/clsViewab75.html]
[class.foxconnect.kr/fox/cls/clsViewc0e9.html]
[class.foxconnect.kr/fox/cls/clsViewaeb3.html]
[class.foxconnect.kr/fox/cls/clsView3743.html]
[class.foxconnect.kr/fox/cls/clsView8ace.html]
[class.foxconnect.kr/fox/cls/clsViewffdf.html]
[class.foxconnect.kr/fox/cls/clsView69ac.html]
[class.foxconnect.kr/fox/cls/clsView1734.html]
[class.foxconnect.kr/fox/cls/clsView175e.html]
[class.foxconnect.kr/fox/cls/clsView55e9.html]
[class.foxconnect.kr/fox/cls/clsViewf83f.html]
[class.foxconnect.kr/fox/cls/clsViewf39a.html]
[class.foxconnect.kr/fox/cls/clsView88b1.html]
[class.foxconnect.kr/fox/cls/clsView20fb.html]
[class.foxconnect.kr/fox/cls/clsView46c3.html]
[class.foxconnect.kr/fox/cls/clsView283e.html]
[class.foxconnect.kr/fox/cls/clsView06ba.html]
[class.foxconnect.kr/fox/cls/clsViewd15a.html]
[class.foxconnect.kr/fox/cls/clsViewc6bb.html]
[class.foxconnect.kr/fox/cls/clsViewce3f.html]
[class.foxconnect.kr/fox/cls/clsView9980.html]
[class.foxconnect.kr/fox/cls/clsView14a1.html]
[class.foxconnect.kr/fox/cls/clsViewa6a8.html]
[class.foxconnect.kr/fox/cls/clsView2b4a.html]
[class.foxconnect.kr/fox/cls/clsView33f8.html]
[class.foxconnect.kr/fox/cls/clsView88b0.html]
[class.foxconnect.kr/fox/cls/clsViewf336.html]
[class.foxconnect.kr/fox/cls/clsViewe3c6.html]
[class.foxconnect.kr/fox/cls/clsView6e3e.html]
[class.foxconnect.kr/fox/cls/clsView5daf.html]
[class.foxconnect.kr/fox/cls/clsView0ede.html]
[class.foxconnect.kr/fox/cls/clsView8c70.html]
[class.foxconnect.kr/fox/cls/clsView0a6f.html]
[class.foxconnect.kr/fox/cls/clsViewc6c3.html]
[class.foxconnect.kr/fox/cls/clsViewf99b.html]
[class.foxconnect.kr/fox/cls/clsView9aa7.html]
[class.foxconnect.kr/fox/cls/clsViewa2cd.html]
[class.foxconnect.kr/fox/cls/clsView3ba5.html]
[class.foxconnect.kr/fox/cls/clsViewa4f4.html]
[class.foxconnect.kr/fox/cls/clsViewfb8a.html]
[class.foxconnect.kr/fox/cls/clsView4d01.html]
[class.foxconnect.kr/fox/cls/clsViewf525.html]
[class.foxconnect.kr/fox/cls/clsView63be.html]
[class.foxconnect.kr/fox/cls/clsViewdbc8.html]
[class.foxconnect.kr/fox/cls/clsViewddf5.html]
[class.foxconnect.kr/fox/cls/clsView0842.html]
[class.foxconnect.kr/fox/cls/clsViewb32f.html]
[class.foxconnect.kr/fox/cls/clsViewd65a.html]
[class.foxconnect.kr/fox/cls/clsView5c56.html]
[class.foxconnect.kr/fox/cls/clsViewe6fa.html]
[class.foxconnect.kr/fox/cls/clsViewf90a.html]
[class.foxconnect.kr/fox/cls/clsView7b5e.html]
[class.foxconnect.kr/fox/cls/clsViewa88f.html]
[class.foxconnect.kr/fox/cls/clsView540e.html]
[class.foxconnect.kr/fox/cls/clsView0915.html]
[class.foxconnect.kr/fox/cls/clsViewb1cd.html]
[class.foxconnect.kr/fox/cls/clsView4729.html]
[class.foxconnect.kr/fox/cls/clsView0961.html]
[class.foxconnect.kr/fox/cls/clsViewb9a8.html]
[class.foxconnect.kr/fox/cls/clsViewc9eb.html]
[class.foxconnect.kr/fox/cls/clsViewf221.html]
[class.foxconnect.kr/fox/cls/clsView4f8e.html]
[class.foxconnect.kr/fox/cls/clsView08f1.html]
[class.foxconnect.kr/fox/cls/clsView557c.html]
[class.foxconnect.kr/fox/cls/clsView2939.html]
[class.foxconnect.kr/fox/cls/clsView6095.html]
[class.foxconnect.kr/fox/cls/clsViewb78a.html]
[class.foxconnect.kr/fox/cls/clsViewc0da.html]
[class.foxconnect.kr/fox/cls/clsViewd8ec.html]
[class.foxconnect.kr/fox/cls/clsView1e0f.html]
[class.foxconnect.kr/fox/cls/clsViewe708.html]
[class.foxconnect.kr/fox/cls/clsView7eca.html]
[class.foxconnect.kr/fox/cls/clsView775d.html]
[class.foxconnect.kr/fox/cls/clsViewee14.html]
[class.foxconnect.kr/fox/cls/clsView187e.html]
[class.foxconnect.kr/fox/cls/clsViewfa03.html]
[class.foxconnect.kr/fox/cls/clsView09f1.html]
[class.foxconnect.kr/fox/cls/clsView681f.html]
[class.foxconnect.kr/fox/cls/clsView621a.html]
[class.foxconnect.kr/fox/cls/clsView19c2.html]
[class.foxconnect.kr/fox/cls/clsViewa5d6.html]
[class.foxconnect.kr/fox/cls/clsView424c.html]
[class.foxconnect.kr/fox/cls/clsView30c6.html]
[class.foxconnect.kr/fox/cls/clsView2e3b.html]
[class.foxconnect.kr/fox/cls/clsView5e93.html]
[class.foxconnect.kr/fox/cls/clsView4744.html]
[class.foxconnect.kr/fox/cls/clsView7fb0.html]
[class.foxconnect.kr/fox/cls/clsView816c.html]
[class.foxconnect.kr/fox/cls/clsView6ce7.html]
[class.foxconnect.kr/fox/cls/clsView0e64-2.html]
[class.foxconnect.kr/fox/cls/clsView4aa1.html]
[class.foxconnect.kr/fox/cls/clsViewc685.html]
[class.foxconnect.kr/fox/cls/clsView4a59.html]
[class.foxconnect.kr/fox/cls/globalSearchdfa7.html]
[class.foxconnect.kr/fox/cls/clsView4891.html]
[class.foxconnect.kr/contents/CLASS/THUMB/20241224/20241224095335391_thumb_1920x1080.jpg]
[class.foxconnect.kr/fox/cls/clsView25da.html]
[class.foxconnect.kr/contents/CLASS/THUMB/20241224/20241224095349613_thumb_1920x1080.jpg]
[class.foxconnect.kr/fox/cls/clsViewfc48.html]
[class.foxconnect.kr/contents/CLASS/THUMB/20241224/20241224095420732_thumb_1920x1080.jpg]
[class.foxconnect.kr/fox/cls/clsView9f1b.html]
[class.foxconnect.kr/contents/CLASS/THUMB/20241224/20241224095417168_thumb_1920x1080.jpg]
[class.foxconnect.kr/fox/cls/clsVieweb21.html]
[class.foxconnect.kr/contents/CLASS/THUMB/20241224/20241224095447420_thumb_1920x1080.jpg]
[class.foxconnect.kr/fox/cls/clsViewb017.html]
[class.foxconnect.kr/fox/cls/globalSearchaeb7.html]
[class.foxconnect.kr/contents/CLASS/THUMB/20241224/20241224095501324_thumb_1920x1080.jpg]
[class.foxconnect.kr/fox/cls/clsViewb8c5.html]
[class.foxconnect.kr/contents/CLASS/THUMB/20241224/20241224095513152_thumb_1920x1080.jpg]
[class.foxconnect.kr/fox/cls/clsView18d0.html]
[class.foxconnect.kr/contents/CLASS/THUMB/20241224/20241224095542785_thumb_1920x1080.jpg]
[class.foxconnect.kr/fox/cls/clsView806d.html]
[class.foxconnect.kr/contents/CLASS/THUMB/20241224/20241224095539184_thumb_1920x1080.jpg]
[class.foxconnect.kr/fox/cls/clsView564a.html]
[class.foxconnect.kr/contents/CLASS/THUMB/20241224/20241224095614330_thumb_1920x1080.jpg]
[class.foxconnect.kr/fox/cls/clsView04d6.html]
[class.foxconnect.kr/contents/CLASS/THUMB/20241224/20241224095645081_thumb_1920x1080.jpg]
[class.foxconnect.kr/fox/cls/clsView06b0.html]
[class.foxconnect.kr/contents/CLASS/THUMB/20241224/20241224095652305_thumb_1920x1080.jpg]
[class.foxconnect.kr/fox/cls/clsView9648.html]
[class.foxconnect.kr/contents/CLASS/THUMB/20241224/20241224095713442_thumb_1920x1080.jpg]
[class.foxconnect.kr/fox/cls/clsViewcaf3.html]
[class.foxconnect.kr/contents/CLASS/THUMB/20241224/20241224095733227_thumb_1920x1080.jpg]
[class.foxconnect.kr/fox/cls/clsView97b5.html]
[class.foxconnect.kr/contents/CLASS/THUMB/20241224/20241224095811526_thumb_1920x1080.jpg]
[class.foxconnect.kr/fox/cls/clsViewa151.html]
[class.foxconnect.kr/contents/CLASS/THUMB/20241224/20241224095813937_thumb_1920x1080.jpg]
[class.foxconnect.kr/fox/cls/clsView10f0.html]
[class.foxconnect.kr/contents/CLASS/THUMB/20241224/20241224095840137_thumb_1920x1080.jpg]
[class.foxconnect.kr/fox/cls/clsViewb711.html]
[class.foxconnect.kr/contents/CLASS/THUMB/20241224/20241224095900913_thumb_1920x1080.jpg]
[class.foxconnect.kr/fox/cls/clsViewede4.html]
[class.foxconnect.kr/contents/CLASS/THUMB/20241224/20241224095909906_thumb_1920x1080.jpg]
[class.foxconnect.kr/fox/cls/clsViewdb89.html]
[class.foxconnect.kr/contents/CLASS/THUMB/20241224/20241224095939055_thumb_1920x1080.jpg]
[class.foxconnect.kr/fox/cls/clsView06b4.html]
[class.foxconnect.kr/contents/CLASS/THUMB/20241224/20241224095945454_thumb_1920x1080.jpg]
[class.foxconnect.kr/fox/cls/clsViewa885.html]
[class.foxconnect.kr/contents/CLASS/THUMB/20241224/20241224100009536_thumb_1920x1080.jpg]
[class.foxconnect.kr/fox/cls/clsViewbf1a.html]
[class.foxconnect.kr/contents/CLASS/THUMB/20241224/20241224100021602_thumb_1920x1080.jpg]
[class.foxconnect.kr/fox/cls/clsView0af0.html]
[class.foxconnect.kr/contents/CLASS/THUMB/20241224/20241224100036463_thumb_1920x1080.jpg]
[class.foxconnect.kr/fox/cls/clsView9513.html]
[class.foxconnect.kr/contents/CLASS/THUMB/20241224/20241224100101052_thumb_1920x1080.jpg]
[class.foxconnect.kr/fox/cls/clsView2b9b.html]
[class.foxconnect.kr/fox/cls/globalSearch4e0b.html]
[class.foxconnect.kr/contents/CLASS/THUMB/20241224/20241224100105218_thumb_1920x1080.jpg]
[class.foxconnect.kr/fox/cls/clsView0d47.html]
[class.foxconnect.kr/contents/CLASS/THUMB/20241224/20241224100132550_thumb_1920x1080.jpg]
[class.foxconnect.kr/fox/cls/clsView160e.html]
[class.foxconnect.kr/contents/CLASS/THUMB/20241224/20241224100205098_thumb_1920x1080.jpg]
[class.foxconnect.kr/fox/cls/clsView8936.html]
[class.foxconnect.kr/contents/CLASS/THUMB/20241224/20241224100235991_thumb_1920x1080.jpg]
[class.foxconnect.kr/fox/cls/clsView87ce.html]
[class.foxconnect.kr/contents/CLASS/THUMB/20241224/20241224100251291_thumb_1920x1080.jpg]
[class.foxconnect.kr/fox/cls/clsView2a05.html]
[class.foxconnect.kr/contents/CLASS/THUMB/20241224/20241224100329879_thumb_1920x1080.jpg]
[class.foxconnect.kr/fox/cls/clsView7a79.html]
[class.foxconnect.kr/contents/CLASS/THUMB/20241224/20241224100339344_thumb_1920x1080.jpg]
[class.foxconnect.kr/fox/cls/clsView84db.html]
[class.foxconnect.kr/contents/CLASS/THUMB/20241224/20241224100358590_thumb_1920x1080.jpg]
[class.foxconnect.kr/fox/cls/clsView5103.html]
[class.foxconnect.kr/contents/CLASS/THUMB/20241224/20241224100427079_thumb_1920x1080.jpg]
[class.foxconnect.kr/fox/cls/clsView9804.html]
[class.foxconnect.kr/contents/CLASS/THUMB/20241224/20241224100417047_thumb_1920x1080.jpg]
[class.foxconnect.kr/fox/cls/clsView2ed9.html]
[class.foxconnect.kr/contents/CLASS/THUMB/20241224/20241224100500805_thumb_1920x1080.jpg]
[class.foxconnect.kr/fox/cls/clsView8d98-2.html]
[class.foxconnect.kr/contents/CLASS/THUMB/20241224/20241224100504388_thumb_1920x1080.jpg]
[class.foxconnect.kr/fox/cls/clsView72fa.html]
[class.foxconnect.kr/contents/CLASS/THUMB/20241224/20241224100547094_thumb_1920x1080.jpg]
[class.foxconnect.kr/fox/cls/clsView8f97.html]
[class.foxconnect.kr/contents/CLASS/THUMB/20241224/20241224100546640_thumb_1920x1080.jpg]
[class.foxconnect.kr/fox/cls/clsViewaf14.html]
[class.foxconnect.kr/contents/CLASS/THUMB/20241224/20241224100616100_thumb_1920x1080.jpg]
[class.foxconnect.kr/fox/cls/clsViewc625.html]
[class.foxconnect.kr/contents/CLASS/THUMB/20241224/20241224100643859_thumb_1920x1080.jpg]
[class.foxconnect.kr/fox/cls/clsViewc557.html]
[class.foxconnect.kr/contents/CLASS/THUMB/20241224/20241224100644735_thumb_1920x1080.jpg]
[class.foxconnect.kr/fox/cls/clsView50d2.html]
[class.foxconnect.kr/contents/CLASS/THUMB/20241224/20241224100711065_thumb_1920x1080.jpg]
[class.foxconnect.kr/fox/cls/clsView07a1.html]
[class.foxconnect.kr/contents/CLASS/THUMB/20241224/20241224100742518_thumb_1920x1080.jpg]
[class.foxconnect.kr/fox/cls/clsViewd56d-2.html]
[class.foxconnect.kr/contents/CLASS/THUMB/20241224/20241224100811440_thumb_1920x1080.jpg]
[class.foxconnect.kr/fox/cls/clsView75be.html]
[class.foxconnect.kr/contents/CLASS/THUMB/20241224/20241224100839612_thumb_1920x1080.jpg]
[class.foxconnect.kr/fox/cls/globalSearchcded.html]
[class.foxconnect.kr/fox/cls/clsViewe8df.html]
[class.foxconnect.kr/contents/CLASS/THUMB/20241224/20241224100908053_thumb_1920x1080.jpg]
[class.foxconnect.kr/fox/cls/clsViewb957.html]
[class.foxconnect.kr/contents/CLASS/THUMB/20241224/20241224100934970_thumb_1920x1080.jpg]
[class.foxconnect.kr/fox/cls/clsViewafd6.html]
[class.foxconnect.kr/contents/CLASS/THUMB/20241224/20241224101003640_thumb_1920x1080.jpg]
[class.foxconnect.kr/fox/cls/clsViewce8d.html]
[class.foxconnect.kr/contents/CLASS/THUMB/20241224/20241224101041435_thumb_1920x1080.jpg]
[class.foxconnect.kr/fox/cls/clsView456d.html]
[class.foxconnect.kr/contents/CLASS/THUMB/20241224/20241224101134437_thumb_1920x1080.jpg]
[class.foxconnect.kr/fox/cls/clsViewa122.html]
[class.foxconnect.kr/contents/CLASS/THUMB/20241224/20241224101201586_thumb_1920x1080.jpg]
[class.foxconnect.kr/fox/cls/clsView7819.html]
[class.foxconnect.kr/contents/CLASS/THUMB/20241224/20241224100804026_thumb_1920x1080.jpg]
[class.foxconnect.kr/fox/cls/clsView75c8.html]
[class.foxconnect.kr/contents/CLASS/THUMB/20241224/20241224101354228_thumb_1920x1080.jpg]
[class.foxconnect.kr/fox/cls/clsViewdf7c.html]
[class.foxconnect.kr/contents/CLASS/THUMB/20241224/20241224101439468_thumb_1920x1080.jpg]
[class.foxconnect.kr/fox/cls/clsView06a6.html]
[class.foxconnect.kr/contents/CLASS/THUMB/20241224/20241224101431840_thumb_1920x1080.jpg]
[class.foxconnect.kr/fox/cls/clsView0be2.html]
[class.foxconnect.kr/contents/CLASS/THUMB/20241224/20241224101510262_thumb_1920x1080.jpg]
[class.foxconnect.kr/fox/cls/clsViewb9fa.html]
[class.foxconnect.kr/contents/CLASS/THUMB/20241224/20241224101540416_thumb_1920x1080.jpg]
[class.foxconnect.kr/fox/cls/clsView3f5a.html]
[class.foxconnect.kr/contents/CLASS/THUMB/20241224/20241224101617572_thumb_1920x1080.jpg]
[class.foxconnect.kr/fox/cls/clsViewf981.html]
[class.foxconnect.kr/contents/CLASS/THUMB/20241224/20241224101806876_thumb_1920x1080.jpg]
[class.foxconnect.kr/fox/cls/clsView44f6.html]
[class.foxconnect.kr/contents/CLASS/THUMB/20241224/20241224101834152_thumb_1920x1080.jpg]
[class.foxconnect.kr/fox/cls/clsView2d5d.html]
[class.foxconnect.kr/contents/CLASS/THUMB/20241224/20241224101901390_thumb_1920x1080.jpg]
[class.foxconnect.kr/fox/cls/clsView1e8d.html]
[class.foxconnect.kr/contents/CLASS/THUMB/20241224/20241224101854282_thumb_1920x1080.jpg]
[class.foxconnect.kr/fox/cls/clsView5336.html]
[class.foxconnect.kr/contents/CLASS/THUMB/20241224/20241224101926610_thumb_1920x1080.jpg]
[class.foxconnect.kr/fox/cls/clsViewdbb6.html]
[class.foxconnect.kr/contents/CLASS/THUMB/20241224/20241224101948735_thumb_1920x1080.jpg]
[class.foxconnect.kr/fox/cls/clsViewef31.html]
[class.foxconnect.kr/fox/cls/globalSearch1aa6.html]
[class.foxconnect.kr/contents/CLASS/THUMB/20241224/20241224102007512_thumb_1920x1080.jpg]
[class.foxconnect.kr/fox/cls/clsView2db9.html]
[class.foxconnect.kr/contents/CLASS/THUMB/20241224/20241224102036638_thumb_1920x1080.jpg]
[class.foxconnect.kr/fox/cls/clsView9e91.html]
[class.foxconnect.kr/contents/CLASS/THUMB/20241224/20241224102049723_thumb_1920x1080.jpg]
[class.foxconnect.kr/fox/cls/clsView7a15.html]
[class.foxconnect.kr/contents/CLASS/THUMB/20241224/20241224102101594_thumb_1920x1080.jpg]
[class.foxconnect.kr/fox/cls/clsView9f7d-2.html]
[class.foxconnect.kr/contents/CLASS/THUMB/20241224/20241224102129378_thumb_1920x1080.jpg]
[class.foxconnect.kr/fox/cls/clsViewc4a9.html]
[class.foxconnect.kr/contents/CLASS/THUMB/20241224/20241224102140496_thumb_1920x1080.jpg]
[class.foxconnect.kr/fox/cls/clsView27c7.html]
[class.foxconnect.kr/contents/CLASS/THUMB/20241224/20241224102159211_thumb_1920x1080.jpg]
[class.foxconnect.kr/fox/cls/clsViewaaa4.html]
[class.foxconnect.kr/contents/CLASS/THUMB/20241224/20241224102228825_thumb_1920x1080.jpg]
[class.foxconnect.kr/fox/cls/clsViewc9bc.html]
[class.foxconnect.kr/contents/CLASS/THUMB/20241224/20241224102221781_thumb_1920x1080.jpg]
[class.foxconnect.kr/fox/cls/clsView31d9.html]
[class.foxconnect.kr/contents/CLASS/THUMB/20241224/20241224102257183_thumb_1920x1080.jpg]
[class.foxconnect.kr/fox/cls/clsView58f8.html]
[class.foxconnect.kr/contents/CLASS/THUMB/20241224/20241224102305730_thumb_1920x1080.jpg]
[class.foxconnect.kr/fox/cls/clsViewc444.html]
[class.foxconnect.kr/contents/CLASS/THUMB/20241224/20241224102323285_thumb_1920x1080.jpg]
[class.foxconnect.kr/fox/cls/clsViewf31f.html]
[class.foxconnect.kr/contents/CLASS/THUMB/20241224/20241224102350766_thumb_1920x1080.jpg]
[class.foxconnect.kr/fox/cls/clsViewe9c7.html]
[class.foxconnect.kr/contents/CLASS/THUMB/20241224/20241224102405094_thumb_1920x1080.jpg]
[class.foxconnect.kr/fox/cls/clsView3884.html]
[class.foxconnect.kr/contents/CLASS/THUMB/20241224/20241224102420191_thumb_1920x1080.jpg]
[class.foxconnect.kr/fox/cls/clsViewf0c4.html]
[class.foxconnect.kr/contents/CLASS/THUMB/20241224/20241224102447530_thumb_1920x1080.jpg]
[class.foxconnect.kr/fox/cls/clsViewe97c.html]
[class.foxconnect.kr/contents/CLASS/THUMB/20241224/20241224102441186_thumb_1920x1080.jpg]
[class.foxconnect.kr/fox/cls/clsViewa9d3.html]
[class.foxconnect.kr/contents/CLASS/THUMB/20241224/20241224102513449_thumb_1920x1080.jpg]
[class.foxconnect.kr/fox/cls/clsView8853.html]
[class.foxconnect.kr/contents/CLASS/THUMB/20241224/20241224102519541_thumb_1920x1080.jpg]
[class.foxconnect.kr/fox/cls/clsView3ce5.html]
[class.foxconnect.kr/contents/CLASS/THUMB/20241224/20241224102541363_thumb_1920x1080.jpg]
[class.foxconnect.kr/fox/cls/clsView5edf.html]
[class.foxconnect.kr/fox/cls/globalSearchebdd.html]
[class.foxconnect.kr/contents/CLASS/THUMB/20241224/20241224102602828_thumb_1920x1080.jpg]
[class.foxconnect.kr/fox/cls/clsView8ac2.html]
[class.foxconnect.kr/contents/CLASS/THUMB/20241224/20241224102623950_thumb_1920x1080.jpg]
[class.foxconnect.kr/fox/cls/clsView135b.html]
[class.foxconnect.kr/contents/CLASS/THUMB/20241224/20241224102650913_thumb_1920x1080.jpg]
[class.foxconnect.kr/fox/cls/clsView3b88.html]
[class.foxconnect.kr/contents/CLASS/THUMB/20241224/20241224102643903_thumb_1920x1080.jpg]
[class.foxconnect.kr/fox/cls/clsView26bd.html]
[class.foxconnect.kr/contents/CLASS/THUMB/20241224/20241224102721033_thumb_1920x1080.jpg]
[class.foxconnect.kr/fox/cls/clsView03dc.html]
[class.foxconnect.kr/contents/CLASS/THUMB/20241224/20241224102722923_thumb_1920x1080.jpg]
[class.foxconnect.kr/fox/cls/clsView54a2.html]
[class.foxconnect.kr/contents/CLASS/THUMB/20241224/20241224102748671_thumb_1920x1080.jpg]
[class.foxconnect.kr/fox/cls/clsViewf307.html]
[class.foxconnect.kr/contents/CLASS/THUMB/20241224/20241224102815415_thumb_1920x1080.jpg]
[class.foxconnect.kr/fox/cls/clsViewcd08.html]
[class.foxconnect.kr/contents/CLASS/THUMB/20241224/20241224103336416_thumb_1920x1080.jpg]
[class.foxconnect.kr/fox/cls/clsView85fa.html]
[class.foxconnect.kr/contents/CLASS/THUMB/20241224/20241224103741857_thumb_1920x1080.jpg]
[class.foxconnect.kr/fox/cls/clsView1133.html]
[class.foxconnect.kr/contents/CLASS/THUMB/20241224/20241224103821723_thumb_1920x1080.jpg]
[class.foxconnect.kr/fox/cls/clsView63e4.html]
[class.foxconnect.kr/contents/CLASS/THUMB/20241224/20241224103904626_thumb_1920x1080.jpg]
[class.foxconnect.kr/fox/cls/clsViewd3ce.html]
[class.foxconnect.kr/contents/CLASS/THUMB/20241224/20241224103944347_thumb_1920x1080.jpg]
[class.foxconnect.kr/fox/cls/clsView873e.html]
[class.foxconnect.kr/contents/CLASS/THUMB/20241224/20241224104024239_thumb_1920x1080.jpg]
[class.foxconnect.kr/fox/cls/clsViewba87.html]
[class.foxconnect.kr/contents/CLASS/THUMB/20241224/20241224104101237_thumb_1920x1080.jpg]
[class.foxconnect.kr/fox/cls/clsView974b.html]
[class.foxconnect.kr/contents/CLASS/THUMB/20241224/20241224104146803_thumb_1920x1080.jpg]
[class.foxconnect.kr/fox/cls/clsViewf8b1.html]
[class.foxconnect.kr/contents/CLASS/THUMB/20241224/20241224104236003_thumb_1920x1080.jpg]
[class.foxconnect.kr/fox/cls/clsView128c.html]
[class.foxconnect.kr/contents/CLASS/THUMB/20241224/20241224104316889_thumb_1920x1080.jpg]
[class.foxconnect.kr/fox/cls/clsView15f3.html]
[class.foxconnect.kr/contents/CLASS/THUMB/20250205/20250205013526244_thumb_1920x1080.jpg]
[class.foxconnect.kr/fox/cls/clsViewf88a.html]
[class.foxconnect.kr/contents/CLASS/THUMB/20250415/20250415035847463_thumb_1920x1080.jpg]
[class.foxconnect.kr/fox/cls/clsView16a2.html]
[class.foxconnect.kr/fox/cls/globalSearch0abd.html]
[class.foxconnect.kr/contents/CLASS/THUMB/20250415/20250415040831963_thumb_1920x1080.jpg]
[class.foxconnect.kr/fox/cls/clsView5c6a.html]
[class.foxconnect.kr/contents/CLASS/THUMB/20250415/20250415041815175_thumb_1920x1080.jpg]
[class.foxconnect.kr/fox/cls/clsViewe3d2.html]
[class.foxconnect.kr/contents/CLASS/THUMB/20250415/20250415042106394_thumb_1920x1080.jpg]
[class.foxconnect.kr/fox/cls/clsViewe036.html]
[class.foxconnect.kr/contents/CLASS/THUMB/20250415/20250415043150384_thumb_1920x1080.jpg]
[class.foxconnect.kr/fox/cls/clsView42fa.html]
[class.foxconnect.kr/contents/CLASS/THUMB/20250415/20250415044304956_thumb_1920x1080.jpg]
[class.foxconnect.kr/fox/cls/clsViewaff9.html]
[class.foxconnect.kr/contents/CLASS/THUMB/20250415/20250415044834428_thumb_1920x1080.jpg]
[class.foxconnect.kr/fox/cls/clsViewea29.html]
[class.foxconnect.kr/contents/CLASS/THUMB/20250415/20250415045245203_thumb_1920x1080.jpg]
[class.foxconnect.kr/fox/cls/clsViewab4a.html]
[class.foxconnect.kr/contents/CLASS/THUMB/20250415/20250415045555694_thumb_1920x1080.jpg]
[class.foxconnect.kr/fox/cls/clsView2b3b.html]
[class.foxconnect.kr/contents/CLASS/THUMB/20250415/20250415052944969_thumb_1920x1080.jpg]
[class.foxconnect.kr/fox/cls/clsViewd982.html]
[class.foxconnect.kr/contents/CLASS/THUMB/20250416/20250416024452488_thumb_1920x1080.jpg]
[class.foxconnect.kr/fox/cls/clsViewd76b.html]
[class.foxconnect.kr/contents/CLASS/THUMB/20250416/20250416024521069_thumb_1920x1080.jpg]
[class.foxconnect.kr/fox/cls/clsViewdd47.html]
[class.foxconnect.kr/contents/CLASS/THUMB/20250416/20250416024508670_thumb_1920x1080.jpg]
[class.foxconnect.kr/fox/cls/clsViewf2ea.html]
[class.foxconnect.kr/contents/CLASS/THUMB/20250416/20250416034928052_thumb_1920x1080.jpg]
[class.foxconnect.kr/fox/cls/clsView2147.html]
[class.foxconnect.kr/contents/CLASS/THUMB/20250416/20250416034913491_thumb_1920x1080.jpg]
[class.foxconnect.kr/fox/cls/clsView664d.html]
[class.foxconnect.kr/contents/CLASS/THUMB/20250416/20250416034900909_thumb_1920x1080.jpg]
[class.foxconnect.kr/fox/cls/clsView5ceb.html]
[class.foxconnect.kr/contents/CLASS/THUMB/20250416/20250416034846374_thumb_1920x1080.jpg]
[class.foxconnect.kr/fox/cls/clsView96b8.html]
[class.foxconnect.kr/contents/CLASS/THUMB/20250416/20250416034825212_thumb_1920x1080.jpg]
[class.foxconnect.kr/fox/cls/clsViewacd1.html]
[class.foxconnect.kr/contents/CLASS/THUMB/20250416/20250416044850760_thumb_1920x1080.jpg]
[class.foxconnect.kr/fox/cls/clsView46c0.html]
[class.foxconnect.kr/contents/CLASS/THUMB/20250416/20250416044839401_thumb_1920x1080.jpg]
[class.foxconnect.kr/fox/cls/clsView0245.html]
[class.foxconnect.kr/contents/CLASS/THUMB/20250416/20250416044825155_thumb_1920x1080.jpg]
[class.foxconnect.kr/fox/cls/clsView2a1d.html]
[class.foxconnect.kr/fox/cls/globalSearch3c05.html]
[class.foxconnect.kr/contents/CLASS/THUMB/20250416/20250416044809987_thumb_1920x1080.jpg]
[class.foxconnect.kr/fox/cls/clsViewce8b.html]
[class.foxconnect.kr/contents/CLASS/THUMB/20250417/20250417094148122_thumb_1920x1080.jpg]
[class.foxconnect.kr/fox/cls/clsViewa5f0.html]
[class.foxconnect.kr/contents/CLASS/THUMB/20250417/20250417094617385_thumb_1920x1080.jpg]
[class.foxconnect.kr/fox/cls/clsView85c3.html]
[class.foxconnect.kr/contents/CLASS/THUMB/20250417/20250417094902194_thumb_1920x1080.jpg]
[class.foxconnect.kr/fox/cls/clsView52b5.html]
[class.foxconnect.kr/contents/CLASS/THUMB/20250417/20250417101031256_thumb_1920x1080.jpg]
[class.foxconnect.kr/fox/cls/clsView80dd.html]
[class.foxconnect.kr/contents/CLASS/THUMB/20250417/20250417101302400_thumb_1920x1080.jpg]
[class.foxconnect.kr/fox/cls/clsView9331.html]
[class.foxconnect.kr/contents/CLASS/THUMB/20250417/20250417102101266_thumb_1920x1080.jpg]
[class.foxconnect.kr/fox/cls/clsView3414.html]
[class.foxconnect.kr/contents/CLASS/THUMB/20250417/20250417102635469_thumb_1920x1080.jpg]
[class.foxconnect.kr/fox/cls/clsView30ec.html]
[class.foxconnect.kr/contents/CLASS/THUMB/20250417/20250417103046970_thumb_1920x1080.jpg]
[class.foxconnect.kr/fox/cls/clsView555a.html]
[class.foxconnect.kr/contents/CLASS/THUMB/20250417/20250417103229710_thumb_1920x1080.jpg]
[class.foxconnect.kr/fox/cls/clsView0779.html]
[class.foxconnect.kr/contents/CLASS/THUMB/20250417/20250417103857248_thumb_1920x1080.jpg]
[class.foxconnect.kr/fox/cls/clsViewd8c6.html]
[class.foxconnect.kr/contents/CLASS/THUMB/20250417/20250417104316959_thumb_1920x1080.jpg]
[class.foxconnect.kr/fox/cls/clsView312c.html]
[class.foxconnect.kr/contents/CLASS/THUMB/20250417/20250417104724697_thumb_1920x1080.jpg]
[class.foxconnect.kr/fox/cls/clsView7239.html]
[class.foxconnect.kr/contents/CLASS/THUMB/20250417/20250417105000537_thumb_1920x1080.jpg]
[class.foxconnect.kr/fox/cls/clsView6e26.html]
[class.foxconnect.kr/contents/CLASS/THUMB/20250417/20250417105503890_thumb_1920x1080.jpg]
[class.foxconnect.kr/fox/cls/clsView08ed.html]
[class.foxconnect.kr/contents/CLASS/THUMB/20250417/20250417105814091_thumb_1920x1080.jpg]
[class.foxconnect.kr/fox/cls/clsView0fa3.html]
[class.foxconnect.kr/contents/CLASS/THUMB/20250417/20250417024900761_thumb_1920x1080.jpg]
[class.foxconnect.kr/fox/cls/clsViewbbf5.html]
[class.foxconnect.kr/contents/CLASS/THUMB/20250417/20250417024948079_thumb_1920x1080.jpg]
[class.foxconnect.kr/fox/cls/clsView0998.html]
[class.foxconnect.kr/contents/CLASS/THUMB/20250417/20250417025001635_thumb_1920x1080.jpg]
[class.foxconnect.kr/fox/cls/clsView40a3.html]
[class.foxconnect.kr/contents/CLASS/THUMB/20250417/20250417024935447_thumb_1920x1080.jpg]
[class.foxconnect.kr/fox/cls/clsView77a9.html]
[class.foxconnect.kr/contents/CLASS/THUMB/20250417/20250417024920130_thumb_1920x1080.jpg]
[class.foxconnect.kr/fox/cls/globalSearchb581.html]
[class.foxconnect.kr/fox/cls/clsViewd7d8.html]
[class.foxconnect.kr/contents/CLASS/THUMB/20250417/20250417025535597_thumb_1920x1080.jpg]
[class.foxconnect.kr/fox/cls/clsViewcd48.html]
[class.foxconnect.kr/contents/CLASS/THUMB/20250417/20250417031359003_thumb_1920x1080.jpg]
[class.foxconnect.kr/fox/cls/clsViewe1c9-2.html]
[class.foxconnect.kr/contents/CLASS/THUMB/20250417/20250417031348225_thumb_1920x1080.jpg]
[class.foxconnect.kr/fox/cls/clsView5e8a.html]
[class.foxconnect.kr/contents/CLASS/THUMB/20250417/20250417042550429_thumb_1920x1080.jpg]
[class.foxconnect.kr/fox/cls/clsViewdbc3.html]
[class.foxconnect.kr/contents/CLASS/THUMB/20250417/20250417042537083_thumb_1920x1080.jpg]
[class.foxconnect.kr/fox/cls/clsView2450.html]
[class.foxconnect.kr/contents/CLASS/THUMB/20250417/20250417042525167_thumb_1920x1080.jpg]
[class.foxconnect.kr/fox/cls/clsView3eea.html]
[class.foxconnect.kr/contents/CLASS/THUMB/20250417/20250417043907361_thumb_1920x1080.jpg]
[class.foxconnect.kr/fox/cls/clsView46e5.html]
[class.foxconnect.kr/contents/CLASS/THUMB/20240503/20240503094127292_thumb_1920x1080.jpg]
[class.foxconnect.kr/fox/cls/clsView3ad9.html]
[class.foxconnect.kr/contents/CLASS/THUMB/20240503/20240503093944480_thumb_1920x1080.jpg]
[class.foxconnect.kr/fox/cls/clsView01e1.html]
[class.foxconnect.kr/contents/CLASS/THUMB/20231207/20231207085031287_thumb_1920x1080.jpg]
[class.foxconnect.kr/fox/cls/clsViewe29b.html]
[class.foxconnect.kr/contents/CLASS/THUMB/20231207/20231207082042704_thumb_1920x1080.jpg]
[class.foxconnect.kr/fox/cls/clsViewd75c.html]
[class.foxconnect.kr/contents/CLASS/THUMB/20231207/20231207054633446_thumb_1920x1080.jpg]
[class.foxconnect.kr/fox/cls/clsView8ef0.html]
[class.foxconnect.kr/contents/CLASS/THUMB/20231207/20231207051312707_thumb_1920x1080.jpg]
[class.foxconnect.kr/fox/cls/clsViewd223.html]
[class.foxconnect.kr/contents/CLASS/THUMB/20231205/20231205093023639_thumb_1920x1080.jpg]
[class.foxconnect.kr/fox/cls/clsView0f90.html]
[class.foxconnect.kr/contents/CLASS/THUMB/20231205/20231205083915945_thumb_1920x1080.jpg]
[class.foxconnect.kr/fox/cls/clsViewc85c-2.html]
[class.foxconnect.kr/contents/CLASS/THUMB/20231205/20231205082234789_thumb_1920x1080.jpg]
[class.foxconnect.kr/fox/cls/clsViewa2fe.html]
[class.foxconnect.kr/contents/CLASS/THUMB/20231204/20231204021401135_thumb_1920x1080.jpg]
[class.foxconnect.kr/fox/cls/clsView559e.html]
[class.foxconnect.kr/contents/CLASS/THUMB/20231204/20231204100843660_thumb_1920x1080.jpg]
[class.foxconnect.kr/fox/cls/clsView845e.html]
[class.foxconnect.kr/contents/CLASS/THUMB/20231126/20231126075726441_thumb_1920x1080.jpg]
[class.foxconnect.kr/fox/cls/clsViewc2b3.html]
[class.foxconnect.kr/contents/CLASS/THUMB/20231126/20231126074151898_thumb_1920x1080.jpg]
[class.foxconnect.kr/fox/cls/globalSearchf626.html]
[class.foxconnect.kr/fox/cls/globalSearch60fa.html]
[class.foxconnect.kr/fox/cls/globalSearchfa65.html]
[class.foxconnect.kr/fox/cls/globalSearchfe83.html]
[class.foxconnect.kr/fox/cls/globalSearchae75.html]
[class.foxconnect.kr/fox/cls/globalSearch346d.html]
[class.foxconnect.kr/fox/cls/globalSearchcd8a.html]
[class.foxconnect.kr/fox/cls/globalSearch423f.html]
[class.foxconnect.kr/fox/cls/globalSearch66b3.html]
[class.foxconnect.kr/fox/cls/globalSearch71eb.html]
[class.foxconnect.kr/fox/cls/globalSearche007.html]
[class.foxconnect.kr/fox/cls/clsViewa76e.html]
[class.foxconnect.kr/fox/cls/clsView2ded.html]
[class.foxconnect.kr/fox/cls/clsView0f6d.html]
[class.foxconnect.kr/fox/cls/clsViewa448.html]
[class.foxconnect.kr/fox/cls/clsView7ae4.html]
[class.foxconnect.kr/fox/cls/clsViewd813.html]
[class.foxconnect.kr/fox/cls/clsView878b.html]
[class.foxconnect.kr/fox/cls/clsView1f26.html]
[class.foxconnect.kr/fox/cls/clsViewa1c8.html]
[class.foxconnect.kr/fox/cls/clsView181e.html]
[class.foxconnect.kr/fox/cls/clsView42f9.html]
[class.foxconnect.kr/fox/cls/clsView1f5c.html]
[class.foxconnect.kr/fox/cls/clsViewac3e.html]
[class.foxconnect.kr/fox/cls/clsView92a8.html]
[class.foxconnect.kr/fox/cls/clsViewe659.html]
[class.foxconnect.kr/fox/cls/clsViewc5c2.html]
[class.foxconnect.kr/fox/cls/clsViewefb7.html]
[class.foxconnect.kr/fox/cls/clsView1b8d.html]
[class.foxconnect.kr/fox/cls/clsViewa465.html]
[class.foxconnect.kr/fox/cls/clsView96c1.html]
[class.foxconnect.kr/fox/cls/clsView9c5f.html]
[class.foxconnect.kr/contents/CLASS/THUMB/20240805/20240805093822619_thumb_1920x1080.jpg]
[class.foxconnect.kr/fox/cls/clsView22b9.html]
[class.foxconnect.kr/contents/CLASS/THUMB/20240805/20240805094124622_thumb_1920x1080.jpg]
[class.foxconnect.kr/fox/cls/clsViewf1b3.html]
[class.foxconnect.kr/contents/CLASS/THUMB/20240805/20240805095049713_thumb_1920x1080.jpg]
[class.foxconnect.kr/fox/cls/clsView3691.html]
[class.foxconnect.kr/contents/CLASS/THUMB/20240805/20240805095306455_thumb_1920x1080.jpg]
[class.foxconnect.kr/fox/cls/clsView0e7d.html]
[class.foxconnect.kr/contents/CLASS/THUMB/20240805/20240805095528417_thumb_1920x1080.jpg]
[class.foxconnect.kr/fox/cls/clsView412b.html]
[class.foxconnect.kr/contents/CLASS/THUMB/20240805/20240805095834430_thumb_1920x1080.jpg]
[class.foxconnect.kr/fox/cls/clsView91bb.html]
[class.foxconnect.kr/contents/CLASS/THUMB/20240805/20240805102024681_thumb_1920x1080.jpg]
[class.foxconnect.kr/fox/cls/clsView3530.html]
[class.foxconnect.kr/contents/CLASS/THUMB/20240805/20240805102259738_thumb_1920x1080.jpg]
[class.foxconnect.kr/fox/cls/clsView498b.html]
[class.foxconnect.kr/contents/CLASS/THUMB/20240805/20240805102805394_thumb_1920x1080.jpg]
[class.foxconnect.kr/fox/cls/clsViewb2f1.html]
[class.foxconnect.kr/contents/CLASS/THUMB/20240805/20240805102843764_thumb_1920x1080.jpg]
[class.foxconnect.kr/fox/cls/clsView1a97.html]
[class.foxconnect.kr/contents/CLASS/THUMB/20240805/20240805103148138_thumb_1920x1080.jpg]
[class.foxconnect.kr/fox/cls/clsView46e5-2.html]
[class.foxconnect.kr/contents/CLASS/THUMB/20240805/20240805103443052_thumb_1920x1080.jpg]
[class.foxconnect.kr/fox/cls/clsView8f14.html]
[class.foxconnect.kr/contents/CLASS/THUMB/20240805/20240805124001245_thumb_1920x1080.jpg]
[class.foxconnect.kr/fox/cls/clsView5118.html]
[class.foxconnect.kr/contents/CLASS/THUMB/20240805/20240805103735733_thumb_1920x1080.jpg]
[class.foxconnect.kr/fox/cls/clsViewe6c6.html]
[class.foxconnect.kr/contents/CLASS/THUMB/20240805/20240805103958958_thumb_1920x1080.jpg]
[class.foxconnect.kr/fox/cls/clsViewfe96.html]
[class.foxconnect.kr/contents/CLASS/THUMB/20240805/20240805104153354_thumb_1920x1080.jpg]
[class.foxconnect.kr/fox/cls/clsViewf66f.html]
[class.foxconnect.kr/contents/CLASS/THUMB/20240805/20240805104320771_thumb_1920x1080.jpg]
[class.foxconnect.kr/fox/cls/clsView1759.html]
[class.foxconnect.kr/contents/CLASS/THUMB/20240805/20240805104519007_thumb_1920x1080.jpg]
[class.foxconnect.kr/fox/cls/globalSearch03f9.html]
[class.foxconnect.kr/fox/cls/globalSearchd933.html]
[class.foxconnect.kr/fox/cls/globalSearch8247.html]
[class.foxconnect.kr/fox/cls/globalSearch48d1.html]
[class.foxconnect.kr/fox/cls/globalSearch2ced.html]
[class.foxconnect.kr/fox/cls/globalSearch76cd.html]
[class.foxconnect.kr/fox/cls/globalSearch0d93.html]
[class.foxconnect.kr/fox/cls/globalSearch536c.html]
[class.foxconnect.kr/fox/cls/globalSearch2859.html]
[class.foxconnect.kr/fox/cls/globalSearchd358.html]
[class.foxconnect.kr/fox/cls/globalSearchab59.html]
[class.foxconnect.kr/fox/cls/clsView8aef.html]
[class.foxconnect.kr/contents/CLASS/THUMB/20240805/20240805104830608_thumb_1920x1080.jpg]
[class.foxconnect.kr/fox/cls/clsViewda10.html]
[class.foxconnect.kr/contents/CLASS/THUMB/20240805/20240805105039963_thumb_1920x1080.jpg]
[class.foxconnect.kr/fox/cls/clsViewcc26.html]
[class.foxconnect.kr/contents/CLASS/THUMB/20240805/20240805111831578_thumb_1920x1080.jpg]
[class.foxconnect.kr/fox/cls/clsView7848.html]
[class.foxconnect.kr/contents/CLASS/THUMB/20240805/20240805112524461_thumb_1920x1080.jpg]
[class.foxconnect.kr/fox/cls/clsViewdbd5.html]
[class.foxconnect.kr/contents/CLASS/THUMB/20240805/20240805123630789_thumb_1920x1080.jpg]
[class.foxconnect.kr/fox/cls/clsViewb47b.html]
[class.foxconnect.kr/contents/CLASS/THUMB/20240806/20240806090746470_thumb_1920x1080.jpg]
[class.foxconnect.kr/fox/cls/clsView19f1.html]
[class.foxconnect.kr/contents/CLASS/THUMB/20240806/20240806091638655_thumb_1920x1080.jpg]
[class.foxconnect.kr/fox/cls/clsView462f.html]
[class.foxconnect.kr/contents/CLASS/THUMB/20240806/20240806102838682_thumb_1920x1080.jpg]
[class.foxconnect.kr/fox/cls/clsViewdf74.html]
[class.foxconnect.kr/contents/CLASS/THUMB/20240807/20240807094241741_thumb_1920x1080.jpg]
[class.foxconnect.kr/fox/cls/clsView2712.html]
[class.foxconnect.kr/contents/CLASS/THUMB/20240807/20240807102920777_thumb_1920x1080.jpg]
[class.foxconnect.kr/fox/cls/clsView2ab8.html]
[class.foxconnect.kr/contents/CLASS/THUMB/20240808/20240808090457545_thumb_1920x1080.jpg]
[class.foxconnect.kr/fox/cls/clsView9637.html]
[class.foxconnect.kr/contents/CLASS/THUMB/20240808/20240808101224426_thumb_1920x1080.jpg]
[class.foxconnect.kr/fox/cls/clsViewbdf9-2.html]
[class.foxconnect.kr/contents/CLASS/THUMB/20241212/20241212124939885_thumb_1920x1080.jpg]
[class.foxconnect.kr/fox/cls/clsViewe6ab.html]
[class.foxconnect.kr/contents/CLASS/THUMB/20241212/20241212125423487_thumb_1920x1080.jpg]
[class.foxconnect.kr/fox/cls/clsViewe222.html]
[class.foxconnect.kr/contents/CLASS/THUMB/20241212/20241212125533426_thumb_1920x1080.jpg]
[class.foxconnect.kr/fox/cls/clsView753a.html]
[class.foxconnect.kr/fox/cls/globalSearchdf53.html]
[class.foxconnect.kr/contents/CLASS/THUMB/20241212/20241212125713982_thumb_1920x1080.jpg]
[class.foxconnect.kr/fox/cls/clsView596e.html]
[class.foxconnect.kr/contents/CLASS/THUMB/20241212/20241212125819786_thumb_1920x1080.jpg]
[class.foxconnect.kr/fox/cls/clsView129a.html]
[class.foxconnect.kr/contents/CLASS/THUMB/20241212/20241212125904745_thumb_1920x1080.jpg]
[class.foxconnect.kr/fox/cls/clsView9d93.html]
[class.foxconnect.kr/contents/CLASS/THUMB/20241212/20241212125948735_thumb_1920x1080.jpg]
[class.foxconnect.kr/fox/cls/clsView26a9.html]
[class.foxconnect.kr/contents/CLASS/THUMB/20241212/20241212010042174_thumb_1920x1080.jpg]
[class.foxconnect.kr/fox/cls/clsView1552.html]
[class.foxconnect.kr/contents/CLASS/THUMB/20241212/20241212010127492_thumb_1920x1080.jpg]
[class.foxconnect.kr/fox/cls/clsView7bc4.html]
[class.foxconnect.kr/contents/CLASS/THUMB/20241212/20241212010255862_thumb_1920x1080.jpg]
[class.foxconnect.kr/fox/cls/clsView6d7d-2.html]
[class.foxconnect.kr/contents/CLASS/THUMB/20241212/20241212010516063_thumb_1920x1080.jpg]
[class.foxconnect.kr/fox/cls/clsView9403.html]
[class.foxconnect.kr/contents/CLASS/THUMB/20241212/20241212010610232_thumb_1920x1080.jpg]
[class.foxconnect.kr/fox/cls/clsView51c8.html]
[class.foxconnect.kr/contents/CLASS/THUMB/20241212/20241212010657986_thumb_1920x1080.jpg]
[class.foxconnect.kr/fox/cls/clsView6042.html]
[class.foxconnect.kr/contents/CLASS/THUMB/20241212/20241212010740502_thumb_1920x1080.jpg]
[class.foxconnect.kr/fox/cls/clsView7bd4.html]
[class.foxconnect.kr/contents/CLASS/THUMB/20241212/20241212010824086_thumb_1920x1080.jpg]
[class.foxconnect.kr/fox/cls/clsView9728.html]
[class.foxconnect.kr/contents/CLASS/THUMB/20241212/20241212011125356_thumb_1920x1080.jpg]
[class.foxconnect.kr/fox/cls/clsViewfe98.html]
[class.foxconnect.kr/contents/CLASS/THUMB/20241212/20241212011203887_thumb_1920x1080.jpg]
[class.foxconnect.kr/fox/cls/clsView6955.html]
[class.foxconnect.kr/contents/CLASS/THUMB/20241212/20241212011240632_thumb_1920x1080.jpg]
[class.foxconnect.kr/fox/cls/clsView450d.html]
[class.foxconnect.kr/contents/CLASS/THUMB/20241212/20241212011322395_thumb_1920x1080.jpg]
[class.foxconnect.kr/fox/cls/clsViewccb2.html]
[class.foxconnect.kr/contents/CLASS/THUMB/20241212/20241212011404716_thumb_1920x1080.jpg]
[class.foxconnect.kr/fox/cls/clsViewa666.html]
[class.foxconnect.kr/contents/CLASS/THUMB/20241212/20241212011440652_thumb_1920x1080.jpg]
[class.foxconnect.kr/fox/cls/clsView252a.html]
[class.foxconnect.kr/contents/CLASS/THUMB/20241212/20241212011526921_thumb_1920x1080.jpg]
[class.foxconnect.kr/fox/cls/clsView9444.html]
[class.foxconnect.kr/contents/CLASS/THUMB/20241212/20241212011604711_thumb_1920x1080.jpg]
[class.foxconnect.kr/fox/cls/clsViewf92b.html]
[class.foxconnect.kr/fox/cls/globalSearch870f.html]
[class.foxconnect.kr/contents/CLASS/THUMB/20241212/20241212011644890_thumb_1920x1080.jpg]
[class.foxconnect.kr/fox/cls/clsView6540.html]
[class.foxconnect.kr/contents/CLASS/THUMB/20241212/20241212011724573_thumb_1920x1080.jpg]
[class.foxconnect.kr/fox/cls/clsViewe1ef.html]
[class.foxconnect.kr/contents/CLASS/THUMB/20241212/20241212011802287_thumb_1920x1080.jpg]
[class.foxconnect.kr/fox/cls/clsView96c5.html]
[class.foxconnect.kr/contents/CLASS/THUMB/20241212/20241212012034553_thumb_1920x1080.jpg]
[class.foxconnect.kr/fox/cls/clsViewe66e.html]
[class.foxconnect.kr/contents/CLASS/THUMB/20241212/20241212012116336_thumb_1920x1080.jpg]
[class.foxconnect.kr/fox/cls/clsView7aa6.html]
[class.foxconnect.kr/contents/CLASS/THUMB/20241212/20241212012154892_thumb_1920x1080.jpg]
[class.foxconnect.kr/fox/cls/clsView0bad.html]
[class.foxconnect.kr/contents/CLASS/THUMB/20241212/20241212012241168_thumb_1920x1080.jpg]
[class.foxconnect.kr/fox/cls/clsViewac8c.html]
[class.foxconnect.kr/contents/CLASS/THUMB/20241212/20241212012321115_thumb_1920x1080.jpg]
[class.foxconnect.kr/fox/cls/clsView8b21-2.html]
[class.foxconnect.kr/contents/CLASS/THUMB/20241212/20241212012448582_thumb_1920x1080.jpg]
[class.foxconnect.kr/fox/cls/clsView0822.html]
[class.foxconnect.kr/contents/CLASS/THUMB/20241212/20241212012546694_thumb_1920x1080.jpg]
[class.foxconnect.kr/fox/cls/clsView5042.html]
[class.foxconnect.kr/contents/CLASS/THUMB/20241212/20241212013003657_thumb_1920x1080.jpg]
[class.foxconnect.kr/fox/cls/clsView9a17.html]
[class.foxconnect.kr/contents/CLASS/THUMB/20241212/20241212013050527_thumb_1920x1080.jpg]
[class.foxconnect.kr/fox/cls/clsView133f.html]
[class.foxconnect.kr/contents/CLASS/THUMB/20241212/20241212013136275_thumb_1920x1080.jpg]
[class.foxconnect.kr/fox/cls/clsViewb04b.html]
[class.foxconnect.kr/contents/CLASS/THUMB/20241212/20241212013216189_thumb_1920x1080.jpg]
[class.foxconnect.kr/fox/cls/clsView1e54.html]
[class.foxconnect.kr/contents/CLASS/THUMB/20241212/20241212013252805_thumb_1920x1080.jpg]
[class.foxconnect.kr/fox/cls/clsViewfa77.html]
[class.foxconnect.kr/contents/CLASS/THUMB/20241212/20241212013328292_thumb_1920x1080.jpg]
[class.foxconnect.kr/fox/cls/clsViewf8dd.html]
[class.foxconnect.kr/contents/CLASS/THUMB/20241212/20241212013405518_thumb_1920x1080.jpg]
[class.foxconnect.kr/fox/cls/clsView55c0.html]
[class.foxconnect.kr/contents/CLASS/THUMB/20241212/20241212013439789_thumb_1920x1080.jpg]
[class.foxconnect.kr/fox/cls/clsView4426.html]
[class.foxconnect.kr/contents/CLASS/THUMB/20241212/20241212013521798_thumb_1920x1080.jpg]
[class.foxconnect.kr/fox/cls/clsViewf248.html]
[class.foxconnect.kr/contents/CLASS/THUMB/20241212/20241212013618717_thumb_1920x1080.jpg]
[class.foxconnect.kr/fox/cls/clsView004a.html]
[class.foxconnect.kr/fox/cls/globalSearchd71e.html]
[class.foxconnect.kr/contents/CLASS/THUMB/20241212/20241212013820607_thumb_1920x1080.jpg]
[class.foxconnect.kr/fox/cls/clsViewbe39.html]
[class.foxconnect.kr/contents/CLASS/THUMB/20241212/20241212013859145_thumb_1920x1080.jpg]
[class.foxconnect.kr/fox/cls/clsView91f0.html]
[class.foxconnect.kr/contents/CLASS/THUMB/20241212/20241212013941633_thumb_1920x1080.jpg]
[class.foxconnect.kr/fox/cls/clsView28a9.html]
[class.foxconnect.kr/contents/CLASS/THUMB/20241212/20241212014016912_thumb_1920x1080.jpg]
[class.foxconnect.kr/fox/cls/clsViewbbf2.html]
[class.foxconnect.kr/contents/CLASS/THUMB/20241212/20241212014054701_thumb_1920x1080.jpg]
[class.foxconnect.kr/fox/cls/clsView1219.html]
[class.foxconnect.kr/contents/CLASS/THUMB/20241212/20241212014146972_thumb_1920x1080.jpg]
[class.foxconnect.kr/fox/cls/clsViewb68d.html]
[class.foxconnect.kr/contents/CLASS/THUMB/20241212/20241212014220792_thumb_1920x1080.jpg]
[class.foxconnect.kr/fox/cls/clsView7a98.html]
[class.foxconnect.kr/contents/CLASS/THUMB/20241212/20241212014303788_thumb_1920x1080.jpg]
[class.foxconnect.kr/fox/cls/clsViewe46d.html]
[class.foxconnect.kr/contents/CLASS/THUMB/20241212/20241212014336714_thumb_1920x1080.jpg]
[class.foxconnect.kr/fox/cls/clsViewd400.html]
[class.foxconnect.kr/contents/CLASS/THUMB/20241212/20241212014409002_thumb_1920x1080.jpg]
[class.foxconnect.kr/fox/cls/clsViewe223.html]
[class.foxconnect.kr/contents/CLASS/THUMB/20241212/20241212014455754_thumb_1920x1080.jpg]
[class.foxconnect.kr/fox/cls/clsView2382.html]
[class.foxconnect.kr/contents/CLASS/THUMB/20241212/20241212014541240_thumb_1920x1080.jpg]
[class.foxconnect.kr/fox/cls/clsView57ab.html]
[class.foxconnect.kr/contents/CLASS/THUMB/20241212/20241212014623948_thumb_1920x1080.jpg]
[class.foxconnect.kr/fox/cls/clsView84e0.html]
[class.foxconnect.kr/contents/CLASS/THUMB/20241212/20241212014914843_thumb_1920x1080.jpg]
[class.foxconnect.kr/fox/cls/clsView2d0c-2.html]
[class.foxconnect.kr/contents/CLASS/THUMB/20241212/20241212015040602_thumb_1920x1080.jpg]
[class.foxconnect.kr/fox/cls/clsView414b.html]
[class.foxconnect.kr/contents/CLASS/THUMB/20241212/20241212020326643_thumb_1920x1080.jpg]
[class.foxconnect.kr/fox/cls/clsView670a.html]
[class.foxconnect.kr/contents/CLASS/THUMB/20241212/20241212020437488_thumb_1920x1080.jpg]
[class.foxconnect.kr/fox/cls/clsView1309.html]
[class.foxconnect.kr/contents/CLASS/THUMB/20241212/20241212020636922_thumb_1920x1080.jpg]
[class.foxconnect.kr/fox/cls/clsViewc26c.html]
[class.foxconnect.kr/contents/CLASS/THUMB/20241212/20241212020725160_thumb_1920x1080.jpg]
[class.foxconnect.kr/fox/cls/clsViewa41d.html]
[class.foxconnect.kr/contents/CLASS/THUMB/20241212/20241212020815801_thumb_1920x1080.jpg]
[class.foxconnect.kr/fox/cls/clsViewf62b.html]
[class.foxconnect.kr/fox/cls/globalSearchad2d.html]
[class.foxconnect.kr/contents/CLASS/THUMB/20241212/20241212020912380_thumb_1920x1080.jpg]
[class.foxconnect.kr/fox/cls/clsView762a.html]
[class.foxconnect.kr/contents/CLASS/THUMB/20241212/20241212021026720_thumb_1920x1080.jpg]
[class.foxconnect.kr/fox/cls/clsView9e3a.html]
[class.foxconnect.kr/contents/CLASS/THUMB/20241212/20241212021124018_thumb_1920x1080.jpg]
[class.foxconnect.kr/fox/cls/clsView7e52.html]
[class.foxconnect.kr/fox/cls/globalSearchd016.html]
[class.foxconnect.kr/contents/CLASS/THUMB/20241212/20241212021204394_thumb_1920x1080.jpg]
[class.foxconnect.kr/fox/cls/globalSearch1281.html]
[class.foxconnect.kr/fox/cls/clsView9bd2.html]
[class.foxconnect.kr/fox/cls/globalSearchabbe.html]
[class.foxconnect.kr/contents/CLASS/THUMB/20241212/20241212032143308_thumb_1920x1080.jpg]
[class.foxconnect.kr/fox/cls/clsView29f7.html]
[class.foxconnect.kr/contents/CLASS/THUMB/20241212/20241212035836699_thumb_1920x1080.jpg]
[class.foxconnect.kr/fox/cls/clsView1ed3.html]
[class.foxconnect.kr/contents/CLASS/THUMB/20241212/20241212035921641_thumb_1920x1080.jpg]
[class.foxconnect.kr/fox/cls/globalSearchd221.html]
[class.foxconnect.kr/fox/cls/globalSearch2c07.html]
[class.foxconnect.kr/fox/cls/clsViewf376.html]
[class.foxconnect.kr/fox/cls/clsViewa303.html]
[class.foxconnect.kr/fox/cls/clsView6e70.html]
[class.foxconnect.kr/fox/cls/clsViewad4a.html]
[class.foxconnect.kr/fox/cls/clsView2c5c.html]
[class.foxconnect.kr/fox/cls/clsView59fc.html]
[class.foxconnect.kr/fox/cls/clsViewa315.html]
[class.foxconnect.kr/fox/cls/clsView04d0.html]
[class.foxconnect.kr/fox/cls/clsViewc388.html]
[class.foxconnect.kr/fox/cls/clsView9771-2.html]
[class.foxconnect.kr/fox/cls/clsView543d.html]
[class.foxconnect.kr/fox/cls/clsView2919.html]
[class.foxconnect.kr/fox/cls/clsView22d6.html]
[class.foxconnect.kr/fox/cls/clsView1c62.html]
[class.foxconnect.kr/fox/cls/clsView52f8.html]
[class.foxconnect.kr/fox/cls/clsView9384.html]
[class.foxconnect.kr/fox/cls/clsViewb894.html]
[class.foxconnect.kr/fox/cls/clsViewf750.html]
[class.foxconnect.kr/fox/cls/clsView8a4d.html]
[class.foxconnect.kr/fox/cls/clsView87c4.html]
[class.foxconnect.kr/fox/cls/clsView5337.html]
[class.foxconnect.kr/fox/cls/clsVieweaf8.html]
[class.foxconnect.kr/fox/cls/clsView0975.html]
[class.foxconnect.kr/fox/cls/clsView4914.html]
[class.foxconnect.kr/fox/cls/clsView5c7f.html]
[class.foxconnect.kr/fox/cls/clsViewb97e.html]
[class.foxconnect.kr/fox/cls/clsView03f1.html]
[class.foxconnect.kr/fox/cls/clsView6677.html]
[class.foxconnect.kr/fox/cls/clsView703d.html]
[class.foxconnect.kr/fox/cls/clsVieweb45.html]
[class.foxconnect.kr/fox/cls/clsViewe6ec.html]
[class.foxconnect.kr/fox/cls/clsViewc5a9.html]
[class.foxconnect.kr/fox/cls/clsView2363.html]
[class.foxconnect.kr/fox/cls/clsView71b6.html]
[class.foxconnect.kr/fox/cls/clsView87dc.html]
[class.foxconnect.kr/fox/cls/clsView529d.html]
[class.foxconnect.kr/fox/cls/clsView97fb.html]
[class.foxconnect.kr/fox/cls/clsViewebd5.html]
[class.foxconnect.kr/fox/cls/clsViewdaf3.html]
[class.foxconnect.kr/fox/cls/clsView427b.html]
[class.foxconnect.kr/fox/cls/clsView6b18.html]
[class.foxconnect.kr/fox/cls/clsView19aa.html]
[class.foxconnect.kr/fox/cls/clsViewafed.html]
[class.foxconnect.kr/fox/cls/clsView4db0.html]
[class.foxconnect.kr/fox/cls/clsView4652.html]
[class.foxconnect.kr/fox/cls/clsViewed78.html]
[class.foxconnect.kr/fox/cls/clsView6dd0.html]
[class.foxconnect.kr/fox/cls/clsVieweceb.html]
[class.foxconnect.kr/fox/cls/clsViewc86b.html]
[class.foxconnect.kr/fox/cls/clsView4bb0.html]
[class.foxconnect.kr/fox/cls/clsView9413.html]
[class.foxconnect.kr/fox/cls/clsView27e5.html]
[class.foxconnect.kr/fox/cls/clsViewac17.html]
[class.foxconnect.kr/fox/cls/clsViewa88e.html]
[class.foxconnect.kr/fox/cls/clsView8720.html]
[class.foxconnect.kr/fox/cls/clsViewa367.html]
[class.foxconnect.kr/fox/cls/clsViewc30a.html]
[class.foxconnect.kr/fox/cls/clsView30d4.html]
[class.foxconnect.kr/fox/cls/clsView58ca.html]
[class.foxconnect.kr/fox/cls/clsViewf768.html]
[class.foxconnect.kr/fox/cls/clsViewca8f.html]
[class.foxconnect.kr/fox/cls/clsViewa2b2.html]
[class.foxconnect.kr/fox/cls/clsView5aec.html]
[class.foxconnect.kr/fox/cls/clsView822a.html]
[class.foxconnect.kr/fox/cls/clsView2257.html]
[class.foxconnect.kr/fox/cls/clsView89fe.html]
[class.foxconnect.kr/fox/cls/clsView3e84.html]
[class.foxconnect.kr/fox/cls/clsView7bcc.html]
[class.foxconnect.kr/fox/cls/clsViewf384.html]
[class.foxconnect.kr/fox/cls/clsView774f.html]
[class.foxconnect.kr/fox/cls/clsView1252.html]
[class.foxconnect.kr/fox/cls/clsView4c5e.html]
[class.foxconnect.kr/fox/cls/clsViewc361.html]
[class.foxconnect.kr/fox/cls/clsView9975.html]
[class.foxconnect.kr/fox/cls/clsViewb8a4.html]
[class.foxconnect.kr/fox/cls/clsViewd2ec.html]
[class.foxconnect.kr/fox/cls/clsViewa2e6.html]
[class.foxconnect.kr/fox/cls/clsView4fbf.html]
[class.foxconnect.kr/fox/cls/clsViewf055.html]
[class.foxconnect.kr/fox/cls/clsViewc2da.html]
[class.foxconnect.kr/fox/cls/clsViewfcba.html]
[class.foxconnect.kr/fox/cls/clsView058c.html]
[class.foxconnect.kr/fox/cls/clsView0672.html]
[class.foxconnect.kr/fox/cls/clsView63e2.html]
[class.foxconnect.kr/fox/cls/clsView22b7.html]
[class.foxconnect.kr/fox/cls/clsView6246.html]
[class.foxconnect.kr/fox/cls/clsViewd56d.html]
[class.foxconnect.kr/fox/cls/clsViewb655.html]
[class.foxconnect.kr/fox/cls/clsView0ac7.html]
[class.foxconnect.kr/fox/cls/clsView63cd.html]
[class.foxconnect.kr/fox/cls/clsView87e8.html]
[class.foxconnect.kr/fox/cls/clsViewe445.html]
[class.foxconnect.kr/fox/cls/clsViewfa4b.html]
[class.foxconnect.kr/fox/cls/clsView8d98.html]
[class.foxconnect.kr/fox/cls/clsView6c38.html]
[class.foxconnect.kr/fox/cls/clsView7558.html]
[class.foxconnect.kr/fox/cls/clsView4573.html]
[class.foxconnect.kr/fox/cls/clsViewa3cf.html]
[class.foxconnect.kr/fox/cls/clsView88e7.html]
[class.foxconnect.kr/fox/cls/clsViewaec0.html]
[class.foxconnect.kr/fox/cls/clsView9d6b.html]
[class.foxconnect.kr/fox/cls/clsView70d1.html]
[class.foxconnect.kr/fox/cls/clsViewb16d.html]
[class.foxconnect.kr/fox/cls/clsViewc31a.html]
[class.foxconnect.kr/fox/cls/clsViewb070.html]
[class.foxconnect.kr/fox/cls/clsViewae02.html]
[class.foxconnect.kr/fox/cls/clsView7324.html]
[class.foxconnect.kr/fox/cls/clsViewbd31.html]
[class.foxconnect.kr/fox/cls/clsView164a.html]
[class.foxconnect.kr/fox/cls/clsView3627.html]
[class.foxconnect.kr/fox/cls/clsView2d4c.html]
[class.foxconnect.kr/fox/cls/clsView2141.html]
[class.foxconnect.kr/fox/cls/clsView6d53.html]
[class.foxconnect.kr/fox/cls/clsView538b.html]
[class.foxconnect.kr/fox/cls/clsView2411.html]
[class.foxconnect.kr/fox/cls/clsViewb242.html]
[class.foxconnect.kr/fox/cls/clsView0d54.html]
[class.foxconnect.kr/fox/cls/clsView0d4d.html]
[class.foxconnect.kr/fox/cls/clsView519f.html]
[class.foxconnect.kr/fox/cls/clsViewc1c2.html]
[class.foxconnect.kr/fox/cls/clsView335c.html]
[class.foxconnect.kr/fox/cls/clsView17a3.html]
[class.foxconnect.kr/fox/cls/clsViewd22a.html]
[class.foxconnect.kr/fox/cls/clsViewc208.html]
[class.foxconnect.kr/fox/cls/clsViewe475.html]
[class.foxconnect.kr/fox/cls/clsViewaad9.html]
[class.foxconnect.kr/fox/cls/clsViewea02.html]
[class.foxconnect.kr/fox/cls/clsView6878.html]
[class.foxconnect.kr/fox/cls/clsView768f.html]
[class.foxconnect.kr/fox/cls/clsView1649.html]
[class.foxconnect.kr/fox/cls/clsView3332.html]
[class.foxconnect.kr/fox/cls/clsView90f0.html]
[class.foxconnect.kr/fox/cls/clsViewf2ad.html]
[class.foxconnect.kr/fox/cls/clsView0bd7.html]
[class.foxconnect.kr/fox/cls/clsView05e2.html]
[class.foxconnect.kr/fox/cls/clsView4eb7.html]
[class.foxconnect.kr/fox/cls/clsViewb4ab.html]
[class.foxconnect.kr/fox/cls/clsView814b.html]
[class.foxconnect.kr/fox/cls/clsView92e9.html]
[class.foxconnect.kr/fox/cls/clsView2db4.html]
[class.foxconnect.kr/fox/cls/clsView62df.html]
[class.foxconnect.kr/fox/cls/clsView876a.html]
[class.foxconnect.kr/fox/cls/clsView4e14.html]
[class.foxconnect.kr/fox/cls/clsViewa018.html]
[class.foxconnect.kr/fox/cls/clsView64f7.html]
[class.foxconnect.kr/fox/cls/clsView0507.html]
[class.foxconnect.kr/fox/cls/clsView781b.html]
[class.foxconnect.kr/fox/cls/clsView670c.html]
[class.foxconnect.kr/fox/cls/clsVieweb7d-2.html]
[class.foxconnect.kr/fox/cls/clsViewccbd.html]
[class.foxconnect.kr/fox/cls/clsViewa5b1.html]
[class.foxconnect.kr/fox/cls/clsViewbb90.html]
[class.foxconnect.kr/fox/cls/clsViewbc6f.html]
[class.foxconnect.kr/fox/cls/clsView074a.html]
[class.foxconnect.kr/fox/cls/clsViewa45b.html]
[class.foxconnect.kr/fox/cls/clsView7a20.html]
[class.foxconnect.kr/fox/cls/clsViewd28e.html]
[class.foxconnect.kr/fox/cls/clsView2308.html]
[class.foxconnect.kr/fox/cls/clsViewcad2.html]
[class.foxconnect.kr/fox/cls/clsViewd363.html]
[class.foxconnect.kr/fox/cls/clsView2d70.html]
[class.foxconnect.kr/fox/cls/clsView57a6.html]
[class.foxconnect.kr/fox/cls/clsView1e94.html]
[class.foxconnect.kr/fox/cls/clsView7dd8.html]
[class.foxconnect.kr/fox/cls/clsView1889.html]
[class.foxconnect.kr/fox/cls/clsView09db.html]
[class.foxconnect.kr/fox/cls/clsView77d0.html]
[class.foxconnect.kr/fox/cls/clsView22e9.html]
[class.foxconnect.kr/fox/cls/clsView3deb.html]
[class.foxconnect.kr/fox/cls/clsView9a72.html]
[class.foxconnect.kr/fox/cls/clsViewa080.html]
[class.foxconnect.kr/fox/cls/clsView4380-2.html]
[class.foxconnect.kr/fox/cls/clsView4528.html]
[class.foxconnect.kr/fox/cls/clsView6f4b.html]
[class.foxconnect.kr/fox/cls/clsViewf8ec.html]
[class.foxconnect.kr/fox/cls/clsViewf759.html]
[class.foxconnect.kr/fox/cls/clsView8a7c.html]
[class.foxconnect.kr/fox/cls/clsView891b.html]
[class.foxconnect.kr/fox/cls/clsView860f.html]
[class.foxconnect.kr/fox/cls/clsView9954.html]
[class.foxconnect.kr/fox/cls/clsView8746.html]
[class.foxconnect.kr/fox/cls/clsViewab94.html]
[class.foxconnect.kr/fox/cls/clsView4f87.html]
[class.foxconnect.kr/fox/cls/clsViewc0e1.html]
[class.foxconnect.kr/fox/cls/globalSearch32f3.html]
[class.foxconnect.kr/fox/cls/globalSearch3720.html]
[class.foxconnect.kr/fox/cls/globalSearch30a5.html]
[class.foxconnect.kr/fox/cls/globalSearch3f8f.html]
[class.foxconnect.kr/fox/cls/globalSearch8794.html]
[class.foxconnect.kr/fox/cls/clsViewf31f-2.html]
[class.foxconnect.kr/contents/CLASS/THUMB/20231126/20231126070218176_thumb_1920x1080.jpg]
[class.foxconnect.kr/fox/cls/clsViewd1fd.html]
[class.foxconnect.kr/contents/CLASS/THUMB/20231203/20231203092126227_thumb_1920x1080.jpg]
[class.foxconnect.kr/fox/cls/clsView0a61.html]
[class.foxconnect.kr/contents/CLASS/THUMB/20231125/20231125093156021_thumb_1920x1080.jpg]
[class.foxconnect.kr/fox/cls/clsViewe849.html]
[class.foxconnect.kr/fox/cls/globalSearch4b7a.html]
[class.foxconnect.kr/contents/CLASS/THUMB/20231125/20231125111616141_thumb_1920x1080.jpg]
[class.foxconnect.kr/fox/cls/clsView8894.html]
[class.foxconnect.kr/contents/CLASS/THUMB/20231004/20231004122754917_thumb_1920x1080.jpg]
[class.foxconnect.kr/fox/cls/clsViewa62e.html]
[class.foxconnect.kr/contents/CLASS/THUMB/20231203/20231203112319153_thumb_1920x1080.jpg]
[class.foxconnect.kr/fox/cls/clsViewd490.html]
[class.foxconnect.kr/contents/CLASS/THUMB/20231203/20231203111840543_thumb_1920x1080.jpg]
[class.foxconnect.kr/fox/cls/clsView5cce.html]
[class.foxconnect.kr/contents/CLASS/THUMB/20231004/20231004095456292_thumb_1920x1080.jpg]
[class.foxconnect.kr/fox/cls/clsView5427.html]
[class.foxconnect.kr/contents/CLASS/THUMB/20231004/20231004093215465_thumb_1920x1080.jpg]
[class.foxconnect.kr/fox/cls/clsViewf4c1.html]
[class.foxconnect.kr/contents/CLASS/THUMB/20231004/20231004084130632_thumb_1920x1080.jpg]
[class.foxconnect.kr/fox/cls/clsView3526.html]
[class.foxconnect.kr/contents/CLASS/THUMB/20231203/20231203055321161_thumb_1920x1080.jpg]
[class.foxconnect.kr/fox/cls/clsViewec07.html]
[class.foxconnect.kr/contents/CLASS/THUMB/20231202/20231202031349035_thumb_1920x1080.jpg]
[class.foxconnect.kr/fox/cls/clsView1b7e.html]
[class.foxconnect.kr/contents/CLASS/THUMB/20230711/20230711124147932_thumb_1920x1080.jpg]
[class.foxconnect.kr/fox/cls/clsView1167.html]
[class.foxconnect.kr/contents/CLASS/THUMB/20231202/20231202031617366_thumb_1920x1080.jpg]
[class.foxconnect.kr/fox/cls/clsView3280.html]
[class.foxconnect.kr/contents/CLASS/THUMB/20230710/20230710045711403_thumb_1920x1080.jpg]
[class.foxconnect.kr/fox/cls/clsView25a3.html]
[class.foxconnect.kr/contents/CLASS/THUMB/20230629/20230629054553351_thumb_1920x1080.jpg]
[class.foxconnect.kr/fox/cls/clsView7da4.html]
[class.foxconnect.kr/contents/CLASS/THUMB/20230629/20230629053132070_thumb_1920x1080.jpg]
[class.foxconnect.kr/fox/cls/clsView12b0.html]
[class.foxconnect.kr/contents/CLASS/THUMB/20230629/20230629044228529_thumb_1920x1080.jpg]
[class.foxconnect.kr/fox/cls/clsViewd300.html]
[class.foxconnect.kr/contents/CLASS/THUMB/20230629/20230629043937675_thumb_1920x1080.jpg]
[class.foxconnect.kr/fox/cls/clsViewedea.html]
[class.foxconnect.kr/fox/cls/clsView8cba.html]
[class.foxconnect.kr/fox/cls/globalSearchf274.html]
[class.foxconnect.kr/fox/cls/clsViewe107.html]
[class.foxconnect.kr/fox/cls/clsViewf347.html]
[class.foxconnect.kr/fox/cls/clsViewf0af.html]
[class.foxconnect.kr/fox/cls/clsViewf89c.html]
[class.foxconnect.kr/fox/cls/clsViewc099.html]
[class.foxconnect.kr/fox/cls/clsView6867-2.html]
[class.foxconnect.kr/fox/cls/clsView5850.html]
[class.foxconnect.kr/contents/CLASS/THUMB/20241218/20241218042015934_thumb_1920x1080.jpg]
[class.foxconnect.kr/fox/cls/clsView2a4e.html]
[class.foxconnect.kr/contents/CLASS/THUMB/20241218/20241218042140858_thumb_1920x1080.jpg]
[class.foxconnect.kr/fox/cls/clsView3496.html]
[class.foxconnect.kr/contents/CLASS/THUMB/20241218/20241218042215393_thumb_1920x1080.jpg]
[class.foxconnect.kr/fox/cls/clsView609c.html]
[class.foxconnect.kr/contents/CLASS/THUMB/20241218/20241218042254943_thumb_1920x1080.jpg]
[class.foxconnect.kr/fox/cls/clsViewe051.html]
[class.foxconnect.kr/contents/CLASS/THUMB/20241218/20241218042324607_thumb_1920x1080.jpg]
[class.foxconnect.kr/fox/cls/clsView6963.html]
[class.foxconnect.kr/contents/CLASS/THUMB/20241218/20241218053704825_thumb_1920x1080.jpg]
[class.foxconnect.kr/fox/cls/clsViewf664.html]
[class.foxconnect.kr/contents/CLASS/THUMB/20241218/20241218053732258_thumb_1920x1080.jpg]
[class.foxconnect.kr/fox/cls/clsViewfb61.html]
[class.foxconnect.kr/contents/CLASS/THUMB/20241218/20241218053804280_thumb_1920x1080.jpg]
[class.foxconnect.kr/fox/cls/clsView419b.html]
[class.foxconnect.kr/contents/CLASS/THUMB/20241218/20241218053831960_thumb_1920x1080.jpg]
[class.foxconnect.kr/fox/cls/clsView60f4.html]
[class.foxconnect.kr/contents/CLASS/THUMB/20241218/20241218053859597_thumb_1920x1080.jpg]
[class.foxconnect.kr/fox/cls/clsViewa47f.html]
[class.foxconnect.kr/contents/CLASS/THUMB/20241218/20241218053926985_thumb_1920x1080.jpg]
[class.foxconnect.kr/fox/cls/clsView190d.html]
[class.foxconnect.kr/contents/CLASS/THUMB/20241218/20241218053954195_thumb_1920x1080.jpg]
[class.foxconnect.kr/fox/cls/clsView83bf.html]
[class.foxconnect.kr/contents/CLASS/THUMB/20241218/20241218054020697_thumb_1920x1080.jpg]
[class.foxconnect.kr/fox/cls/clsViewde62.html]
[class.foxconnect.kr/fox/cls/globalSearcha7d6.html]
[class.foxconnect.kr/contents/CLASS/THUMB/20241218/20241218054047632_thumb_1920x1080.jpg]
[class.foxconnect.kr/fox/cls/clsViewe477.html]
[class.foxconnect.kr/contents/CLASS/THUMB/20241218/20241218054118164_thumb_1920x1080.jpg]
[class.foxconnect.kr/fox/cls/clsView4e6b.html]
[class.foxconnect.kr/contents/CLASS/THUMB/20241218/20241218054151709_thumb_1920x1080.jpg]
[class.foxconnect.kr/fox/cls/clsView93f7.html]
[class.foxconnect.kr/contents/CLASS/THUMB/20241218/20241218054249402_thumb_1920x1080.jpg]
[class.foxconnect.kr/fox/cls/clsView881f.html]
[class.foxconnect.kr/contents/CLASS/THUMB/20241218/20241218054318257_thumb_1920x1080.jpg]
[class.foxconnect.kr/fox/cls/clsViewfd26.html]
[class.foxconnect.kr/contents/CLASS/THUMB/20241218/20241218054348883_thumb_1920x1080.jpg]
[class.foxconnect.kr/fox/cls/clsViewc78e.html]
[class.foxconnect.kr/contents/CLASS/THUMB/20241218/20241218054429081_thumb_1920x1080.jpg]
[class.foxconnect.kr/fox/cls/clsView5f5f.html]
[class.foxconnect.kr/contents/CLASS/THUMB/20241218/20241218054500770_thumb_1920x1080.jpg]
[class.foxconnect.kr/fox/cls/clsViewfaf5.html]
[class.foxconnect.kr/contents/CLASS/THUMB/20241218/20241218054527439_thumb_1920x1080.jpg]
[class.foxconnect.kr/fox/cls/clsViewe651.html]
[class.foxconnect.kr/contents/CLASS/THUMB/20241218/20241218054555240_thumb_1920x1080.jpg]
[class.foxconnect.kr/fox/cls/clsViewdb5e.html]
[class.foxconnect.kr/contents/CLASS/THUMB/20241218/20241218054631017_thumb_1920x1080.jpg]
[class.foxconnect.kr/fox/cls/clsView3f77.html]
[class.foxconnect.kr/contents/CLASS/THUMB/20241218/20241218054701816_thumb_1920x1080.jpg]
[class.foxconnect.kr/fox/cls/clsViewffc7.html]
[class.foxconnect.kr/contents/CLASS/THUMB/20241218/20241218054733977_thumb_1920x1080.jpg]
[class.foxconnect.kr/fox/cls/clsView498d.html]
[class.foxconnect.kr/contents/CLASS/THUMB/20241218/20241218054802985_thumb_1920x1080.jpg]
[class.foxconnect.kr/fox/cls/clsView197c.html]
[class.foxconnect.kr/contents/CLASS/THUMB/20241218/20241218054834438_thumb_1920x1080.jpg]
[class.foxconnect.kr/fox/cls/clsView30ec-2.html]
[class.foxconnect.kr/contents/CLASS/THUMB/20241218/20241218054909052_thumb_1920x1080.jpg]
[class.foxconnect.kr/fox/cls/clsView7a73.html]
[class.foxconnect.kr/contents/CLASS/THUMB/20241218/20241218054936381_thumb_1920x1080.jpg]
[class.foxconnect.kr/fox/cls/clsViewb9a6.html]
[class.foxconnect.kr/contents/CLASS/THUMB/20241218/20241218055003316_thumb_1920x1080.jpg]
[class.foxconnect.kr/fox/cls/clsViewa59d.html]
[class.foxconnect.kr/contents/CLASS/THUMB/20241218/20241218055056024_thumb_1920x1080.jpg]
[class.foxconnect.kr/fox/cls/clsViewf280.html]
[class.foxconnect.kr/contents/CLASS/THUMB/20241219/20241219090708840_thumb_1920x1080.jpg]
[class.foxconnect.kr/fox/cls/clsViewad03.html]
[class.foxconnect.kr/contents/CLASS/THUMB/20241219/20241219092611470_thumb_1920x1080.jpg]
[class.foxconnect.kr/fox/cls/globalSearchc719.html]
[class.foxconnect.kr/fox/cls/clsViewcceb.html]
[class.foxconnect.kr/contents/CLASS/THUMB/20241219/20241219092646762_thumb_1920x1080.jpg]
[class.foxconnect.kr/fox/cls/clsView9605.html]
[class.foxconnect.kr/contents/CLASS/THUMB/20241219/20241219092810978_thumb_1920x1080.jpg]
[class.foxconnect.kr/fox/cls/clsView9233.html]
[class.foxconnect.kr/contents/CLASS/THUMB/20241219/20241219092839394_thumb_1920x1080.jpg]
[class.foxconnect.kr/fox/cls/clsView6291.html]
[class.foxconnect.kr/contents/CLASS/THUMB/20241219/20241219093024254_thumb_1920x1080.jpg]
[class.foxconnect.kr/fox/cls/clsView4c0f.html]
[class.foxconnect.kr/contents/CLASS/THUMB/20241219/20241219093420850_thumb_1920x1080.jpg]
[class.foxconnect.kr/fox/cls/clsView9c5d.html]
[class.foxconnect.kr/contents/CLASS/THUMB/20241219/20241219093531699_thumb_1920x1080.jpg]
[class.foxconnect.kr/fox/cls/clsView49a1.html]
[class.foxconnect.kr/contents/CLASS/THUMB/20241219/20241219094509213_thumb_1920x1080.jpg]
[class.foxconnect.kr/fox/cls/clsViewaf8a.html]
[class.foxconnect.kr/contents/CLASS/THUMB/20241219/20241219094538712_thumb_1920x1080.jpg]
[class.foxconnect.kr/fox/cls/clsView31ec.html]
[class.foxconnect.kr/contents/CLASS/THUMB/20241219/20241219094614432_thumb_1920x1080.jpg]
[class.foxconnect.kr/fox/cls/clsView043b.html]
[class.foxconnect.kr/contents/CLASS/THUMB/20241219/20241219094651095_thumb_1920x1080.jpg]
[class.foxconnect.kr/fox/cls/clsView0074.html]
[class.foxconnect.kr/contents/CLASS/THUMB/20241219/20241219094722931_thumb_1920x1080.jpg]
[class.foxconnect.kr/fox/cls/clsView3a8a.html]
[class.foxconnect.kr/contents/CLASS/THUMB/20241219/20241219094755483_thumb_1920x1080.jpg]
[class.foxconnect.kr/fox/cls/clsView3440.html]
[class.foxconnect.kr/contents/CLASS/THUMB/20241219/20241219094825897_thumb_1920x1080.jpg]
[class.foxconnect.kr/fox/cls/clsView7937.html]
[class.foxconnect.kr/contents/CLASS/THUMB/20241219/20241219094901846_thumb_1920x1080.jpg]
[class.foxconnect.kr/fox/cls/clsViewe1e9.html]
[class.foxconnect.kr/contents/CLASS/THUMB/20241219/20241219094929945_thumb_1920x1080.jpg]
[class.foxconnect.kr/fox/cls/clsViewf870.html]
[class.foxconnect.kr/contents/CLASS/THUMB/20241219/20241219094959118_thumb_1920x1080.jpg]
[class.foxconnect.kr/fox/cls/clsViewf4b6.html]
[class.foxconnect.kr/contents/CLASS/THUMB/20241219/20241219095029318_thumb_1920x1080.jpg]
[class.foxconnect.kr/fox/cls/clsView6cb9.html]
[class.foxconnect.kr/contents/CLASS/THUMB/20241219/20241219095058089_thumb_1920x1080.jpg]
[class.foxconnect.kr/fox/cls/clsVieweadd.html]
[class.foxconnect.kr/contents/CLASS/THUMB/20241219/20241219095128408_thumb_1920x1080.jpg]
[class.foxconnect.kr/fox/cls/clsView3305.html]
[class.foxconnect.kr/contents/CLASS/THUMB/20241219/20241219095155043_thumb_1920x1080.jpg]
[class.foxconnect.kr/fox/cls/globalSearch5d63.html]
[class.foxconnect.kr/fox/cls/globalSearch5c22.html]
[class.foxconnect.kr/fox/cls/globalSearch2596.html]
[class.foxconnect.kr/fox/cls/globalSearch419a.html]
[class.foxconnect.kr/fox/cls/globalSearch6684.html]
[class.foxconnect.kr/fox/cls/globalSearchdbc0.html]
[class.foxconnect.kr/fox/cls/globalSearch47c5.html]
[class.foxconnect.kr/fox/cls/globalSearche746.html]
[class.foxconnect.kr/fox/cls/globalSearchce67.html]
[class.foxconnect.kr/fox/cls/globalSearch54d5.html]
[class.foxconnect.kr/fox/cls/globalSearch29f7.html]
[class.foxconnect.kr/fox/cls/clsView640c.html]
[class.foxconnect.kr/fox/cls/clsView043d.html]
[class.foxconnect.kr/fox/cls/clsView0774.html]
[class.foxconnect.kr/fox/cls/clsView18c0.html]
[class.foxconnect.kr/fox/cls/clsView73cc.html]
[class.foxconnect.kr/fox/cls/clsViewaef2.html]
[class.foxconnect.kr/fox/cls/clsViewd3e5.html]
[class.foxconnect.kr/fox/cls/clsView7cd5.html]
[class.foxconnect.kr/fox/cls/clsViewbfef.html]
[class.foxconnect.kr/fox/cls/clsViewf755.html]
[class.foxconnect.kr/fox/cls/clsView0a77-2.html]
[class.foxconnect.kr/fox/cls/clsView4ea0.html]
[class.foxconnect.kr/fox/cls/clsViewdb15.html]
[class.foxconnect.kr/fox/cls/clsViewce51.html]
[class.foxconnect.kr/fox/cls/clsView0ce4.html]
[class.foxconnect.kr/fox/cls/clsView123a.html]
[class.foxconnect.kr/fox/cls/clsView125b.html]
[class.foxconnect.kr/fox/cls/clsView60ea.html]
[class.foxconnect.kr/fox/cls/clsView9c64.html]
[class.foxconnect.kr/fox/cls/clsView5c0e.html]
[class.foxconnect.kr/fox/cls/clsView4ec0.html]
[class.foxconnect.kr/contents/CLASS/THUMB/20220707/20220707065521381_thumb.jpg]
[class.foxconnect.kr/fox/cls/globalSearch00cc.html]
[class.foxconnect.kr/fox/cls/globalSearchbf6c.html]
[class.foxconnect.kr/fox/cls/globalSearchdec2.html]
[class.foxconnect.kr/fox/cls/globalSearch3698.html]
[class.foxconnect.kr/fox/cls/globalSearchb7b6.html]
[class.foxconnect.kr/fox/cls/globalSearchd34d.html]
[class.foxconnect.kr/fox/cls/globalSearchbec4.html]
[class.foxconnect.kr/fox/cls/globalSearchce56.html]
[class.foxconnect.kr/fox/cls/globalSearchbfa4.html]
[class.foxconnect.kr/fox/cls/globalSearch02be.html]
[class.foxconnect.kr/fox/cls/globalSearchec84.html]
[class.foxconnect.kr/fox/cls/globalSearch04be.html]
[class.foxconnect.kr/fox/cls/clsViewabbd.html]
[class.foxconnect.kr/contents/CLASS/THUMB/20240627/20240627040815233_thumb_1920x1080.jpg]
[class.foxconnect.kr/fox/cls/clsView67ab.html]
[class.foxconnect.kr/contents/CLASS/THUMB/20240801/20240801013222970_thumb_1920x1080.jpg]
[class.foxconnect.kr/fox/cls/clsView33fd.html]
[class.foxconnect.kr/contents/CLASS/THUMB/20240801/20240801020303882_thumb_1920x1080.jpg]
[class.foxconnect.kr/fox/cls/clsViewe401.html]
[class.foxconnect.kr/contents/CLASS/THUMB/20240801/20240801020520097_thumb_1920x1080.jpg]
[class.foxconnect.kr/fox/cls/clsView8fbe.html]
[class.foxconnect.kr/contents/CLASS/THUMB/20240801/20240801024238340_thumb_1920x1080.jpg]
[class.foxconnect.kr/fox/cls/clsView1f4f.html]
[class.foxconnect.kr/contents/CLASS/THUMB/20240801/20240801025114341_thumb_1920x1080.jpg]
[class.foxconnect.kr/fox/cls/clsView6c7e.html]
[class.foxconnect.kr/contents/CLASS/THUMB/20240801/20240801025453997_thumb_1920x1080.jpg]
[class.foxconnect.kr/fox/cls/clsView00c6.html]
[class.foxconnect.kr/contents/CLASS/THUMB/20240801/20240801030026550_thumb_1920x1080.jpg]
[class.foxconnect.kr/fox/cls/globalSearch8ef9.html]
[class.foxconnect.kr/fox/cls/clsView7678.html]
[class.foxconnect.kr/contents/CLASS/THUMB/20240801/20240801033552544_thumb_1920x1080.jpg]
[class.foxconnect.kr/fox/cls/clsViewf902.html]
[class.foxconnect.kr/contents/CLASS/THUMB/20240802/20240802025742193_thumb_1920x1080.jpg]
[class.foxconnect.kr/fox/cls/clsViewebac.html]
[class.foxconnect.kr/contents/CLASS/THUMB/20240802/20240802025645962_thumb_1920x1080.jpg]
[class.foxconnect.kr/fox/cls/clsView9262.html]
[class.foxconnect.kr/contents/CLASS/THUMB/20240802/20240802025625690_thumb_1920x1080.jpg]
[class.foxconnect.kr/fox/cls/clsView5f9d.html]
[class.foxconnect.kr/contents/CLASS/THUMB/20240802/20240802025118724_thumb_1920x1080.jpg]
[class.foxconnect.kr/fox/cls/clsView4b12.html]
[class.foxconnect.kr/contents/CLASS/THUMB/20240802/20240802124624127_thumb_1920x1080.jpg]
[class.foxconnect.kr/fox/cls/clsViewff2d.html]
[class.foxconnect.kr/contents/CLASS/THUMB/20240802/20240802125140711_thumb_1920x1080.jpg]
[class.foxconnect.kr/fox/cls/clsView7f21-2.html]
[class.foxconnect.kr/contents/CLASS/THUMB/20240802/20240802125549147_thumb_1920x1080.jpg]
[class.foxconnect.kr/fox/cls/clsView7a4e.html]
[class.foxconnect.kr/contents/CLASS/THUMB/20240802/20240802125750421_thumb_1920x1080.jpg]
[class.foxconnect.kr/fox/cls/clsViewfda8.html]
[class.foxconnect.kr/contents/CLASS/THUMB/20240802/20240802010021291_thumb_1920x1080.jpg]
[class.foxconnect.kr/fox/cls/clsView3216.html]
[class.foxconnect.kr/contents/CLASS/THUMB/20240802/20240802010507811_thumb_1920x1080.jpg]
[class.foxconnect.kr/fox/cls/clsView4ff2.html]
[class.foxconnect.kr/contents/CLASS/THUMB/20240802/20240802010626587_thumb_1920x1080.jpg]
[class.foxconnect.kr/fox/cls/clsViewa23e.html]
[class.foxconnect.kr/contents/CLASS/THUMB/20240802/20240802010843796_thumb_1920x1080.jpg]
[class.foxconnect.kr/fox/cls/clsView32c1.html]
[class.foxconnect.kr/contents/CLASS/THUMB/20240802/20240802011137980_thumb_1920x1080.jpg]
[class.foxconnect.kr/fox/cls/clsViewa447.html]
[class.foxconnect.kr/contents/CLASS/THUMB/20240802/20240802011555686_thumb_1920x1080.jpg]
[class.foxconnect.kr/fox/cls/clsView014e.html]
[class.foxconnect.kr/contents/CLASS/THUMB/20240802/20240802012233815_thumb_1920x1080.jpg]
[class.foxconnect.kr/fox/cls/clsView0e5c.html]
[class.foxconnect.kr/contents/CLASS/THUMB/20240802/20240802012523287_thumb_1920x1080.jpg]
[class.foxconnect.kr/fox/cls/clsView3873.html]
[class.foxconnect.kr/contents/CLASS/THUMB/20240802/20240802012731994_thumb_1920x1080.jpg]
[class.foxconnect.kr/fox/cls/clsView699a.html]
[class.foxconnect.kr/contents/CLASS/THUMB/20240802/20240802012905549_thumb_1920x1080.jpg]
[class.foxconnect.kr/fox/cls/clsViewddcb.html]
[class.foxconnect.kr/fox/cls/globalSearch3de6.html]
[class.foxconnect.kr/contents/CLASS/THUMB/20240802/20240802021501034_thumb_1920x1080.jpg]
[class.foxconnect.kr/fox/cls/clsViewb7c7.html]
[class.foxconnect.kr/contents/CLASS/THUMB/20240802/20240802022350143_thumb_1920x1080.jpg]
[class.foxconnect.kr/fox/cls/clsView2f9f.html]
[class.foxconnect.kr/contents/CLASS/THUMB/20240802/20240802022519271_thumb_1920x1080.jpg]
[class.foxconnect.kr/fox/cls/clsView1505.html]
[class.foxconnect.kr/contents/CLASS/THUMB/20240802/20240802022701913_thumb_1920x1080.jpg]
[class.foxconnect.kr/fox/cls/clsView5eff.html]
[class.foxconnect.kr/contents/CLASS/THUMB/20240802/20240802022907273_thumb_1920x1080.jpg]
[class.foxconnect.kr/fox/cls/clsViewe163.html]
[class.foxconnect.kr/contents/CLASS/THUMB/20240802/20240802023101908_thumb_1920x1080.jpg]
[class.foxconnect.kr/fox/cls/clsView75f9.html]
[class.foxconnect.kr/contents/CLASS/THUMB/20240802/20240802023250788_thumb_1920x1080.jpg]
[class.foxconnect.kr/fox/cls/clsView0bd1-2.html]
[class.foxconnect.kr/contents/CLASS/THUMB/20240802/20240802023427142_thumb_1920x1080.jpg]
[class.foxconnect.kr/fox/cls/clsView458f.html]
[class.foxconnect.kr/contents/CLASS/THUMB/20240802/20240802023614568_thumb_1920x1080.jpg]
[class.foxconnect.kr/fox/cls/clsViewf9a5.html]
[class.foxconnect.kr/contents/CLASS/THUMB/20240802/20240802023815878_thumb_1920x1080.jpg]
[class.foxconnect.kr/fox/cls/clsView76b5.html]
[class.foxconnect.kr/contents/CLASS/THUMB/20240802/20240802024745379_thumb_1920x1080.jpg]
[class.foxconnect.kr/fox/cls/clsViewd854.html]
[class.foxconnect.kr/contents/CLASS/THUMB/20240805/20240805091935586_thumb_1920x1080.jpg]
[class.foxconnect.kr/fox/cls/clsViewdb43.html]
[class.foxconnect.kr/contents/CLASS/THUMB/20240805/20240805092141699_thumb_1920x1080.jpg]
[class.foxconnect.kr/fox/cls/clsView58a7.html]
[class.foxconnect.kr/contents/CLASS/THUMB/20240805/20240805092410606_thumb_1920x1080.jpg]
[class.foxconnect.kr/fox/cls/clsView98e0.html]
[class.foxconnect.kr/contents/CLASS/THUMB/20240805/20240805092604070_thumb_1920x1080.jpg]
[class.foxconnect.kr/fox/cls/clsView6440.html]
[class.foxconnect.kr/contents/CLASS/THUMB/20240805/20240805092854652_thumb_1920x1080.jpg]
[class.foxconnect.kr/fox/cls/clsView6225.html]
[class.foxconnect.kr/contents/CLASS/THUMB/20240805/20240805093114231_thumb_1920x1080.jpg]
[class.foxconnect.kr/fox/cls/clsView8025.html]
[class.foxconnect.kr/fox/cls/globalSearchd884.html]
[class.foxconnect.kr/contents/CLASS/THUMB/20240805/20240805093514393_thumb_1920x1080.jpg]
[class.foxconnect.kr/fox/cls/clsViewf843.html]
[class.foxconnect.kr/contents/CLASS/THUMB/20240805/20240805123849251_thumb_1920x1080.jpg]
[class.foxconnect.kr/fox/cls/globalSearch2746.html]
[class.foxconnect.kr/fox/cls/clsView1ce8.html]
[class.foxconnect.kr/contents/CLASS/THUMB/20240806/20240806103612731_thumb_1920x1080.jpg]
[class.foxconnect.kr/fox/cls/clsViewb967.html]
[class.foxconnect.kr/contents/CLASS/THUMB/20240807/20240807110334228_thumb_1920x1080.jpg]
[class.foxconnect.kr/fox/cls/clsView191e.html]
[class.foxconnect.kr/fox/cls/globalSearch2742.html]
[class.foxconnect.kr/contents/CLASS/THUMB/20240808/20240808104617871_thumb_1920x1080.jpg]
[class.foxconnect.kr/fox/cls/globalSearchef1a.html]
[class.foxconnect.kr/fox/cls/globalSearch4bda.html]
[class.foxconnect.kr/fox/cls/globalSearch12ec.html]
[class.foxconnect.kr/fox/cls/clsView3971.html]
[class.foxconnect.kr/fox/cls/clsView0abe.html]
[class.foxconnect.kr/fox/cls/clsViewf920.html]
[class.foxconnect.kr/fox/cls/clsView2bce.html]
[class.foxconnect.kr/fox/cls/clsViewb89f.html]
[class.foxconnect.kr/fox/cls/clsView0fca.html]
[class.foxconnect.kr/fox/cls/clsView98ec.html]
[class.foxconnect.kr/fox/cls/clsViewa5b4.html]
[class.foxconnect.kr/fox/cls/clsViewe703.html]
[class.foxconnect.kr/fox/cls/clsView2704.html]
[class.foxconnect.kr/fox/cls/clsView862d.html]
[class.foxconnect.kr/fox/cls/clsViewf8e3.html]
[class.foxconnect.kr/fox/cls/clsView7f61.html]
[class.foxconnect.kr/fox/cls/clsViewbbd5.html]
[class.foxconnect.kr/fox/cls/clsViewef3f.html]
[class.foxconnect.kr/fox/cls/clsViewfb57.html]
[class.foxconnect.kr/fox/cls/clsView6867.html]
[class.foxconnect.kr/fox/cls/clsViewadfc.html]
[class.foxconnect.kr/fox/cls/clsView9941.html]
[class.foxconnect.kr/fox/cls/clsViewb6b4.html]
[class.foxconnect.kr/fox/cls/clsView0e3c.html]
[class.foxconnect.kr/fox/cls/clsViewdfb4.html]
[class.foxconnect.kr/fox/cls/clsViewef6f.html]
[class.foxconnect.kr/fox/cls/clsViewfac1.html]
[class.foxconnect.kr/fox/cls/clsView8e64.html]
[class.foxconnect.kr/fox/cls/clsView2212.html]
[class.foxconnect.kr/fox/cls/clsView9669.html]
[class.foxconnect.kr/fox/cls/clsViewa03a.html]
[class.foxconnect.kr/fox/cls/clsView4a90.html]
[class.foxconnect.kr/fox/cls/clsView2fa0.html]
[class.foxconnect.kr/fox/cls/clsView970a.html]
[class.foxconnect.kr/fox/cls/clsView3f31.html]
[class.foxconnect.kr/fox/cls/clsViewe77e.html]
[class.foxconnect.kr/fox/cls/clsViewba5c.html]
[class.foxconnect.kr/fox/cls/clsViewe2b2.html]
[class.foxconnect.kr/fox/cls/clsViewc32c.html]
[class.foxconnect.kr/fox/cls/clsView6a96.html]
[class.foxconnect.kr/fox/cls/clsView64d2.html]
[class.foxconnect.kr/fox/cls/clsView96b0.html]
[class.foxconnect.kr/fox/cls/clsView19f5.html]
[class.foxconnect.kr/fox/cls/clsViewc909.html]
[class.foxconnect.kr/fox/cls/clsView63a2.html]
[class.foxconnect.kr/fox/cls/clsView4dc9.html]
[class.foxconnect.kr/fox/cls/clsViewaa48.html]
[class.foxconnect.kr/fox/cls/clsView7dfd.html]
[class.foxconnect.kr/fox/cls/clsViewd0dc.html]
[class.foxconnect.kr/fox/cls/clsViewe258.html]
[class.foxconnect.kr/fox/cls/clsViewf162.html]
[class.foxconnect.kr/fox/cls/clsView5772.html]
[class.foxconnect.kr/fox/cls/clsView374a.html]
[class.foxconnect.kr/fox/cls/clsViewb6c7.html]
[class.foxconnect.kr/fox/cls/clsView4b6d.html]
[class.foxconnect.kr/fox/cls/clsViewe757.html]
[class.foxconnect.kr/fox/cls/clsViewe574.html]
[class.foxconnect.kr/fox/cls/clsView7ddc.html]
[class.foxconnect.kr/fox/cls/clsViewbc90.html]
[class.foxconnect.kr/fox/cls/clsView058c-2.html]
[class.foxconnect.kr/fox/cls/clsViewc810.html]
[class.foxconnect.kr/fox/cls/clsViewb41c.html]
[class.foxconnect.kr/fox/cls/clsView832a.html]
[class.foxconnect.kr/fox/cls/clsViewa0ff.html]
[class.foxconnect.kr/fox/cls/clsViewdeb3.html]
[class.foxconnect.kr/fox/cls/clsView21ab.html]
[class.foxconnect.kr/fox/cls/clsView4fd3.html]
[class.foxconnect.kr/fox/cls/clsView8028.html]
[class.foxconnect.kr/fox/cls/clsView7fe6.html]
[class.foxconnect.kr/fox/cls/clsView5521.html]
[class.foxconnect.kr/fox/cls/clsView86fc.html]
[class.foxconnect.kr/fox/cls/clsView0a83.html]
[class.foxconnect.kr/fox/cls/clsViewea57.html]
[class.foxconnect.kr/fox/cls/clsViewd688-2.html]
[class.foxconnect.kr/fox/cls/clsViewdec9.html]
[class.foxconnect.kr/fox/cls/clsView041b.html]
[class.foxconnect.kr/fox/cls/clsViewdeea.html]
[class.foxconnect.kr/fox/cls/clsViewb7e4.html]
[class.foxconnect.kr/fox/cls/clsViewabf8.html]
[class.foxconnect.kr/fox/cls/clsViewbe5d.html]
[class.foxconnect.kr/fox/cls/clsViewf36b.html]
[class.foxconnect.kr/fox/cls/clsViewb9c0.html]
[class.foxconnect.kr/fox/cls/clsViewc9fb.html]
[class.foxconnect.kr/fox/cls/clsViewc4c4.html]
[class.foxconnect.kr/fox/cls/clsViewb9ac.html]
[class.foxconnect.kr/fox/cls/clsViewd4e3.html]
[class.foxconnect.kr/fox/cls/clsViewaa5b.html]
[class.foxconnect.kr/fox/cls/clsViewe14f.html]
[class.foxconnect.kr/fox/cls/clsView6e95.html]
[class.foxconnect.kr/fox/cls/clsViewfcf2.html]
[class.foxconnect.kr/fox/cls/clsViewc85c.html]
[class.foxconnect.kr/fox/cls/clsViewa792.html]
[class.foxconnect.kr/fox/cls/clsViewbe40.html]
[class.foxconnect.kr/fox/cls/clsView5e18-2.html]
[class.foxconnect.kr/fox/cls/clsView343b.html]
[class.foxconnect.kr/fox/cls/clsView143f.html]
[class.foxconnect.kr/fox/cls/clsViewe610.html]
[class.foxconnect.kr/fox/cls/clsViewe365.html]
[class.foxconnect.kr/fox/cls/clsViewbf6e.html]
[class.foxconnect.kr/fox/cls/clsView4cb2.html]
[class.foxconnect.kr/fox/cls/clsVieweac5.html]
[class.foxconnect.kr/fox/cls/clsView3e44.html]
[class.foxconnect.kr/fox/cls/clsViewbb9d.html]
[class.foxconnect.kr/fox/cls/clsView6ccf.html]
[class.foxconnect.kr/fox/cls/clsViewa013.html]
[class.foxconnect.kr/fox/cls/clsView0ece.html]
[class.foxconnect.kr/fox/cls/clsView3c9d.html]
[class.foxconnect.kr/fox/cls/clsView75de.html]
[class.foxconnect.kr/fox/cls/clsViewf168.html]
[class.foxconnect.kr/fox/cls/clsViewccef.html]
[class.foxconnect.kr/fox/cls/clsViewb5ba.html]
[class.foxconnect.kr/fox/cls/clsView219e.html]
[class.foxconnect.kr/fox/cls/clsView7562.html]
[class.foxconnect.kr/fox/cls/clsViewd634.html]
[class.foxconnect.kr/fox/cls/clsViewfd42.html]
[class.foxconnect.kr/fox/cls/clsViewf878.html]
[class.foxconnect.kr/fox/cls/clsView94b4.html]
[class.foxconnect.kr/fox/cls/clsViewc202.html]
[class.foxconnect.kr/fox/cls/clsViewe800.html]
[class.foxconnect.kr/fox/cls/clsViewe9f3.html]
[class.foxconnect.kr/fox/cls/clsView66ea.html]
[class.foxconnect.kr/fox/cls/clsView2ba9.html]
[class.foxconnect.kr/fox/cls/clsView1419.html]
[class.foxconnect.kr/fox/cls/clsView3b92.html]
[class.foxconnect.kr/fox/cls/clsView24ce.html]
[class.foxconnect.kr/fox/cls/clsViewe8f9.html]
[class.foxconnect.kr/fox/cls/clsViewff34.html]
[class.foxconnect.kr/fox/cls/clsView4cfa.html]
[class.foxconnect.kr/fox/cls/clsView685c.html]
[class.foxconnect.kr/fox/cls/clsView3e65.html]
[class.foxconnect.kr/fox/cls/clsView21ab-2.html]
[class.foxconnect.kr/fox/cls/clsViewe7c9.html]
[class.foxconnect.kr/fox/cls/clsView2646.html]
[class.foxconnect.kr/fox/cls/clsView924e.html]
[class.foxconnect.kr/fox/cls/clsView0c27.html]
[class.foxconnect.kr/fox/cls/clsViewbd42.html]
[class.foxconnect.kr/fox/cls/clsViewf37d.html]
[class.foxconnect.kr/fox/cls/clsView8266.html]
[class.foxconnect.kr/fox/cls/clsViewbc4e-2.html]
[class.foxconnect.kr/fox/cls/clsView4395.html]
[class.foxconnect.kr/fox/cls/clsViewedf7.html]
[class.foxconnect.kr/fox/cls/clsView7681.html]
[class.foxconnect.kr/fox/cls/clsView2f45.html]
[class.foxconnect.kr/fox/cls/clsView71f7.html]
[class.foxconnect.kr/fox/cls/clsView4ba4.html]
[class.foxconnect.kr/fox/cls/clsView8d6b.html]
[class.foxconnect.kr/fox/cls/clsViewd6b5.html]
[class.foxconnect.kr/fox/cls/clsView5bfe.html]
[class.foxconnect.kr/fox/cls/clsView7f74.html]
[class.foxconnect.kr/fox/cls/clsView90a6.html]
[class.foxconnect.kr/fox/cls/clsView0931.html]
[class.foxconnect.kr/fox/cls/clsView8c14.html]
[class.foxconnect.kr/fox/cls/clsView33c3.html]
[class.foxconnect.kr/fox/cls/clsView4848.html]
[class.foxconnect.kr/fox/cls/clsView71bd.html]
[class.foxconnect.kr/fox/cls/clsView2b3f.html]
[class.foxconnect.kr/fox/cls/clsViewe0bb.html]
[class.foxconnect.kr/fox/cls/clsView6719.html]
[class.foxconnect.kr/fox/cls/clsViewebca.html]
[class.foxconnect.kr/fox/cls/clsView0405.html]
[class.foxconnect.kr/fox/cls/clsViewdfe5.html]
[class.foxconnect.kr/fox/cls/clsView9faf.html]
[class.foxconnect.kr/fox/cls/clsViewdc0a-2.html]
[class.foxconnect.kr/fox/cls/clsView2dca.html]
[class.foxconnect.kr/fox/cls/clsView78d5.html]
[class.foxconnect.kr/fox/cls/clsView03f0.html]
[class.foxconnect.kr/fox/cls/clsViewe794-2.html]
[class.foxconnect.kr/fox/cls/clsView7bb2.html]
[class.foxconnect.kr/fox/cls/clsView4660.html]
[class.foxconnect.kr/fox/cls/clsView9711.html]
[class.foxconnect.kr/fox/cls/clsViewa92d.html]
[class.foxconnect.kr/fox/cls/clsView15c6.html]
[class.foxconnect.kr/fox/cls/clsViewc604.html]
[class.foxconnect.kr/fox/cls/clsView3a37.html]
[class.foxconnect.kr/fox/cls/clsViewbe63.html]
[class.foxconnect.kr/fox/cls/clsView0580.html]
[class.foxconnect.kr/fox/cls/clsViewdd68.html]
[class.foxconnect.kr/fox/cls/clsView26e5.html]
[class.foxconnect.kr/fox/cls/clsView3dab.html]
[class.foxconnect.kr/fox/cls/clsView675e.html]
[class.foxconnect.kr/fox/cls/clsView97f9.html]
[class.foxconnect.kr/fox/cls/clsViewdc9b.html]
[class.foxconnect.kr/fox/cls/clsView9888.html]
[class.foxconnect.kr/fox/cls/clsViewa750.html]
[class.foxconnect.kr/fox/cls/clsViewe2d6.html]
[class.foxconnect.kr/fox/cls/clsView9698.html]
[class.foxconnect.kr/fox/cls/clsView1dde.html]
[class.foxconnect.kr/fox/cls/clsViewca6a.html]
[class.foxconnect.kr/fox/cls/clsView662f.html]
[class.foxconnect.kr/fox/cls/clsView21f0.html]
[class.foxconnect.kr/fox/cls/clsViewf834.html]
[class.foxconnect.kr/fox/cls/clsViewaf81.html]
[class.foxconnect.kr/fox/cls/clsView6ddd.html]
[class.foxconnect.kr/fox/cls/clsView88b3.html]
[class.foxconnect.kr/fox/cls/clsView390d.html]
[class.foxconnect.kr/fox/cls/clsView871a.html]
[class.foxconnect.kr/fox/cls/clsView39fb.html]
[class.foxconnect.kr/fox/cls/clsView4823.html]
[class.foxconnect.kr/fox/cls/clsView1337.html]
[class.foxconnect.kr/fox/cls/clsView89e5.html]
[class.foxconnect.kr/fox/cls/clsView44cd.html]
[class.foxconnect.kr/fox/cls/clsView754d.html]
[class.foxconnect.kr/fox/cls/clsView5693.html]
[class.foxconnect.kr/fox/cls/clsViewec60.html]
[class.foxconnect.kr/fox/cls/clsView6da4.html]
[class.foxconnect.kr/fox/cls/clsView538c.html]
[class.foxconnect.kr/fox/cls/clsViewb5d2.html]
[class.foxconnect.kr/fox/cls/clsView1b2d.html]
[class.foxconnect.kr/fox/cls/clsView01f2.html]
[class.foxconnect.kr/fox/cls/clsView5317.html]
[class.foxconnect.kr/fox/cls/clsViewa530.html]
[class.foxconnect.kr/fox/cls/clsView295e.html]
[class.foxconnect.kr/fox/cls/clsViewfb48.html]
[class.foxconnect.kr/fox/cls/clsViewc899.html]
[class.foxconnect.kr/fox/cls/clsView139d.html]
[class.foxconnect.kr/fox/cls/clsView46ff.html]
[class.foxconnect.kr/fox/cls/clsView5180.html]
[class.foxconnect.kr/fox/cls/clsViewd8f7.html]
[class.foxconnect.kr/fox/cls/clsViewfdf7.html]
[class.foxconnect.kr/fox/cls/clsViewb794.html]
[class.foxconnect.kr/fox/cls/clsView4257.html]
[class.foxconnect.kr/fox/cls/clsViewedf0.html]
[class.foxconnect.kr/fox/cls/clsView956f.html]
[class.foxconnect.kr/fox/cls/clsViewf349.html]
[class.foxconnect.kr/fox/cls/clsView923b.html]
[class.foxconnect.kr/fox/cls/clsView9922.html]
[class.foxconnect.kr/fox/cls/clsViewe6fd.html]
[class.foxconnect.kr/fox/cls/clsViewb832-2.html]
[class.foxconnect.kr/fox/cls/clsView2d5b.html]
[class.foxconnect.kr/fox/cls/clsView0742.html]
[class.foxconnect.kr/fox/cls/clsView8f34.html]
[class.foxconnect.kr/fox/cls/clsView3271.html]
[class.foxconnect.kr/fox/cls/clsView2dc5.html]
[class.foxconnect.kr/fox/cls/clsViewa0f2-2.html]
[class.foxconnect.kr/fox/cls/clsViewbf37.html]
[class.foxconnect.kr/fox/cls/clsView63e1.html]
[class.foxconnect.kr/fox/cls/clsView6ad7.html]
[class.foxconnect.kr/fox/cls/clsViewf148.html]
[class.foxconnect.kr/fox/cls/clsView6873.html]
[class.foxconnect.kr/fox/cls/clsView7ae7.html]
[class.foxconnect.kr/fox/cls/clsView065b.html]
[class.foxconnect.kr/fox/cls/clsViewa036.html]
[class.foxconnect.kr/fox/cls/clsView8a50.html]
[class.foxconnect.kr/fox/cls/clsViewb5e7.html]
[class.foxconnect.kr/fox/cls/clsView748e.html]
[class.foxconnect.kr/fox/cls/clsView61d8.html]
[class.foxconnect.kr/fox/cls/clsView4db3.html]
[class.foxconnect.kr/fox/cls/clsView092c.html]
[class.foxconnect.kr/fox/cls/clsView7b66-2.html]
[class.foxconnect.kr/fox/cls/clsViewedb9.html]
[class.foxconnect.kr/fox/cls/clsViewcc1d.html]
[class.foxconnect.kr/fox/cls/clsViewbff2-2.html]
[class.foxconnect.kr/fox/cls/clsView8b15.html]
[class.foxconnect.kr/fox/cls/clsView5756.html]
[class.foxconnect.kr/fox/cls/clsView33a3.html]
[class.foxconnect.kr/fox/cls/clsView1cc4.html]
[class.foxconnect.kr/fox/cls/clsViewf597.html]
[class.foxconnect.kr/fox/cls/clsViewee68.html]
[class.foxconnect.kr/fox/cls/clsViewd93b.html]
[class.foxconnect.kr/fox/cls/clsView9541.html]
[class.foxconnect.kr/fox/cls/clsView72b8.html]
[class.foxconnect.kr/fox/cls/clsViewf439.html]
[class.foxconnect.kr/fox/cls/clsView2db5.html]
[class.foxconnect.kr/fox/cls/clsView429b.html]
[class.foxconnect.kr/fox/cls/clsView672f.html]
[class.foxconnect.kr/fox/cls/clsView3b5b-2.html]
[class.foxconnect.kr/fox/cls/clsView68a7.html]
[class.foxconnect.kr/fox/cls/clsView97f5.html]
[class.foxconnect.kr/fox/cls/clsView3837.html]
[class.foxconnect.kr/fox/cls/clsView4c6d.html]
[class.foxconnect.kr/fox/cls/clsViewb7ba.html]
[class.foxconnect.kr/fox/cls/clsView5291.html]
[class.foxconnect.kr/fox/cls/clsView5256.html]
[class.foxconnect.kr/fox/cls/clsView6b08.html]
[class.foxconnect.kr/fox/cls/clsView042a.html]
[class.foxconnect.kr/fox/cls/clsViewa507.html]
[class.foxconnect.kr/fox/cls/clsViewc3a9.html]
[class.foxconnect.kr/fox/cls/clsView925c.html]
[class.foxconnect.kr/fox/cls/clsViewc4d0.html]
[class.foxconnect.kr/fox/cls/clsView7f59.html]
[class.foxconnect.kr/fox/cls/clsView4f5a.html]
[class.foxconnect.kr/fox/cls/clsView3cb1.html]
[class.foxconnect.kr/fox/cls/clsViewa7d0.html]
[class.foxconnect.kr/fox/cls/clsViewdca6.html]
[class.foxconnect.kr/fox/cls/clsView9a75.html]
[class.foxconnect.kr/fox/cls/clsView469d.html]
[class.foxconnect.kr/fox/cls/clsViewed65.html]
[class.foxconnect.kr/fox/cls/clsView72d7.html]
[class.foxconnect.kr/fox/cls/clsView5d3e.html]
[class.foxconnect.kr/fox/cls/clsView49d3.html]
[class.foxconnect.kr/fox/cls/clsView4130.html]
[class.foxconnect.kr/fox/cls/clsViewd047.html]
[class.foxconnect.kr/fox/cls/clsView4ad9.html]
[class.foxconnect.kr/fox/cls/clsView396c.html]
[class.foxconnect.kr/fox/cls/clsView08cb.html]
[class.foxconnect.kr/fox/cls/clsViewf041.html]
[class.foxconnect.kr/fox/cls/clsViewe7e3.html]
[class.foxconnect.kr/fox/cls/clsViewa817.html]
[class.foxconnect.kr/fox/cls/clsViewec0a.html]
[class.foxconnect.kr/fox/cls/clsView2610.html]
[class.foxconnect.kr/fox/cls/clsViewb674.html]
[class.foxconnect.kr/fox/cls/clsViewaa13.html]
[class.foxconnect.kr/fox/cls/clsViewbdf9.html]
[class.foxconnect.kr/fox/cls/clsViewb118.html]
[class.foxconnect.kr/fox/cls/clsView4741.html]
[class.foxconnect.kr/fox/cls/clsViewe72b.html]
[class.foxconnect.kr/fox/cls/clsViewd4e6.html]
[class.foxconnect.kr/fox/cls/clsViewb6ee.html]
[class.foxconnect.kr/fox/cls/clsView586b.html]
[class.foxconnect.kr/fox/cls/clsView2389.html]
[class.foxconnect.kr/fox/cls/clsView4661.html]
[class.foxconnect.kr/fox/cls/clsView0f28.html]
[class.foxconnect.kr/fox/cls/clsView716c.html]
[class.foxconnect.kr/fox/cls/clsView5913.html]
[class.foxconnect.kr/fox/cls/clsViewb59e.html]
[class.foxconnect.kr/fox/cls/clsViewe220-2.html]
[class.foxconnect.kr/fox/cls/clsViewdfb4-2.html]
[class.foxconnect.kr/fox/cls/clsViewebe0.html]
[class.foxconnect.kr/fox/cls/clsViewb807.html]
[class.foxconnect.kr/fox/cls/clsViewf4bd.html]
[class.foxconnect.kr/fox/cls/clsViewe5c0.html]
[class.foxconnect.kr/fox/cls/clsView2011.html]
[class.foxconnect.kr/fox/cls/clsView876e.html]
[class.foxconnect.kr/fox/cls/clsViewcf2b.html]
[class.foxconnect.kr/fox/cls/clsViewbd75.html]
[class.foxconnect.kr/fox/cls/clsView2de5.html]
[class.foxconnect.kr/fox/cls/clsViewc53d-2.html]
[class.foxconnect.kr/fox/cls/clsView61dd.html]
[class.foxconnect.kr/fox/cls/clsView5847.html]
[class.foxconnect.kr/fox/cls/clsVieweb88.html]
[class.foxconnect.kr/fox/cls/clsViewd535.html]
[class.foxconnect.kr/fox/cls/clsView3351.html]
[class.foxconnect.kr/fox/cls/clsViewc632.html]
[class.foxconnect.kr/fox/cls/clsViewa884.html]
[class.foxconnect.kr/fox/cls/clsViewd5b0.html]
[class.foxconnect.kr/fox/cls/clsView7bf1.html]
[class.foxconnect.kr/fox/cls/clsView8f84.html]
[class.foxconnect.kr/fox/cls/clsViewe2f0.html]
[class.foxconnect.kr/fox/cls/clsView14e4.html]
[class.foxconnect.kr/fox/cls/clsViewfca0.html]
[class.foxconnect.kr/fox/cls/clsView8514.html]
[class.foxconnect.kr/fox/cls/clsViewa5da.html]
[class.foxconnect.kr/fox/cls/clsViewfeab.html]
[class.foxconnect.kr/fox/cls/clsView1b09.html]
[class.foxconnect.kr/fox/cls/clsView9b8d.html]
[class.foxconnect.kr/fox/cls/clsView7c03.html]
[class.foxconnect.kr/fox/cls/clsView5825.html]
[class.foxconnect.kr/fox/cls/clsViewa20c.html]
[class.foxconnect.kr/fox/cls/clsViewa36b.html]
[class.foxconnect.kr/fox/cls/clsViewe350.html]
[class.foxconnect.kr/fox/cls/clsView9996.html]
[class.foxconnect.kr/fox/cls/clsView6237.html]
[class.foxconnect.kr/fox/cls/clsView41c2.html]
[class.foxconnect.kr/fox/cls/clsView19a2.html]
[class.foxconnect.kr/fox/cls/clsView2ab3.html]
[class.foxconnect.kr/fox/cls/clsView4ced.html]
[class.foxconnect.kr/fox/cls/clsViewd3a8.html]
[class.foxconnect.kr/fox/cls/clsView901b.html]
[class.foxconnect.kr/fox/cls/clsView70c9.html]
[class.foxconnect.kr/fox/cls/clsView6bbf.html]
[class.foxconnect.kr/fox/cls/clsView8383.html]
[class.foxconnect.kr/fox/cls/clsViewff4c.html]
[class.foxconnect.kr/fox/cls/clsView55ce.html]
[class.foxconnect.kr/fox/cls/clsView4e2d.html]
[class.foxconnect.kr/fox/cls/clsView01c0.html]
[class.foxconnect.kr/fox/cls/clsView4e51.html]
[class.foxconnect.kr/fox/cls/clsViewd7f8.html]
[class.foxconnect.kr/fox/cls/clsViewa8e6.html]
[class.foxconnect.kr/fox/cls/clsView15de.html]
[class.foxconnect.kr/fox/cls/clsView5b86.html]
[class.foxconnect.kr/fox/cls/clsView2a7d.html]
[class.foxconnect.kr/fox/cls/clsView6cc2.html]
[class.foxconnect.kr/fox/cls/clsViewd491.html]
[class.foxconnect.kr/fox/cls/clsView0aaa.html]
[class.foxconnect.kr/fox/cls/clsView8314.html]
[class.foxconnect.kr/fox/cls/clsViewe943.html]
[class.foxconnect.kr/fox/cls/clsView7cb4.html]
[class.foxconnect.kr/fox/cls/clsViewebe4.html]
[class.foxconnect.kr/fox/cls/clsViewd343.html]
[class.foxconnect.kr/fox/cls/clsViewa157.html]
[class.foxconnect.kr/fox/cls/clsView9fc5.html]
[class.foxconnect.kr/fox/cls/clsViewb7c1.html]
[class.foxconnect.kr/fox/cls/clsViewe283.html]
[class.foxconnect.kr/fox/cls/clsViewb246.html]
[class.foxconnect.kr/fox/cls/clsView2a75.html]
[class.foxconnect.kr/fox/cls/clsViewa9c2.html]
[class.foxconnect.kr/fox/cls/clsView7e0a.html]
[class.foxconnect.kr/fox/cls/clsViewf9ae.html]
[class.foxconnect.kr/fox/cls/clsView2f13.html]
[class.foxconnect.kr/fox/cls/clsView1b61.html]
[class.foxconnect.kr/fox/cls/clsView8821.html]
[class.foxconnect.kr/fox/cls/clsViewe994.html]
[class.foxconnect.kr/fox/cls/clsView09de.html]
[class.foxconnect.kr/fox/cls/clsView4891.html]
[class.foxconnect.kr/fox/cls/clsView25da.html]
[class.foxconnect.kr/fox/cls/clsViewfc48.html]
[class.foxconnect.kr/fox/cls/clsView9f1b.html]
[class.foxconnect.kr/fox/cls/clsVieweb21.html]
[class.foxconnect.kr/fox/cls/clsViewb017.html]
[class.foxconnect.kr/fox/cls/clsViewb8c5.html]
[class.foxconnect.kr/fox/cls/clsView18d0.html]
[class.foxconnect.kr/fox/cls/clsView806d.html]
[class.foxconnect.kr/fox/cls/clsView564a.html]
[class.foxconnect.kr/fox/cls/clsView04d6.html]
[class.foxconnect.kr/fox/cls/clsView06b0.html]
[class.foxconnect.kr/fox/cls/clsView9648.html]
[class.foxconnect.kr/fox/cls/clsViewcaf3.html]
[class.foxconnect.kr/fox/cls/clsView97b5.html]
[class.foxconnect.kr/fox/cls/clsViewa151.html]
[class.foxconnect.kr/fox/cls/clsView10f0.html]
[class.foxconnect.kr/fox/cls/clsViewb711.html]
[class.foxconnect.kr/fox/cls/clsViewede4.html]
[class.foxconnect.kr/fox/cls/clsViewdb89.html]
[class.foxconnect.kr/fox/cls/clsView06b4.html]
[class.foxconnect.kr/fox/cls/clsViewa885.html]
[class.foxconnect.kr/fox/cls/clsViewbf1a.html]
[class.foxconnect.kr/fox/cls/clsView0af0.html]
[class.foxconnect.kr/fox/cls/clsView9513.html]
[class.foxconnect.kr/fox/cls/clsView2b9b.html]
[class.foxconnect.kr/fox/cls/clsView0d47.html]
[class.foxconnect.kr/fox/cls/clsView160e.html]
[class.foxconnect.kr/fox/cls/clsView8936.html]
[class.foxconnect.kr/fox/cls/clsView87ce.html]
[class.foxconnect.kr/fox/cls/clsView2a05.html]
[class.foxconnect.kr/fox/cls/clsView7a79.html]
[class.foxconnect.kr/fox/cls/clsView84db.html]
[class.foxconnect.kr/fox/cls/clsView5103.html]
[class.foxconnect.kr/fox/cls/clsView9804.html]
[class.foxconnect.kr/fox/cls/clsView2ed9.html]
[class.foxconnect.kr/fox/cls/clsView8d98-2.html]
[class.foxconnect.kr/fox/cls/clsView72fa.html]
[class.foxconnect.kr/fox/cls/clsView8f97.html]
[class.foxconnect.kr/fox/cls/clsViewaf14.html]
[class.foxconnect.kr/fox/cls/clsViewc625.html]
[class.foxconnect.kr/fox/cls/clsViewc557.html]
[class.foxconnect.kr/fox/cls/clsView50d2.html]
[class.foxconnect.kr/fox/cls/clsView07a1.html]
[class.foxconnect.kr/fox/cls/clsViewd56d-2.html]
[class.foxconnect.kr/fox/cls/clsView75be.html]
[class.foxconnect.kr/fox/cls/clsViewe8df.html]
[class.foxconnect.kr/fox/cls/clsViewb957.html]
[class.foxconnect.kr/fox/cls/clsViewafd6.html]
[class.foxconnect.kr/fox/cls/clsViewce8d.html]
[class.foxconnect.kr/fox/cls/clsView456d.html]
[class.foxconnect.kr/fox/cls/clsViewa122.html]
[class.foxconnect.kr/fox/cls/clsView7819.html]
[class.foxconnect.kr/fox/cls/clsView75c8.html]
[class.foxconnect.kr/fox/cls/clsViewdf7c.html]
[class.foxconnect.kr/fox/cls/clsView06a6.html]
[class.foxconnect.kr/fox/cls/clsView0be2.html]
[class.foxconnect.kr/fox/cls/clsViewb9fa.html]
[class.foxconnect.kr/fox/cls/clsView3f5a.html]
[class.foxconnect.kr/fox/cls/clsViewf981.html]
[class.foxconnect.kr/fox/cls/clsView44f6.html]
[class.foxconnect.kr/fox/cls/clsView2d5d.html]
[class.foxconnect.kr/fox/cls/clsView1e8d.html]
[class.foxconnect.kr/fox/cls/clsView5336.html]
[class.foxconnect.kr/fox/cls/clsViewdbb6.html]
[class.foxconnect.kr/fox/cls/clsViewef31.html]
[class.foxconnect.kr/fox/cls/clsView2db9.html]
[class.foxconnect.kr/fox/cls/clsView9e91.html]
[class.foxconnect.kr/fox/cls/clsView7a15.html]
[class.foxconnect.kr/fox/cls/clsView9f7d-2.html]
[class.foxconnect.kr/fox/cls/clsViewc4a9.html]
[class.foxconnect.kr/fox/cls/clsView27c7.html]
[class.foxconnect.kr/fox/cls/clsViewaaa4.html]
[class.foxconnect.kr/fox/cls/clsViewc9bc.html]
[class.foxconnect.kr/fox/cls/clsView31d9.html]
[class.foxconnect.kr/fox/cls/clsView58f8.html]
[class.foxconnect.kr/fox/cls/clsViewc444.html]
[class.foxconnect.kr/fox/cls/clsViewf31f.html]
[class.foxconnect.kr/fox/cls/clsViewe9c7.html]
[class.foxconnect.kr/fox/cls/clsView3884.html]
[class.foxconnect.kr/fox/cls/clsViewf0c4.html]
[class.foxconnect.kr/fox/cls/clsViewe97c.html]
[class.foxconnect.kr/fox/cls/clsViewa9d3.html]
[class.foxconnect.kr/fox/cls/clsView8853.html]
[class.foxconnect.kr/fox/cls/clsView3ce5.html]
[class.foxconnect.kr/fox/cls/clsView5edf.html]
[class.foxconnect.kr/fox/cls/clsView8ac2.html]
[class.foxconnect.kr/fox/cls/clsView135b.html]
[class.foxconnect.kr/fox/cls/clsView3b88.html]
[class.foxconnect.kr/fox/cls/clsView26bd.html]
[class.foxconnect.kr/fox/cls/clsView03dc.html]
[class.foxconnect.kr/fox/cls/clsView54a2.html]
[class.foxconnect.kr/fox/cls/clsViewf307.html]
[class.foxconnect.kr/fox/cls/clsViewcd08.html]
[class.foxconnect.kr/fox/cls/clsView85fa.html]
[class.foxconnect.kr/fox/cls/clsView1133.html]
[class.foxconnect.kr/fox/cls/clsView63e4.html]
[class.foxconnect.kr/fox/cls/clsViewd3ce.html]
[class.foxconnect.kr/fox/cls/clsView873e.html]
[class.foxconnect.kr/fox/cls/clsViewba87.html]
[class.foxconnect.kr/fox/cls/clsView974b.html]
[class.foxconnect.kr/fox/cls/clsViewf8b1.html]
[class.foxconnect.kr/fox/cls/clsView128c.html]
[class.foxconnect.kr/fox/cls/clsView15f3.html]
[class.foxconnect.kr/fox/cls/clsViewf88a.html]
[class.foxconnect.kr/fox/cls/clsView16a2.html]
[class.foxconnect.kr/fox/cls/clsView5c6a.html]
[class.foxconnect.kr/fox/cls/clsViewe3d2.html]
[class.foxconnect.kr/fox/cls/clsViewe036.html]
[class.foxconnect.kr/fox/cls/clsView42fa.html]
[class.foxconnect.kr/fox/cls/clsViewaff9.html]
[class.foxconnect.kr/fox/cls/clsViewea29.html]
[class.foxconnect.kr/fox/cls/clsViewab4a.html]
[class.foxconnect.kr/fox/cls/clsView2b3b.html]
[class.foxconnect.kr/fox/cls/clsViewd982.html]
[class.foxconnect.kr/fox/cls/clsViewd76b.html]
[class.foxconnect.kr/fox/cls/clsViewdd47.html]
[class.foxconnect.kr/fox/cls/clsViewf2ea.html]
[class.foxconnect.kr/fox/cls/clsView2147.html]
[class.foxconnect.kr/fox/cls/clsView664d.html]
[class.foxconnect.kr/fox/cls/clsView5ceb.html]
[class.foxconnect.kr/fox/cls/clsView96b8.html]
[class.foxconnect.kr/fox/cls/clsViewacd1.html]
[class.foxconnect.kr/fox/cls/clsView46c0.html]
[class.foxconnect.kr/fox/cls/clsView0245.html]
[class.foxconnect.kr/fox/cls/clsView2a1d.html]
[class.foxconnect.kr/fox/cls/clsViewce8b.html]
[class.foxconnect.kr/fox/cls/clsViewa5f0.html]
[class.foxconnect.kr/fox/cls/clsView85c3.html]
[class.foxconnect.kr/fox/cls/clsView52b5.html]
[class.foxconnect.kr/fox/cls/clsView80dd.html]
[class.foxconnect.kr/fox/cls/clsView9331.html]
[class.foxconnect.kr/fox/cls/clsView3414.html]
[class.foxconnect.kr/fox/cls/clsView30ec.html]
[class.foxconnect.kr/fox/cls/clsView555a.html]
[class.foxconnect.kr/fox/cls/clsView0779.html]
[class.foxconnect.kr/fox/cls/clsViewd8c6.html]
[class.foxconnect.kr/fox/cls/clsView312c.html]
[class.foxconnect.kr/fox/cls/clsView7239.html]
[class.foxconnect.kr/fox/cls/clsView6e26.html]
[class.foxconnect.kr/fox/cls/clsView08ed.html]
[class.foxconnect.kr/fox/cls/clsView0fa3.html]
[class.foxconnect.kr/fox/cls/clsViewbbf5.html]
[class.foxconnect.kr/fox/cls/clsView0998.html]
[class.foxconnect.kr/fox/cls/clsView40a3.html]
[class.foxconnect.kr/fox/cls/clsView77a9.html]
[class.foxconnect.kr/fox/cls/clsViewd7d8.html]
[class.foxconnect.kr/fox/cls/clsViewcd48.html]
[class.foxconnect.kr/fox/cls/clsViewe1c9-2.html]
[class.foxconnect.kr/fox/cls/clsView5e8a.html]
[class.foxconnect.kr/fox/cls/clsViewdbc3.html]
[class.foxconnect.kr/fox/cls/clsView2450.html]
[class.foxconnect.kr/fox/cls/clsView3eea.html]
[class.foxconnect.kr/fox/cls/clsView46e5.html]
[class.foxconnect.kr/fox/cls/clsView3ad9.html]
[class.foxconnect.kr/fox/cls/clsView01e1.html]
[class.foxconnect.kr/fox/cls/clsViewe29b.html]
[class.foxconnect.kr/fox/cls/clsViewd75c.html]
[class.foxconnect.kr/fox/cls/clsView8ef0.html]
[class.foxconnect.kr/fox/cls/clsViewd223.html]
[class.foxconnect.kr/fox/cls/clsView0f90.html]
[class.foxconnect.kr/fox/cls/clsViewc85c-2.html]
[class.foxconnect.kr/fox/cls/clsViewa2fe.html]
[class.foxconnect.kr/fox/cls/clsView559e.html]
[class.foxconnect.kr/fox/cls/clsView845e.html]
[class.foxconnect.kr/fox/cls/clsViewc2b3.html]
[class.foxconnect.kr/fox/cls/globalSearchf626.html]
[class.foxconnect.kr/fox/cls/clsViewd0ff.html]
[class.foxconnect.kr/contents/CLASS/THUMB/20230808/20230808105824475_thumb_1920x1080.jpg]
[class.foxconnect.kr/fox/cls/clsViewa793.html]
[class.foxconnect.kr/contents/CLASS/THUMB/20230808/20230808105440391_thumb_1920x1080.jpg]
[class.foxconnect.kr/fox/cls/clsViewf55d.html]
[class.foxconnect.kr/contents/CLASS/THUMB/20230808/20230808105050487_thumb_1920x1080.jpg]
[class.foxconnect.kr/fox/cls/globalSearch60fa.html]
[class.foxconnect.kr/fox/cls/clsView1fbb.html]
[class.foxconnect.kr/contents/CLASS/THUMB/20230808/20230808102929033_thumb_1920x1080.jpg]
[class.foxconnect.kr/fox/cls/clsView27ea.html]
[class.foxconnect.kr/fox/cls/globalSearchfa65.html]
[class.foxconnect.kr/contents/CLASS/THUMB/20230808/20230808094956394_thumb_1920x1080.jpg]
[class.foxconnect.kr/fox/cls/globalSearchfe83.html]
[class.foxconnect.kr/fox/cls/globalSearchae75.html]
[class.foxconnect.kr/fox/cls/clsViewa9b7.html]
[class.foxconnect.kr/contents/CLASS/THUMB/20241219/20241219095221844_thumb_1920x1080.jpg]
[class.foxconnect.kr/fox/cls/clsView9580.html]
[class.foxconnect.kr/contents/CLASS/THUMB/20241219/20241219095249899_thumb_1920x1080.jpg]
[class.foxconnect.kr/fox/cls/clsView7d85.html]
[class.foxconnect.kr/contents/CLASS/THUMB/20241219/20241219104636245_thumb_1920x1080.jpg]
[class.foxconnect.kr/fox/cls/clsViewe06d.html]
[class.foxconnect.kr/contents/CLASS/THUMB/20241219/20241219104840299_thumb_1920x1080.jpg]
[class.foxconnect.kr/fox/cls/clsView516d.html]
[class.foxconnect.kr/contents/CLASS/THUMB/20241219/20241219104908584_thumb_1920x1080.jpg]
[class.foxconnect.kr/fox/cls/clsViewc907.html]
[class.foxconnect.kr/contents/CLASS/THUMB/20241219/20241219104939956_thumb_1920x1080.jpg]
[class.foxconnect.kr/fox/cls/clsView1372.html]
[class.foxconnect.kr/contents/CLASS/THUMB/20241219/20241219105009963_thumb_1920x1080.jpg]
[class.foxconnect.kr/fox/cls/clsViewc6b8.html]
[class.foxconnect.kr/contents/CLASS/THUMB/20241219/20241219105044375_thumb_1920x1080.jpg]
[class.foxconnect.kr/fox/cls/clsView59be.html]
[class.foxconnect.kr/contents/CLASS/THUMB/20241219/20241219105510962_thumb_1920x1080.jpg]
[class.foxconnect.kr/fox/cls/clsViewfb76.html]
[class.foxconnect.kr/contents/CLASS/THUMB/20241219/20241219105718818_thumb_1920x1080.jpg]
[class.foxconnect.kr/fox/cls/clsView225e.html]
[class.foxconnect.kr/fox/cls/globalSearch346d.html]
[class.foxconnect.kr/contents/CLASS/THUMB/20241219/20241219105859535_thumb_1920x1080.jpg]
[class.foxconnect.kr/fox/cls/clsViewcce7.html]
[class.foxconnect.kr/contents/CLASS/THUMB/20241219/20241219105926029_thumb_1920x1080.jpg]
[class.foxconnect.kr/fox/cls/clsView4d85.html]
[class.foxconnect.kr/contents/CLASS/THUMB/20241219/20241219110000841_thumb_1920x1080.jpg]
[class.foxconnect.kr/fox/cls/clsViewaa3c.html]
[class.foxconnect.kr/contents/CLASS/THUMB/20241219/20241219110029818_thumb_1920x1080.jpg]
[class.foxconnect.kr/fox/cls/clsView75a3.html]
[class.foxconnect.kr/contents/CLASS/THUMB/20241219/20241219110424363_thumb_1920x1080.jpg]
[class.foxconnect.kr/fox/cls/clsView785e.html]
[class.foxconnect.kr/contents/CLASS/THUMB/20241219/20241219110452131_thumb_1920x1080.jpg]
[class.foxconnect.kr/fox/cls/clsViewe73f.html]
[class.foxconnect.kr/contents/CLASS/THUMB/20241219/20241219112123158_thumb_1920x1080.jpg]
[class.foxconnect.kr/fox/cls/clsView20c2.html]
[class.foxconnect.kr/contents/CLASS/THUMB/20241219/20241219112212044_thumb_1920x1080.jpg]
[class.foxconnect.kr/fox/cls/clsView3451.html]
[class.foxconnect.kr/contents/CLASS/THUMB/20241219/20241219124520280_thumb_1920x1080.jpg]
[class.foxconnect.kr/fox/cls/clsView7a47.html]
[class.foxconnect.kr/contents/CLASS/THUMB/20241219/20241219124554112_thumb_1920x1080.jpg]
[class.foxconnect.kr/fox/cls/clsView4dbf.html]
[class.foxconnect.kr/contents/CLASS/THUMB/20241219/20241219124647452_thumb_1920x1080.jpg]
[class.foxconnect.kr/fox/cls/clsViewb57f.html]
[class.foxconnect.kr/contents/CLASS/THUMB/20241219/20241219124714479_thumb_1920x1080.jpg]
[class.foxconnect.kr/fox/cls/clsViewd0b4-2.html]
[class.foxconnect.kr/contents/CLASS/THUMB/20241219/20241219124750537_thumb_1920x1080.jpg]
[class.foxconnect.kr/fox/cls/clsViewaa88.html]
[class.foxconnect.kr/contents/CLASS/THUMB/20241219/20241219124932435_thumb_1920x1080.jpg]
[class.foxconnect.kr/fox/cls/clsView2d2d.html]
[class.foxconnect.kr/contents/CLASS/THUMB/20241219/20241219125002850_thumb_1920x1080.jpg]
[class.foxconnect.kr/fox/cls/clsView8d52.html]
[class.foxconnect.kr/contents/CLASS/THUMB/20241219/20241219125031000_thumb_1920x1080.jpg]
[class.foxconnect.kr/fox/cls/clsView94a5.html]
[class.foxconnect.kr/contents/CLASS/THUMB/20241219/20241219125157060_thumb_1920x1080.jpg]
[class.foxconnect.kr/fox/cls/clsViewc11e.html]
[class.foxconnect.kr/contents/CLASS/THUMB/20241219/20241219125617759_thumb_1920x1080.jpg]
[class.foxconnect.kr/fox/cls/clsView8dad.html]
[class.foxconnect.kr/contents/CLASS/THUMB/20241219/20241219125646554_thumb_1920x1080.jpg]
[class.foxconnect.kr/fox/cls/clsView4a96.html]
[class.foxconnect.kr/contents/CLASS/THUMB/20241219/20241219125724308_thumb_1920x1080.jpg]
[class.foxconnect.kr/fox/cls/clsView087a.html]
[class.foxconnect.kr/fox/cls/globalSearchcd8a.html]
[class.foxconnect.kr/contents/CLASS/THUMB/20241219/20241219125751846_thumb_1920x1080.jpg]
[class.foxconnect.kr/fox/cls/clsView02ff.html]
[class.foxconnect.kr/contents/CLASS/THUMB/20241219/20241219125819617_thumb_1920x1080.jpg]
[class.foxconnect.kr/fox/cls/clsViewea94-2.html]
[class.foxconnect.kr/contents/CLASS/THUMB/20241219/20241219125854620_thumb_1920x1080.jpg]
[class.foxconnect.kr/fox/cls/clsViewb23b.html]
[class.foxconnect.kr/contents/CLASS/THUMB/20241219/20241219125922318_thumb_1920x1080.jpg]
[class.foxconnect.kr/fox/cls/clsViewd23f.html]
[class.foxconnect.kr/contents/CLASS/THUMB/20241219/20241219013632226_thumb_1920x1080.jpg]
[class.foxconnect.kr/fox/cls/clsView65cb.html]
[class.foxconnect.kr/contents/CLASS/THUMB/20241219/20241219013703231_thumb_1920x1080.jpg]
[class.foxconnect.kr/fox/cls/clsView2028.html]
[class.foxconnect.kr/contents/CLASS/THUMB/20241219/20241219013735711_thumb_1920x1080.jpg]
[class.foxconnect.kr/fox/cls/clsViewe0cb.html]
[class.foxconnect.kr/contents/CLASS/THUMB/20241219/20241219013805453_thumb_1920x1080.jpg]
[class.foxconnect.kr/fox/cls/clsView9859.html]
[class.foxconnect.kr/contents/CLASS/THUMB/20241219/20241219013839104_thumb_1920x1080.jpg]
[class.foxconnect.kr/fox/cls/clsView3700.html]
[class.foxconnect.kr/contents/CLASS/THUMB/20241219/20241219013946383_thumb_1920x1080.jpg]
[class.foxconnect.kr/fox/cls/clsViewe2ce.html]
[class.foxconnect.kr/contents/CLASS/THUMB/20241219/20241219014305580_thumb_1920x1080.jpg]
[class.foxconnect.kr/fox/cls/clsViewea1b.html]
[class.foxconnect.kr/contents/CLASS/THUMB/20241219/20241219014333707_thumb_1920x1080.jpg]
[class.foxconnect.kr/fox/cls/clsView542e.html]
[class.foxconnect.kr/contents/CLASS/THUMB/20241219/20241219014401794_thumb_1920x1080.jpg]
[class.foxconnect.kr/fox/cls/clsViewd362.html]
[class.foxconnect.kr/contents/CLASS/THUMB/20241219/20241219014522648_thumb_1920x1080.jpg]
[class.foxconnect.kr/fox/cls/clsViewc1ff.html]
[class.foxconnect.kr/contents/CLASS/THUMB/20241219/20241219014656137_thumb_1920x1080.jpg]
[class.foxconnect.kr/fox/cls/clsViewf5cd.html]
[class.foxconnect.kr/contents/CLASS/THUMB/20241219/20241219014804774_thumb_1920x1080.jpg]
[class.foxconnect.kr/fox/cls/clsViewfd8b.html]
[class.foxconnect.kr/contents/CLASS/THUMB/20241219/20241219014854821_thumb_1920x1080.jpg]
[class.foxconnect.kr/fox/cls/clsView2ca0.html]
[class.foxconnect.kr/contents/CLASS/THUMB/20241219/20241219014936522_thumb_1920x1080.jpg]
[class.foxconnect.kr/fox/cls/clsView0f6f.html]
[class.foxconnect.kr/contents/CLASS/THUMB/20241219/20241219015145578_thumb_1920x1080.jpg]
[class.foxconnect.kr/fox/cls/clsView28ad.html]
[class.foxconnect.kr/contents/CLASS/THUMB/20241219/20241219015221184_thumb_1920x1080.jpg]
[class.foxconnect.kr/fox/cls/clsView93a5.html]
[class.foxconnect.kr/contents/CLASS/THUMB/20241219/20241219015248398_thumb_1920x1080.jpg]
[class.foxconnect.kr/fox/cls/globalSearch423f.html]
[class.foxconnect.kr/fox/cls/clsView255a.html]
[class.foxconnect.kr/contents/CLASS/THUMB/20241219/20241219015316074_thumb_1920x1080.jpg]
[class.foxconnect.kr/fox/cls/clsViewc0cf.html]
[class.foxconnect.kr/contents/CLASS/THUMB/20241219/20241219015341985_thumb_1920x1080.jpg]
[class.foxconnect.kr/fox/cls/clsViewf124.html]
[class.foxconnect.kr/contents/CLASS/THUMB/20241219/20241219015412020_thumb_1920x1080.jpg]
[class.foxconnect.kr/fox/cls/clsView40b1.html]
[class.foxconnect.kr/contents/CLASS/THUMB/20241219/20241219015441158_thumb_1920x1080.jpg]
[class.foxconnect.kr/fox/cls/clsView14b7.html]
[class.foxconnect.kr/contents/CLASS/THUMB/20241219/20241219015508439_thumb_1920x1080.jpg]
[class.foxconnect.kr/fox/cls/clsView6cd4.html]
[class.foxconnect.kr/contents/CLASS/THUMB/20241219/20241219015703603_thumb_1920x1080.jpg]
[class.foxconnect.kr/fox/cls/clsView8e51.html]
[class.foxconnect.kr/contents/CLASS/THUMB/20241219/20241219015730665_thumb_1920x1080.jpg]
[class.foxconnect.kr/fox/cls/clsView9d72.html]
[class.foxconnect.kr/contents/CLASS/THUMB/20241219/20241219015951721_thumb_1920x1080.jpg]
[class.foxconnect.kr/fox/cls/clsView728d.html]
[class.foxconnect.kr/contents/CLASS/THUMB/20241219/20241219020027221_thumb_1920x1080.jpg]
[class.foxconnect.kr/fox/cls/clsView040d.html]
[class.foxconnect.kr/contents/CLASS/THUMB/20241219/20241219020131416_thumb_1920x1080.jpg]
[class.foxconnect.kr/fox/cls/clsView8082.html]
[class.foxconnect.kr/contents/CLASS/THUMB/20241219/20241219020204002_thumb_1920x1080.jpg]
[class.foxconnect.kr/fox/cls/clsViewfdc4.html]
[class.foxconnect.kr/contents/CLASS/THUMB/20241219/20241219022241872_thumb_1920x1080.jpg]
[class.foxconnect.kr/fox/cls/clsView2bb5.html]
[class.foxconnect.kr/contents/CLASS/THUMB/20241219/20241219022308213_thumb_1920x1080.jpg]
[class.foxconnect.kr/fox/cls/clsView21ca.html]
[class.foxconnect.kr/contents/CLASS/THUMB/20241219/20241219022350573_thumb_1920x1080.jpg]
[class.foxconnect.kr/fox/cls/clsView07eb.html]
[class.foxconnect.kr/contents/CLASS/THUMB/20241219/20241219022426799_thumb_1920x1080.jpg]
[class.foxconnect.kr/fox/cls/clsView9c41.html]
[class.foxconnect.kr/contents/CLASS/THUMB/20241219/20241219022455755_thumb_1920x1080.jpg]
[class.foxconnect.kr/fox/cls/clsViewbee7.html]
[class.foxconnect.kr/contents/CLASS/THUMB/20241219/20241219022521908_thumb_1920x1080.jpg]
[class.foxconnect.kr/fox/cls/clsView5696.html]
[class.foxconnect.kr/contents/CLASS/THUMB/20241219/20241219022549708_thumb_1920x1080.jpg]
[class.foxconnect.kr/fox/cls/clsView4344.html]
[class.foxconnect.kr/contents/CLASS/THUMB/20241219/20241219022618692_thumb_1920x1080.jpg]
[class.foxconnect.kr/fox/cls/clsView7377.html]
[class.foxconnect.kr/fox/cls/globalSearch66b3.html]
[class.foxconnect.kr/contents/CLASS/THUMB/20241219/20241219022647989_thumb_1920x1080.jpg]
[class.foxconnect.kr/fox/cls/clsView4cac.html]
[class.foxconnect.kr/contents/CLASS/THUMB/20241219/20241219022714978_thumb_1920x1080.jpg]
[class.foxconnect.kr/fox/cls/clsView2ec6.html]
[class.foxconnect.kr/contents/CLASS/THUMB/20241219/20241219022744062_thumb_1920x1080.jpg]
[class.foxconnect.kr/fox/cls/clsView7ae5.html]
[class.foxconnect.kr/contents/CLASS/THUMB/20241219/20241219022813306_thumb_1920x1080.jpg]
[class.foxconnect.kr/fox/cls/clsView099a.html]
[class.foxconnect.kr/contents/CLASS/THUMB/20241219/20241219022840206_thumb_1920x1080.jpg]
[class.foxconnect.kr/fox/cls/clsView4a72.html]
[class.foxconnect.kr/contents/CLASS/THUMB/20241219/20241219022906598_thumb_1920x1080.jpg]
[class.foxconnect.kr/fox/cls/clsViewb89f-2.html]
[class.foxconnect.kr/contents/CLASS/THUMB/20241219/20241219022933647_thumb_1920x1080.jpg]
[class.foxconnect.kr/fox/cls/clsViewb7d6.html]
[class.foxconnect.kr/contents/CLASS/THUMB/20241219/20241219023001381_thumb_1920x1080.jpg]
[class.foxconnect.kr/fox/cls/clsView3a5c.html]
[class.foxconnect.kr/contents/CLASS/THUMB/20241219/20241219023502865_thumb_1920x1080.jpg]
[class.foxconnect.kr/fox/cls/clsView0f6f-2.html]
[class.foxconnect.kr/contents/CLASS/THUMB/20241219/20241219023530311_thumb_1920x1080.jpg]
[class.foxconnect.kr/fox/cls/clsViewadc7.html]
[class.foxconnect.kr/contents/CLASS/THUMB/20241219/20241219023831682_thumb_1920x1080.jpg]
[class.foxconnect.kr/fox/cls/clsViewb84e.html]
[class.foxconnect.kr/contents/CLASS/THUMB/20241219/20241219023900707_thumb_1920x1080.jpg]
[class.foxconnect.kr/fox/cls/clsView40e2.html]
[class.foxconnect.kr/contents/CLASS/THUMB/20241219/20241219023950875_thumb_1920x1080.jpg]
[class.foxconnect.kr/fox/cls/clsView0226.html]
[class.foxconnect.kr/contents/CLASS/THUMB/20241219/20241219024152110_thumb_1920x1080.jpg]
[class.foxconnect.kr/fox/cls/clsViewcbd6.html]
[class.foxconnect.kr/contents/CLASS/THUMB/20241219/20241219024222934_thumb_1920x1080.jpg]
[class.foxconnect.kr/fox/cls/clsView1527.html]
[class.foxconnect.kr/contents/CLASS/THUMB/20241219/20241219024251028_thumb_1920x1080.jpg]
[class.foxconnect.kr/fox/cls/clsView4ed6.html]
[class.foxconnect.kr/contents/CLASS/THUMB/20241219/20241219024322266_thumb_1920x1080.jpg]
[class.foxconnect.kr/fox/cls/clsViewf63e.html]
[class.foxconnect.kr/contents/CLASS/THUMB/20241219/20241219024349654_thumb_1920x1080.jpg]
[class.foxconnect.kr/fox/cls/clsViewe4e6.html]
[class.foxconnect.kr/contents/CLASS/THUMB/20241219/20241219024418388_thumb_1920x1080.jpg]
[class.foxconnect.kr/fox/cls/clsView0af4.html]
[class.foxconnect.kr/contents/CLASS/THUMB/20241219/20241219024448429_thumb_1920x1080.jpg]
[class.foxconnect.kr/fox/cls/clsView6223.html]
[class.foxconnect.kr/contents/CLASS/THUMB/20241219/20241219024527475_thumb_1920x1080.jpg]
[class.foxconnect.kr/fox/cls/globalSearch86a5.html]
[class.foxconnect.kr/fox/cls/globalSearchee17.html]
[class.foxconnect.kr/fox/cls/globalSearchd09b.html]
[class.foxconnect.kr/fox/cls/globalSearchc132.html]
[class.foxconnect.kr/fox/cls/globalSearch2a43.html]
[class.foxconnect.kr/fox/cls/globalSearch6d2c.html]
[class.foxconnect.kr/fox/cls/globalSearcha853.html]
[class.foxconnect.kr/fox/cls/globalSearch3d1a.html]
[class.foxconnect.kr/fox/cls/globalSearchddb2.html]
[class.foxconnect.kr/fox/cls/globalSearch5cde.html]
[class.foxconnect.kr/fox/cls/globalSearch71eb.html]
[class.foxconnect.kr/fox/cls/clsView9c5f.html]
[class.foxconnect.kr/fox/cls/clsView22b9.html]
[class.foxconnect.kr/fox/cls/clsViewf1b3.html]
[class.foxconnect.kr/fox/cls/clsView3691.html]
[class.foxconnect.kr/fox/cls/clsView0e7d.html]
[class.foxconnect.kr/fox/cls/clsView412b.html]
[class.foxconnect.kr/fox/cls/clsView91bb.html]
[class.foxconnect.kr/fox/cls/clsView3530.html]
[class.foxconnect.kr/fox/cls/clsView498b.html]
[class.foxconnect.kr/fox/cls/clsViewb2f1.html]
[class.foxconnect.kr/fox/cls/clsView1a97.html]
[class.foxconnect.kr/fox/cls/clsView46e5-2.html]
[class.foxconnect.kr/fox/cls/clsView8f14.html]
[class.foxconnect.kr/fox/cls/clsView5118.html]
[class.foxconnect.kr/fox/cls/clsViewe6c6.html]
[class.foxconnect.kr/fox/cls/clsViewfe96.html]
[class.foxconnect.kr/fox/cls/clsViewf66f.html]
[class.foxconnect.kr/fox/cls/clsView1759.html]
[class.foxconnect.kr/fox/cls/globalSearch7088.html]
[class.foxconnect.kr/fox/cls/globalSearch9376.html]
[class.foxconnect.kr/fox/cls/globalSearch4b31.html]
[class.foxconnect.kr/fox/cls/globalSearchb028.html]
[class.foxconnect.kr/fox/cls/globalSearch035f.html]
[class.foxconnect.kr/fox/cls/globalSearch21ae.html]
[class.foxconnect.kr/fox/cls/globalSearch27e5.html]
[class.foxconnect.kr/fox/cls/globalSearche667.html]
[class.foxconnect.kr/fox/cls/globalSearch9dc3.html]
[class.foxconnect.kr/fox/cls/globalSearchee39.html]
[class.foxconnect.kr/fox/cls/globalSearch03f9.html]
[class.foxconnect.kr/fox/cls/globalSearchd933.html]
[class.foxconnect.kr/fox/cls/globalSearch8247.html]
[class.foxconnect.kr/fox/cls/globalSearch48d1.html]
[class.foxconnect.kr/fox/cls/globalSearch2ced.html]
[class.foxconnect.kr/fox/cls/clsViewaaa2.html]
[class.foxconnect.kr/contents/CLASS/THUMB/20240412/20240412041111889_thumb_1920x1080.jpg]
[class.foxconnect.kr/fox/cls/clsView03b6.html]
[class.foxconnect.kr/fox/cls/globalSearch76cd.html]
[class.foxconnect.kr/contents/CLASS/THUMB/20240412/20240412041137339_thumb_1920x1080.jpg]
[class.foxconnect.kr/fox/cls/clsViewa107.html]
[class.foxconnect.kr/contents/CLASS/THUMB/20240412/20240412041157331_thumb_1920x1080.jpg]
[class.foxconnect.kr/fox/cls/clsView6553.html]
[class.foxconnect.kr/contents/CLASS/THUMB/20230629/20230629015218786_thumb_1920x1080.jpg]
[class.foxconnect.kr/fox/cls/clsViewbd3d.html]
[class.foxconnect.kr/contents/CLASS/THUMB/20240412/20240412041219020_thumb_1920x1080.jpg]
[class.foxconnect.kr/fox/cls/clsView176d.html]
[class.foxconnect.kr/contents/CLASS/THUMB/20230629/20230629015116339_thumb_1920x1080.jpg]
[class.foxconnect.kr/fox/cls/globalSearch0d93.html]
[class.foxconnect.kr/fox/cls/clsViewbd0e.html]
[class.foxconnect.kr/contents/CLASS/THUMB/20240412/20240412041242976_thumb_1920x1080.jpg]
[class.foxconnect.kr/fox/cls/clsView8860.html]
[class.foxconnect.kr/contents/CLASS/THUMB/20230629/20230629015005452_thumb_1920x1080.jpg]
[class.foxconnect.kr/fox/cls/clsView45e4.html]
[class.foxconnect.kr/contents/CLASS/THUMB/20240412/20240412041306563_thumb_1920x1080.jpg]
[class.foxconnect.kr/fox/cls/clsView6c26.html]
[class.foxconnect.kr/contents/CLASS/THUMB/20230629/20230629014727720_thumb_1920x1080.jpg]
[class.foxconnect.kr/fox/cls/clsView73ee.html]
[class.foxconnect.kr/fox/cls/globalSearch536c.html]
[class.foxconnect.kr/contents/CLASS/THUMB/20240412/20240412041325995_thumb_1920x1080.jpg]
[class.foxconnect.kr/fox/cls/clsView9b1a-2.html]
[class.foxconnect.kr/contents/CLASS/THUMB/20230623/20230623025503738_thumb_1920x1080.jpg]
[class.foxconnect.kr/fox/cls/clsView9d46.html]
[class.foxconnect.kr/fox/cls/globalSearch2859.html]
[class.foxconnect.kr/contents/CLASS/THUMB/20240412/20240412041342814_thumb_1920x1080.jpg]
[class.foxconnect.kr/fox/cls/globalSearchd358.html]
[class.foxconnect.kr/fox/cls/clsView8aef.html]
[class.foxconnect.kr/fox/cls/clsViewda10.html]
[class.foxconnect.kr/fox/cls/clsViewcc26.html]
[class.foxconnect.kr/fox/cls/clsView7848.html]
[class.foxconnect.kr/fox/cls/clsViewdbd5.html]
[class.foxconnect.kr/fox/cls/clsViewb47b.html]
[class.foxconnect.kr/fox/cls/clsView19f1.html]
[class.foxconnect.kr/fox/cls/clsView462f.html]
[class.foxconnect.kr/fox/cls/clsViewdf74.html]
[class.foxconnect.kr/fox/cls/clsView2712.html]
[class.foxconnect.kr/fox/cls/clsView2ab8.html]
[class.foxconnect.kr/fox/cls/clsView9637.html]
[class.foxconnect.kr/fox/cls/clsViewbdf9-2.html]
[class.foxconnect.kr/fox/cls/clsViewe6ab.html]
[class.foxconnect.kr/fox/cls/clsViewe222.html]
[class.foxconnect.kr/fox/cls/clsView753a.html]
[class.foxconnect.kr/fox/cls/clsView596e.html]
[class.foxconnect.kr/fox/cls/clsView129a.html]
[class.foxconnect.kr/fox/cls/clsView9d93.html]
[class.foxconnect.kr/fox/cls/clsView26a9.html]
[class.foxconnect.kr/fox/cls/clsView1552.html]
[class.foxconnect.kr/fox/cls/clsView7bc4.html]
[class.foxconnect.kr/fox/cls/clsView6d7d-2.html]
[class.foxconnect.kr/fox/cls/clsView9403.html]
[class.foxconnect.kr/fox/cls/clsView51c8.html]
[class.foxconnect.kr/fox/cls/clsView6042.html]
[class.foxconnect.kr/fox/cls/clsView7bd4.html]
[class.foxconnect.kr/fox/cls/clsView9728.html]
[class.foxconnect.kr/fox/cls/clsViewfe98.html]
[class.foxconnect.kr/fox/cls/clsView6955.html]
[class.foxconnect.kr/fox/cls/clsView450d.html]
[class.foxconnect.kr/fox/cls/clsViewccb2.html]
[class.foxconnect.kr/fox/cls/clsViewa666.html]
[class.foxconnect.kr/fox/cls/clsView252a.html]
[class.foxconnect.kr/fox/cls/clsView9444.html]
[class.foxconnect.kr/fox/cls/clsViewf92b.html]
[class.foxconnect.kr/fox/cls/clsView6540.html]
[class.foxconnect.kr/fox/cls/clsViewe1ef.html]
[class.foxconnect.kr/fox/cls/clsView96c5.html]
[class.foxconnect.kr/fox/cls/clsViewe66e.html]
[class.foxconnect.kr/fox/cls/clsView7aa6.html]
[class.foxconnect.kr/fox/cls/clsView0bad.html]
[class.foxconnect.kr/fox/cls/clsViewac8c.html]
[class.foxconnect.kr/fox/cls/clsView8b21-2.html]
[class.foxconnect.kr/fox/cls/clsView0822.html]
[class.foxconnect.kr/fox/cls/clsView5042.html]
[class.foxconnect.kr/fox/cls/clsView9a17.html]
[class.foxconnect.kr/fox/cls/clsView133f.html]
[class.foxconnect.kr/fox/cls/clsViewb04b.html]
[class.foxconnect.kr/fox/cls/clsView1e54.html]
[class.foxconnect.kr/fox/cls/clsViewfa77.html]
[class.foxconnect.kr/fox/cls/clsViewf8dd.html]
[class.foxconnect.kr/fox/cls/clsView55c0.html]
[class.foxconnect.kr/fox/cls/clsView4426.html]
[class.foxconnect.kr/fox/cls/clsViewf248.html]
[class.foxconnect.kr/fox/cls/clsView004a.html]
[class.foxconnect.kr/fox/cls/clsViewbe39.html]
[class.foxconnect.kr/fox/cls/clsView91f0.html]
[class.foxconnect.kr/fox/cls/clsView28a9.html]
[class.foxconnect.kr/fox/cls/clsViewbbf2.html]
[class.foxconnect.kr/fox/cls/clsView1219.html]
[class.foxconnect.kr/fox/cls/clsViewb68d.html]
[class.foxconnect.kr/fox/cls/clsView7a98.html]
[class.foxconnect.kr/fox/cls/clsViewe46d.html]
[class.foxconnect.kr/fox/cls/clsViewd400.html]
[class.foxconnect.kr/fox/cls/clsViewe223.html]
[class.foxconnect.kr/fox/cls/clsView2382.html]
[class.foxconnect.kr/fox/cls/clsView57ab.html]
[class.foxconnect.kr/fox/cls/clsView84e0.html]
[class.foxconnect.kr/fox/cls/clsView2d0c-2.html]
[class.foxconnect.kr/fox/cls/clsView414b.html]
[class.foxconnect.kr/fox/cls/clsView670a.html]
[class.foxconnect.kr/fox/cls/clsView1309.html]
[class.foxconnect.kr/fox/cls/clsViewc26c.html]
[class.foxconnect.kr/fox/cls/clsViewa41d.html]
[class.foxconnect.kr/fox/cls/clsViewf62b.html]
[class.foxconnect.kr/fox/cls/clsView762a.html]
[class.foxconnect.kr/fox/cls/clsView9e3a.html]
[class.foxconnect.kr/fox/cls/clsView7e52.html]
[class.foxconnect.kr/fox/cls/clsView9bd2.html]
[class.foxconnect.kr/fox/cls/clsView29f7.html]
[class.foxconnect.kr/fox/cls/clsView1ed3.html]
[class.foxconnect.kr/fox/cls/clsViewf31f-2.html]
[class.foxconnect.kr/fox/cls/clsViewd1fd.html]
[class.foxconnect.kr/fox/cls/clsView0a61.html]
[class.foxconnect.kr/fox/cls/clsViewe849.html]
[class.foxconnect.kr/fox/cls/clsView8894.html]
[class.foxconnect.kr/fox/cls/clsViewa62e.html]
[class.foxconnect.kr/fox/cls/clsViewd490.html]
[class.foxconnect.kr/fox/cls/clsView5cce.html]
[class.foxconnect.kr/fox/cls/clsView5427.html]
[class.foxconnect.kr/fox/cls/clsViewf4c1.html]
[class.foxconnect.kr/fox/cls/clsView3526.html]
[class.foxconnect.kr/fox/cls/clsViewec07.html]
[class.foxconnect.kr/fox/cls/clsView1b7e.html]
[class.foxconnect.kr/fox/cls/clsView1167.html]
[class.foxconnect.kr/fox/cls/clsView3280.html]
[class.foxconnect.kr/fox/cls/clsView25a3.html]
[class.foxconnect.kr/fox/cls/clsView7da4.html]
[class.foxconnect.kr/fox/cls/clsView12b0.html]
[class.foxconnect.kr/fox/cls/clsViewd300.html]
[class.foxconnect.kr/fox/cls/clsViewedea.html]
[class.foxconnect.kr/fox/cls/clsView8cba.html]
[class.foxconnect.kr/fox/cls/clsViewe107.html]
[class.foxconnect.kr/fox/cls/clsViewf347.html]
[class.foxconnect.kr/fox/cls/clsViewf0af.html]
[class.foxconnect.kr/fox/cls/clsViewf89c.html]
[class.foxconnect.kr/fox/cls/clsViewc099.html]
[class.foxconnect.kr/fox/cls/clsView6867-2.html]
[class.foxconnect.kr/fox/cls/clsView5850.html]
[class.foxconnect.kr/fox/cls/clsView2a4e.html]
[class.foxconnect.kr/fox/cls/clsView3496.html]
[class.foxconnect.kr/fox/cls/clsView609c.html]
[class.foxconnect.kr/fox/cls/clsViewe051.html]
[class.foxconnect.kr/fox/cls/clsView6963.html]
[class.foxconnect.kr/fox/cls/clsViewf664.html]
[class.foxconnect.kr/fox/cls/clsViewfb61.html]
[class.foxconnect.kr/fox/cls/clsView419b.html]
[class.foxconnect.kr/fox/cls/clsView60f4.html]
[class.foxconnect.kr/fox/cls/clsViewa47f.html]
[class.foxconnect.kr/fox/cls/clsView190d.html]
[class.foxconnect.kr/fox/cls/clsView83bf.html]
[class.foxconnect.kr/fox/cls/clsViewde62.html]
[class.foxconnect.kr/fox/cls/clsViewe477.html]
[class.foxconnect.kr/fox/cls/clsView4e6b.html]
[class.foxconnect.kr/fox/cls/clsView93f7.html]
[class.foxconnect.kr/fox/cls/clsView881f.html]
[class.foxconnect.kr/fox/cls/clsViewfd26.html]
[class.foxconnect.kr/fox/cls/clsViewc78e.html]
[class.foxconnect.kr/fox/cls/clsView5f5f.html]
[class.foxconnect.kr/fox/cls/clsViewfaf5.html]
[class.foxconnect.kr/fox/cls/clsViewe651.html]
[class.foxconnect.kr/fox/cls/clsViewdb5e.html]
[class.foxconnect.kr/fox/cls/clsView3f77.html]
[class.foxconnect.kr/fox/cls/clsViewffc7.html]
[class.foxconnect.kr/fox/cls/clsView498d.html]
[class.foxconnect.kr/fox/cls/clsView197c.html]
[class.foxconnect.kr/fox/cls/clsView30ec-2.html]
[class.foxconnect.kr/fox/cls/clsView7a73.html]
[class.foxconnect.kr/fox/cls/clsViewb9a6.html]
[class.foxconnect.kr/fox/cls/clsViewa59d.html]
[class.foxconnect.kr/fox/cls/clsViewf280.html]
[class.foxconnect.kr/fox/cls/clsViewad03.html]
[class.foxconnect.kr/fox/cls/clsViewcceb.html]
[class.foxconnect.kr/fox/cls/clsView9605.html]
[class.foxconnect.kr/fox/cls/clsView9233.html]
[class.foxconnect.kr/fox/cls/clsView6291.html]
[class.foxconnect.kr/fox/cls/clsView4c0f.html]
[class.foxconnect.kr/fox/cls/clsView9c5d.html]
[class.foxconnect.kr/fox/cls/clsView49a1.html]
[class.foxconnect.kr/fox/cls/clsViewaf8a.html]
[class.foxconnect.kr/fox/cls/clsView31ec.html]
[class.foxconnect.kr/fox/cls/clsView043b.html]
[class.foxconnect.kr/fox/cls/clsView0074.html]
[class.foxconnect.kr/fox/cls/clsView3a8a.html]
[class.foxconnect.kr/fox/cls/clsView3440.html]
[class.foxconnect.kr/fox/cls/clsView7937.html]
[class.foxconnect.kr/fox/cls/clsViewe1e9.html]
[class.foxconnect.kr/fox/cls/clsViewf870.html]
[class.foxconnect.kr/fox/cls/clsViewf4b6.html]
[class.foxconnect.kr/fox/cls/clsView6cb9.html]
[class.foxconnect.kr/fox/cls/clsVieweadd.html]
[class.foxconnect.kr/fox/cls/clsView3305.html]
[class.foxconnect.kr/fox/cls/globalSearch5d63.html]
[class.foxconnect.kr/fox/cls/globalSearch5c22.html]
[class.foxconnect.kr/fox/cls/globalSearch2596.html]
[class.foxconnect.kr/fox/cls/globalSearch419a.html]
[class.foxconnect.kr/fox/cls/clsView9525.html]
[class.foxconnect.kr/contents/CLASS/THUMB/20241219/20241219024556605_thumb_1920x1080.jpg]
[class.foxconnect.kr/fox/cls/clsViewb1b2.html]
[class.foxconnect.kr/contents/CLASS/THUMB/20241219/20241219024626821_thumb_1920x1080.jpg]
[class.foxconnect.kr/fox/cls/clsView030e.html]
[class.foxconnect.kr/contents/CLASS/THUMB/20241219/20241219024653235_thumb_1920x1080.jpg]
[class.foxconnect.kr/fox/cls/clsView601b.html]
[class.foxconnect.kr/contents/CLASS/THUMB/20241219/20241219024724552_thumb_1920x1080.jpg]
[class.foxconnect.kr/fox/cls/clsView0f58.html]
[class.foxconnect.kr/contents/CLASS/THUMB/20241219/20241219024752054_thumb_1920x1080.jpg]
[class.foxconnect.kr/fox/cls/clsViewd40c.html]
[class.foxconnect.kr/contents/CLASS/THUMB/20241219/20241219024817970_thumb_1920x1080.jpg]
[class.foxconnect.kr/fox/cls/clsViewb717.html]
[class.foxconnect.kr/contents/CLASS/THUMB/20241219/20241219024845486_thumb_1920x1080.jpg]
[class.foxconnect.kr/fox/cls/clsView7f49.html]
[class.foxconnect.kr/contents/CLASS/THUMB/20241219/20241219024915258_thumb_1920x1080.jpg]
[class.foxconnect.kr/fox/cls/clsVieweb98.html]
[class.foxconnect.kr/fox/cls/globalSearch6684.html]
[class.foxconnect.kr/contents/CLASS/THUMB/20241219/20241219025023916_thumb_1920x1080.jpg]
[class.foxconnect.kr/fox/cls/clsView4759.html]
[class.foxconnect.kr/contents/CLASS/THUMB/20241219/20241219025051365_thumb_1920x1080.jpg]
[class.foxconnect.kr/fox/cls/clsView5b2e.html]
[class.foxconnect.kr/contents/CLASS/THUMB/20241219/20241219025118621_thumb_1920x1080.jpg]
[class.foxconnect.kr/fox/cls/clsViewec1d.html]
[class.foxconnect.kr/contents/CLASS/THUMB/20241219/20241219025241483_thumb_1920x1080.jpg]
[class.foxconnect.kr/fox/cls/clsView90e7.html]
[class.foxconnect.kr/contents/CLASS/THUMB/20241219/20241219025308696_thumb_1920x1080.jpg]
[class.foxconnect.kr/fox/cls/clsViewb7a2.html]
[class.foxconnect.kr/contents/CLASS/THUMB/20241219/20241219025356872_thumb_1920x1080.jpg]
[class.foxconnect.kr/fox/cls/clsView7d5d.html]
[class.foxconnect.kr/contents/CLASS/THUMB/20241219/20241219025424665_thumb_1920x1080.jpg]
[class.foxconnect.kr/fox/cls/clsViewbd35.html]
[class.foxconnect.kr/contents/CLASS/THUMB/20241219/20241219025536278_thumb_1920x1080.jpg]
[class.foxconnect.kr/fox/cls/clsView190b.html]
[class.foxconnect.kr/contents/CLASS/THUMB/20241219/20241219025603470_thumb_1920x1080.jpg]
[class.foxconnect.kr/fox/cls/clsView8eb4.html]
[class.foxconnect.kr/contents/CLASS/THUMB/20241219/20241219025631120_thumb_1920x1080.jpg]
[class.foxconnect.kr/fox/cls/clsViewb171.html]
[class.foxconnect.kr/contents/CLASS/THUMB/20241219/20241219025703585_thumb_1920x1080.jpg]
[class.foxconnect.kr/fox/cls/clsView36a3.html]
[class.foxconnect.kr/contents/CLASS/THUMB/20241219/20241219025727895_thumb_1920x1080.jpg]
[class.foxconnect.kr/fox/cls/clsView36ee.html]
[class.foxconnect.kr/contents/CLASS/THUMB/20241219/20241219025755901_thumb_1920x1080.jpg]
[class.foxconnect.kr/fox/cls/clsViewdec2.html]
[class.foxconnect.kr/contents/CLASS/THUMB/20241219/20241219025823992_thumb_1920x1080.jpg]
[class.foxconnect.kr/fox/cls/clsView684f.html]
[class.foxconnect.kr/contents/CLASS/THUMB/20241219/20241219025924189_thumb_1920x1080.jpg]
[class.foxconnect.kr/fox/cls/clsView560f.html]
[class.foxconnect.kr/contents/CLASS/THUMB/20241219/20241219025951926_thumb_1920x1080.jpg]
[class.foxconnect.kr/fox/cls/clsView6851-2.html]
[class.foxconnect.kr/contents/CLASS/THUMB/20241219/20241219030025347_thumb_1920x1080.jpg]
[class.foxconnect.kr/fox/cls/clsView5bfb.html]
[class.foxconnect.kr/contents/CLASS/THUMB/20241219/20241219030105024_thumb_1920x1080.jpg]
[class.foxconnect.kr/fox/cls/clsViewcbef.html]
[class.foxconnect.kr/contents/CLASS/THUMB/20241219/20241219030130527_thumb_1920x1080.jpg]
[class.foxconnect.kr/fox/cls/clsView096e.html]
[class.foxconnect.kr/contents/CLASS/THUMB/20241219/20241219030157303_thumb_1920x1080.jpg]
[class.foxconnect.kr/fox/cls/clsViewd208.html]
[class.foxconnect.kr/contents/CLASS/THUMB/20241219/20241219030225091_thumb_1920x1080.jpg]
[class.foxconnect.kr/fox/cls/globalSearchdbc0.html]
[class.foxconnect.kr/fox/cls/clsViewb6a8.html]
[class.foxconnect.kr/contents/CLASS/THUMB/20241219/20241219030254906_thumb_1920x1080.jpg]
[class.foxconnect.kr/fox/cls/clsViewbea9.html]
[class.foxconnect.kr/contents/CLASS/THUMB/20241219/20241219030326078_thumb_1920x1080.jpg]
[class.foxconnect.kr/fox/cls/clsView853b.html]
[class.foxconnect.kr/contents/CLASS/THUMB/20241219/20241219030350214_thumb_1920x1080.jpg]
[class.foxconnect.kr/fox/cls/clsView4b99.html]
[class.foxconnect.kr/contents/CLASS/THUMB/20241219/20241219030415611_thumb_1920x1080.jpg]
[class.foxconnect.kr/fox/cls/clsView3874.html]
[class.foxconnect.kr/contents/CLASS/THUMB/20241219/20241219030445114_thumb_1920x1080.jpg]
[class.foxconnect.kr/fox/cls/clsView275c.html]
[class.foxconnect.kr/contents/CLASS/THUMB/20241219/20241219030526857_thumb_1920x1080.jpg]
[class.foxconnect.kr/fox/cls/clsView3ac8.html]
[class.foxconnect.kr/contents/CLASS/THUMB/20241219/20241219030554362_thumb_1920x1080.jpg]
[class.foxconnect.kr/fox/cls/clsView186b.html]
[class.foxconnect.kr/contents/CLASS/THUMB/20241219/20241219030702995_thumb_1920x1080.jpg]
[class.foxconnect.kr/fox/cls/clsView98b8.html]
[class.foxconnect.kr/contents/CLASS/THUMB/20241219/20241219030737853_thumb_1920x1080.jpg]
[class.foxconnect.kr/fox/cls/clsView913a.html]
[class.foxconnect.kr/contents/CLASS/THUMB/20241219/20241219030804103_thumb_1920x1080.jpg]
[class.foxconnect.kr/fox/cls/clsViewe272.html]
[class.foxconnect.kr/contents/CLASS/THUMB/20241219/20241219030856721_thumb_1920x1080.jpg]
[class.foxconnect.kr/fox/cls/clsView29c2.html]
[class.foxconnect.kr/contents/CLASS/THUMB/20241219/20241219031015746_thumb_1920x1080.jpg]
[class.foxconnect.kr/fox/cls/clsView1bd7.html]
[class.foxconnect.kr/contents/CLASS/THUMB/20241219/20241219031041685_thumb_1920x1080.jpg]
[class.foxconnect.kr/fox/cls/clsViewfacc.html]
[class.foxconnect.kr/contents/CLASS/THUMB/20241219/20241219035258108_thumb_1920x1080.jpg]
[class.foxconnect.kr/fox/cls/clsView35d6.html]
[class.foxconnect.kr/contents/CLASS/THUMB/20241219/20241219035336696_thumb_1920x1080.jpg]
[class.foxconnect.kr/fox/cls/clsView4edf.html]
[class.foxconnect.kr/contents/CLASS/THUMB/20241219/20241219035450677_thumb_1920x1080.jpg]
[class.foxconnect.kr/fox/cls/clsView894f.html]
[class.foxconnect.kr/contents/CLASS/THUMB/20241219/20241219035554054_thumb_1920x1080.jpg]
[class.foxconnect.kr/fox/cls/clsView5022.html]
[class.foxconnect.kr/contents/CLASS/THUMB/20241219/20241219035621087_thumb_1920x1080.jpg]
[class.foxconnect.kr/fox/cls/clsViewd71a.html]
[class.foxconnect.kr/contents/CLASS/THUMB/20241219/20241219035648900_thumb_1920x1080.jpg]
[class.foxconnect.kr/fox/cls/clsViewbc1e.html]
[class.foxconnect.kr/fox/cls/globalSearch47c5.html]
[class.foxconnect.kr/contents/CLASS/THUMB/20241219/20241219035717706_thumb_1920x1080.jpg]
[class.foxconnect.kr/fox/cls/clsViewe8e9.html]
[class.foxconnect.kr/contents/CLASS/THUMB/20241219/20241219035750355_thumb_1920x1080.jpg]
[class.foxconnect.kr/fox/cls/clsView802f.html]
[class.foxconnect.kr/contents/CLASS/THUMB/20241219/20241219040249382_thumb_1920x1080.jpg]
[class.foxconnect.kr/fox/cls/clsView136b.html]
[class.foxconnect.kr/contents/CLASS/THUMB/20241219/20241219044433367_thumb_1920x1080.jpg]
[class.foxconnect.kr/fox/cls/clsViewee0d.html]
[class.foxconnect.kr/contents/CLASS/THUMB/20241219/20241219044504547_thumb_1920x1080.jpg]
[class.foxconnect.kr/fox/cls/clsViewfc7c.html]
[class.foxconnect.kr/contents/CLASS/THUMB/20241219/20241219044532746_thumb_1920x1080.jpg]
[class.foxconnect.kr/fox/cls/clsView5f01.html]
[class.foxconnect.kr/contents/CLASS/THUMB/20241219/20241219044559136_thumb_1920x1080.jpg]
[class.foxconnect.kr/fox/cls/clsView0801.html]
[class.foxconnect.kr/contents/CLASS/THUMB/20241219/20241219044627337_thumb_1920x1080.jpg]
[class.foxconnect.kr/fox/cls/clsViewd397.html]
[class.foxconnect.kr/contents/CLASS/THUMB/20241219/20241219044659115_thumb_1920x1080.jpg]
[class.foxconnect.kr/fox/cls/clsView09ba.html]
[class.foxconnect.kr/contents/CLASS/THUMB/20241219/20241219044727291_thumb_1920x1080.jpg]
[class.foxconnect.kr/fox/cls/clsView9ee3.html]
[class.foxconnect.kr/contents/CLASS/THUMB/20241219/20241219044755739_thumb_1920x1080.jpg]
[class.foxconnect.kr/fox/cls/clsViewca24.html]
[class.foxconnect.kr/contents/CLASS/THUMB/20241219/20241219044825011_thumb_1920x1080.jpg]
[class.foxconnect.kr/fox/cls/clsView4397.html]
[class.foxconnect.kr/contents/CLASS/THUMB/20241219/20241219044933175_thumb_1920x1080.jpg]
[class.foxconnect.kr/fox/cls/clsView1493.html]
[class.foxconnect.kr/contents/CLASS/THUMB/20241219/20241219045046699_thumb_1920x1080.jpg]
[class.foxconnect.kr/fox/cls/clsView72cf.html]
[class.foxconnect.kr/contents/CLASS/THUMB/20241219/20241219045117128_thumb_1920x1080.jpg]
[class.foxconnect.kr/fox/cls/clsView53bd.html]
[class.foxconnect.kr/contents/CLASS/THUMB/20241219/20241219045148505_thumb_1920x1080.jpg]
[class.foxconnect.kr/fox/cls/clsViewb090.html]
[class.foxconnect.kr/contents/CLASS/THUMB/20241219/20241219045216919_thumb_1920x1080.jpg]
[class.foxconnect.kr/fox/cls/clsView1211.html]
[class.foxconnect.kr/contents/CLASS/THUMB/20241219/20241219045246368_thumb_1920x1080.jpg]
[class.foxconnect.kr/fox/cls/clsView3c87.html]
[class.foxconnect.kr/contents/CLASS/THUMB/20241219/20241219045315120_thumb_1920x1080.jpg]
[class.foxconnect.kr/fox/cls/clsView93b3.html]
[class.foxconnect.kr/contents/CLASS/THUMB/20241219/20241219045822640_thumb_1920x1080.jpg]
[class.foxconnect.kr/fox/cls/clsViewbd37.html]
[class.foxconnect.kr/fox/cls/globalSearche746.html]
[class.foxconnect.kr/contents/CLASS/THUMB/20241219/20241219050108850_thumb_1920x1080.jpg]
[class.foxconnect.kr/fox/cls/clsView1f3a.html]
[class.foxconnect.kr/contents/CLASS/THUMB/20241219/20241219050135817_thumb_1920x1080.jpg]
[class.foxconnect.kr/fox/cls/clsViewd135.html]
[class.foxconnect.kr/contents/CLASS/THUMB/20241219/20241219050402282_thumb_1920x1080.jpg]
[class.foxconnect.kr/fox/cls/clsView013b.html]
[class.foxconnect.kr/contents/CLASS/THUMB/20241219/20241219050513331_thumb_1920x1080.jpg]
[class.foxconnect.kr/fox/cls/clsViewa3e0.html]
[class.foxconnect.kr/contents/CLASS/THUMB/20241219/20241219050539246_thumb_1920x1080.jpg]
[class.foxconnect.kr/fox/cls/clsViewdbc6.html]
[class.foxconnect.kr/contents/CLASS/THUMB/20241219/20241219050640514_thumb_1920x1080.jpg]
[class.foxconnect.kr/fox/cls/clsView1451.html]
[class.foxconnect.kr/contents/CLASS/THUMB/20241219/20241219050714045_thumb_1920x1080.jpg]
[class.foxconnect.kr/fox/cls/clsViewcbae.html]
[class.foxconnect.kr/contents/CLASS/THUMB/20241219/20241219050749874_thumb_1920x1080.jpg]
[class.foxconnect.kr/fox/cls/clsViewd179.html]
[class.foxconnect.kr/contents/CLASS/THUMB/20241219/20241219050822652_thumb_1920x1080.jpg]
[class.foxconnect.kr/fox/cls/clsView6d76.html]
[class.foxconnect.kr/contents/CLASS/THUMB/20241219/20241219050849077_thumb_1920x1080.jpg]
[class.foxconnect.kr/fox/cls/clsView785e-2.html]
[class.foxconnect.kr/contents/CLASS/THUMB/20241219/20241219050915132_thumb_1920x1080.jpg]
[class.foxconnect.kr/fox/cls/clsView42d6.html]
[class.foxconnect.kr/contents/CLASS/THUMB/20241219/20241219050941356_thumb_1920x1080.jpg]
[class.foxconnect.kr/fox/cls/clsView8d66-2.html]
[class.foxconnect.kr/contents/CLASS/THUMB/20241219/20241219051044006_thumb_1920x1080.jpg]
[class.foxconnect.kr/fox/cls/clsView33b9.html]
[class.foxconnect.kr/contents/CLASS/THUMB/20241219/20241219051120729_thumb_1920x1080.jpg]
[class.foxconnect.kr/fox/cls/clsView3028.html]
[class.foxconnect.kr/contents/CLASS/THUMB/20241219/20241219051227023_thumb_1920x1080.jpg]
[class.foxconnect.kr/fox/cls/clsView649f.html]
[class.foxconnect.kr/contents/CLASS/THUMB/20241219/20241219051255308_thumb_1920x1080.jpg]
[class.foxconnect.kr/fox/cls/clsViewde97.html]
[class.foxconnect.kr/contents/CLASS/THUMB/20241219/20241219051323460_thumb_1920x1080.jpg]
[class.foxconnect.kr/fox/cls/clsViewcf29.html]
[class.foxconnect.kr/contents/CLASS/THUMB/20241219/20241219051353963_thumb_1920x1080.jpg]
[class.foxconnect.kr/fox/cls/clsView6419.html]
[class.foxconnect.kr/contents/CLASS/THUMB/20241219/20241219055011622_thumb_1920x1080.jpg]
[class.foxconnect.kr/fox/cls/clsView1090.html]
[class.foxconnect.kr/contents/CLASS/THUMB/20241219/20241219055042842_thumb_1920x1080.jpg]
[class.foxconnect.kr/fox/cls/clsView8b90.html]
[class.foxconnect.kr/contents/CLASS/THUMB/20241219/20241219055113112_thumb_1920x1080.jpg]
[class.foxconnect.kr/fox/cls/globalSearchce67.html]
[class.foxconnect.kr/fox/cls/clsViewda41.html]
[class.foxconnect.kr/contents/CLASS/THUMB/20241219/20241219055143176_thumb_1920x1080.jpg]
[class.foxconnect.kr/fox/cls/clsView633e.html]
[class.foxconnect.kr/contents/CLASS/THUMB/20241219/20241219055209271_thumb_1920x1080.jpg]
[class.foxconnect.kr/fox/cls/clsViewc6a6.html]
[class.foxconnect.kr/contents/CLASS/THUMB/20241219/20241219055233475_thumb_1920x1080.jpg]
[class.foxconnect.kr/fox/cls/clsViewd1f5.html]
[class.foxconnect.kr/contents/CLASS/THUMB/20241219/20241219055351841_thumb_1920x1080.jpg]
[class.foxconnect.kr/fox/cls/clsView34fd.html]
[class.foxconnect.kr/contents/CLASS/THUMB/20241219/20241219055433712_thumb_1920x1080.jpg]
[class.foxconnect.kr/fox/cls/clsView9890.html]
[class.foxconnect.kr/contents/CLASS/THUMB/20241219/20241219055506741_thumb_1920x1080.jpg]
[class.foxconnect.kr/fox/cls/clsViewa0b4.html]
[class.foxconnect.kr/contents/CLASS/THUMB/20241219/20241219055701485_thumb_1920x1080.jpg]
[class.foxconnect.kr/fox/cls/clsView00d3.html]
[class.foxconnect.kr/contents/CLASS/THUMB/20241219/20241219055728091_thumb_1920x1080.jpg]
[class.foxconnect.kr/fox/cls/clsView2cb5.html]
[class.foxconnect.kr/contents/CLASS/THUMB/20241219/20241219055753894_thumb_1920x1080.jpg]
[class.foxconnect.kr/fox/cls/clsView3cea.html]
[class.foxconnect.kr/contents/CLASS/THUMB/20241219/20241219055823362_thumb_1920x1080.jpg]
[class.foxconnect.kr/fox/cls/clsViewf73e.html]
[class.foxconnect.kr/contents/CLASS/THUMB/20241219/20241219055852120_thumb_1920x1080.jpg]
[class.foxconnect.kr/fox/cls/clsViewaaaa.html]
[class.foxconnect.kr/contents/CLASS/THUMB/20241219/20241219055922470_thumb_1920x1080.jpg]
[class.foxconnect.kr/fox/cls/clsView2bee.html]
[class.foxconnect.kr/contents/CLASS/THUMB/20241220/20241220090550871_thumb_1920x1080.jpg]
[class.foxconnect.kr/fox/cls/clsView9473.html]
[class.foxconnect.kr/contents/CLASS/THUMB/20241220/20241220090632373_thumb_1920x1080.jpg]
[class.foxconnect.kr/fox/cls/clsView9f91.html]
[class.foxconnect.kr/contents/CLASS/THUMB/20241220/20241220090721939_thumb_1920x1080.jpg]
[class.foxconnect.kr/fox/cls/clsView65be.html]
[class.foxconnect.kr/contents/CLASS/THUMB/20241220/20241220090750587_thumb_1920x1080.jpg]
[class.foxconnect.kr/fox/cls/clsView42ff.html]
[class.foxconnect.kr/contents/CLASS/THUMB/20241220/20241220090826018_thumb_1920x1080.jpg]
[class.foxconnect.kr/fox/cls/clsView56d3.html]
[class.foxconnect.kr/contents/CLASS/THUMB/20241220/20241220090856228_thumb_1920x1080.jpg]
[class.foxconnect.kr/fox/cls/clsView38f9.html]
[class.foxconnect.kr/contents/CLASS/THUMB/20241220/20241220090925397_thumb_1920x1080.jpg]
[class.foxconnect.kr/fox/cls/clsViewd706.html]
[class.foxconnect.kr/contents/CLASS/THUMB/20241220/20241220093741579_thumb_1920x1080.jpg]
[class.foxconnect.kr/fox/cls/globalSearch84ac.html]
[class.foxconnect.kr/fox/cls/globalSearch8b3d.html]
[class.foxconnect.kr/fox/cls/globalSearche359.html]
[class.foxconnect.kr/fox/cls/globalSearchea33.html]
[class.foxconnect.kr/fox/cls/globalSearchbab2.html]
[class.foxconnect.kr/fox/cls/globalSearchbe96.html]
[class.foxconnect.kr/fox/cls/globalSearchfc25.html]
[class.foxconnect.kr/fox/cls/globalSearchb2d2.html]
[class.foxconnect.kr/fox/cls/globalSearch7535.html]
[class.foxconnect.kr/fox/cls/globalSearch4b14.html]
[class.foxconnect.kr/fox/cls/globalSearch54d5.html]
[class.foxconnect.kr/fox/cls/clsView4ec0.html]
[class.foxconnect.kr/fox/cls/clsView6f71.html]
[class.foxconnect.kr/contents/CLASS/THUMB/20241216/20241216124331569_thumb_1920x1080.jpg]
[class.foxconnect.kr/fox/cls/clsView280c.html]
[class.foxconnect.kr/contents/CLASS/THUMB/20241216/20241216124513827_thumb_1920x1080.jpg]
[class.foxconnect.kr/fox/cls/clsView3e28.html]
[class.foxconnect.kr/contents/CLASS/THUMB/20241216/20241216124555965_thumb_1920x1080.jpg]
[class.foxconnect.kr/fox/cls/clsView9f4b.html]
[class.foxconnect.kr/contents/CLASS/THUMB/20241216/20241216124712496_thumb_1920x1080.jpg]
[class.foxconnect.kr/fox/cls/clsViewe063.html]
[class.foxconnect.kr/contents/CLASS/THUMB/20241216/20241216125545329_thumb_1920x1080.jpg]
[class.foxconnect.kr/fox/cls/clsViewf2ef.html]
[class.foxconnect.kr/contents/CLASS/THUMB/20241216/20241216125652885_thumb_1920x1080.jpg]
[class.foxconnect.kr/fox/cls/clsView6cbc.html]
[class.foxconnect.kr/contents/CLASS/THUMB/20241216/20241216125739922_thumb_1920x1080.jpg]
[class.foxconnect.kr/fox/cls/clsView371d.html]
[class.foxconnect.kr/contents/CLASS/THUMB/20241216/20241216010014486_thumb_1920x1080.jpg]
[class.foxconnect.kr/fox/cls/clsViewd295.html]
[class.foxconnect.kr/contents/CLASS/THUMB/20241216/20241216010126802_thumb_1920x1080.jpg]
[class.foxconnect.kr/fox/cls/clsView59fd.html]
[class.foxconnect.kr/contents/CLASS/THUMB/20241216/20241216010219877_thumb_1920x1080.jpg]
[class.foxconnect.kr/fox/cls/clsViewa25e.html]
[class.foxconnect.kr/contents/CLASS/THUMB/20241216/20241216010324190_thumb_1920x1080.jpg]
[class.foxconnect.kr/fox/cls/clsView4a85.html]
[class.foxconnect.kr/contents/CLASS/THUMB/20241216/20241216010428260_thumb_1920x1080.jpg]
[class.foxconnect.kr/fox/cls/clsView8bd2.html]
[class.foxconnect.kr/contents/CLASS/THUMB/20241216/20241216011433085_thumb_1920x1080.jpg]
[class.foxconnect.kr/fox/cls/clsViewc2c7.html]
[class.foxconnect.kr/contents/CLASS/THUMB/20241216/20241216011617368_thumb_1920x1080.jpg]
[class.foxconnect.kr/fox/cls/clsViewf1d2.html]
[class.foxconnect.kr/contents/CLASS/THUMB/20241216/20241216011808488_thumb_1920x1080.jpg]
[class.foxconnect.kr/fox/cls/clsViewad6a.html]
[class.foxconnect.kr/contents/CLASS/THUMB/20241216/20241216011954605_thumb_1920x1080.jpg]
[class.foxconnect.kr/fox/cls/clsView7426.html]
[class.foxconnect.kr/contents/CLASS/THUMB/20241216/20241216013149986_thumb_1920x1080.jpg]
[class.foxconnect.kr/fox/cls/clsView6afe.html]
[class.foxconnect.kr/contents/CLASS/THUMB/20241216/20241216013342366_thumb_1920x1080.jpg]
[class.foxconnect.kr/fox/cls/clsViewceba.html]
[class.foxconnect.kr/contents/CLASS/THUMB/20241216/20241216013425429_thumb_1920x1080.jpg]
[class.foxconnect.kr/fox/cls/clsView4dc1.html]
[class.foxconnect.kr/contents/CLASS/THUMB/20241216/20241216013517285_thumb_1920x1080.jpg]
[class.foxconnect.kr/fox/cls/globalSearch0ea0.html]
[class.foxconnect.kr/fox/cls/globalSearchf05b.html]
[class.foxconnect.kr/fox/cls/globalSearch3efd.html]
[class.foxconnect.kr/fox/cls/globalSearch2840.html]
[class.foxconnect.kr/fox/cls/globalSearch6911.html]
[class.foxconnect.kr/fox/cls/globalSearchb814.html]
[class.foxconnect.kr/fox/cls/globalSearch72e5.html]
[class.foxconnect.kr/fox/cls/globalSearchf6bd.html]
[class.foxconnect.kr/fox/cls/globalSearchb4f8.html]
[class.foxconnect.kr/fox/cls/globalSearchccc2.html]
[class.foxconnect.kr/fox/cls/globalSearch00cc.html]
[class.foxconnect.kr/fox/cls/clsViewce35.html]
[class.foxconnect.kr/contents/CLASS/THUMB/20241216/20241216014117866_thumb_1920x1080.jpg]
[class.foxconnect.kr/fox/cls/clsViewcc4c.html]
[class.foxconnect.kr/contents/CLASS/THUMB/20241216/20241216014157616_thumb_1920x1080.jpg]
[class.foxconnect.kr/fox/cls/clsViewf91f.html]
[class.foxconnect.kr/contents/CLASS/THUMB/20241216/20241216014250454_thumb_1920x1080.jpg]
[class.foxconnect.kr/fox/cls/clsViewc458.html]
[class.foxconnect.kr/contents/CLASS/THUMB/20241216/20241216014343399_thumb_1920x1080.jpg]
[class.foxconnect.kr/fox/cls/clsViewa4aa.html]
[class.foxconnect.kr/contents/CLASS/THUMB/20241216/20241216014451194_thumb_1920x1080.jpg]
[class.foxconnect.kr/fox/cls/clsView9f62.html]
[class.foxconnect.kr/contents/CLASS/THUMB/20241216/20241216014527082_thumb_1920x1080.jpg]
[class.foxconnect.kr/fox/cls/clsView6b0d.html]
[class.foxconnect.kr/contents/CLASS/THUMB/20241216/20241216014628644_thumb_1920x1080.jpg]
[class.foxconnect.kr/fox/cls/clsView60f1.html]
[class.foxconnect.kr/contents/CLASS/THUMB/20241216/20241216015601363_thumb_1920x1080.jpg]
[class.foxconnect.kr/fox/cls/clsViewae9f.html]
[class.foxconnect.kr/contents/CLASS/THUMB/20241216/20241216015734806_thumb_1920x1080.jpg]
[class.foxconnect.kr/fox/cls/clsView8313.html]
[class.foxconnect.kr/contents/CLASS/THUMB/20241216/20241216015837073_thumb_1920x1080.jpg]
[class.foxconnect.kr/fox/cls/clsView56b9.html]
[class.foxconnect.kr/contents/CLASS/THUMB/20241216/20241216015903630_thumb_1920x1080.jpg]
[class.foxconnect.kr/fox/cls/clsViewa6b0.html]
[class.foxconnect.kr/contents/CLASS/THUMB/20241216/20241216015947390_thumb_1920x1080.jpg]
[class.foxconnect.kr/fox/cls/clsView5438.html]
[class.foxconnect.kr/contents/CLASS/THUMB/20241216/20241216020029317_thumb_1920x1080.jpg]
[class.foxconnect.kr/fox/cls/clsView9b1e.html]
[class.foxconnect.kr/contents/CLASS/THUMB/20241216/20241216021343039_thumb_1920x1080.jpg]
[class.foxconnect.kr/fox/cls/clsView5d58.html]
[class.foxconnect.kr/contents/CLASS/THUMB/20241216/20241216021635872_thumb_1920x1080.jpg]
[class.foxconnect.kr/fox/cls/clsViewac04.html]
[class.foxconnect.kr/contents/CLASS/THUMB/20241216/20241216021818865_thumb_1920x1080.jpg]
[class.foxconnect.kr/fox/cls/clsView0f81.html]
[class.foxconnect.kr/contents/CLASS/THUMB/20241216/20241216021927734_thumb_1920x1080.jpg]
[class.foxconnect.kr/fox/cls/clsView484f.html]
[class.foxconnect.kr/contents/CLASS/THUMB/20241216/20241216022213005_thumb_1920x1080.jpg]
[class.foxconnect.kr/fox/cls/clsViewc91b.html]
[class.foxconnect.kr/contents/CLASS/THUMB/20241216/20241216023634684_thumb_1920x1080.jpg]
[class.foxconnect.kr/fox/cls/clsViewe521.html]
[class.foxconnect.kr/fox/cls/globalSearchbf6c.html]
[class.foxconnect.kr/contents/CLASS/THUMB/20241216/20241216023744561_thumb_1920x1080.jpg]
[class.foxconnect.kr/fox/cls/clsView4106.html]
[class.foxconnect.kr/contents/CLASS/THUMB/20241216/20241216023838185_thumb_1920x1080.jpg]
[class.foxconnect.kr/fox/cls/clsViewecce.html]
[class.foxconnect.kr/contents/CLASS/THUMB/20241216/20241216023930309_thumb_1920x1080.jpg]
[class.foxconnect.kr/fox/cls/clsView6230.html]
[class.foxconnect.kr/contents/CLASS/THUMB/20241216/20241216024020163_thumb_1920x1080.jpg]
[class.foxconnect.kr/fox/cls/clsViewb557.html]
[class.foxconnect.kr/contents/CLASS/THUMB/20241216/20241216024140291_thumb_1920x1080.jpg]
[class.foxconnect.kr/fox/cls/clsView5b1a.html]
[class.foxconnect.kr/contents/CLASS/THUMB/20241216/20241216024227517_thumb_1920x1080.jpg]
[class.foxconnect.kr/fox/cls/clsViewd267.html]
[class.foxconnect.kr/contents/CLASS/THUMB/20241216/20241216024333747_thumb_1920x1080.jpg]
[class.foxconnect.kr/fox/cls/clsView8415.html]
[class.foxconnect.kr/contents/CLASS/THUMB/20241216/20241216024425042_thumb_1920x1080.jpg]
[class.foxconnect.kr/fox/cls/clsView8b5b.html]
[class.foxconnect.kr/contents/CLASS/THUMB/20241216/20241216024539705_thumb_1920x1080.jpg]
[class.foxconnect.kr/fox/cls/clsViewbee6.html]
[class.foxconnect.kr/contents/CLASS/THUMB/20241216/20241216024701369_thumb_1920x1080.jpg]
[class.foxconnect.kr/fox/cls/clsViewefdd.html]
[class.foxconnect.kr/contents/CLASS/THUMB/20241216/20241216024911071_thumb_1920x1080.jpg]
[class.foxconnect.kr/fox/cls/clsView5afb.html]
[class.foxconnect.kr/contents/CLASS/THUMB/20241216/20241216024959601_thumb_1920x1080.jpg]
[class.foxconnect.kr/fox/cls/clsViewe301.html]
[class.foxconnect.kr/contents/CLASS/THUMB/20241216/20241216025044695_thumb_1920x1080.jpg]
[class.foxconnect.kr/fox/cls/clsView9494.html]
[class.foxconnect.kr/contents/CLASS/THUMB/20241216/20241216025442355_thumb_1920x1080.jpg]
[class.foxconnect.kr/fox/cls/clsView8708.html]
[class.foxconnect.kr/contents/CLASS/THUMB/20241216/20241216025545100_thumb_1920x1080.jpg]
[class.foxconnect.kr/fox/cls/clsView4244.html]
[class.foxconnect.kr/contents/CLASS/THUMB/20241216/20241216025619480_thumb_1920x1080.jpg]
[class.foxconnect.kr/fox/cls/clsView1eab.html]
[class.foxconnect.kr/contents/CLASS/THUMB/20241216/20241216030224864_thumb_1920x1080.jpg]
[class.foxconnect.kr/fox/cls/clsView5260.html]
[class.foxconnect.kr/contents/CLASS/THUMB/20241216/20241216030452395_thumb_1920x1080.jpg]
[class.foxconnect.kr/fox/cls/clsView5a99.html]
[class.foxconnect.kr/contents/CLASS/THUMB/20241216/20241216030708951_thumb_1920x1080.jpg]
[class.foxconnect.kr/fox/cls/clsView10cc.html]
[class.foxconnect.kr/contents/CLASS/THUMB/20241216/20241216030819025_thumb_1920x1080.jpg]
[class.foxconnect.kr/fox/cls/clsView809a.html]
[class.foxconnect.kr/fox/cls/globalSearchdec2.html]
[class.foxconnect.kr/contents/CLASS/THUMB/20241216/20241216030912997_thumb_1920x1080.jpg]
[class.foxconnect.kr/fox/cls/clsView679d.html]
[class.foxconnect.kr/contents/CLASS/THUMB/20241216/20241216031050146_thumb_1920x1080.jpg]
[class.foxconnect.kr/fox/cls/clsViewf0b5.html]
[class.foxconnect.kr/contents/CLASS/THUMB/20241216/20241216031220750_thumb_1920x1080.jpg]
[class.foxconnect.kr/fox/cls/clsViewd892.html]
[class.foxconnect.kr/contents/CLASS/THUMB/20241216/20241216031333862_thumb_1920x1080.jpg]
[class.foxconnect.kr/fox/cls/clsView6fcb.html]
[class.foxconnect.kr/contents/CLASS/THUMB/20241216/20241216031444318_thumb_1920x1080.jpg]
[class.foxconnect.kr/fox/cls/clsView7084.html]
[class.foxconnect.kr/contents/CLASS/THUMB/20241216/20241216031520575_thumb_1920x1080.jpg]
[class.foxconnect.kr/fox/cls/clsView7028.html]
[class.foxconnect.kr/contents/CLASS/THUMB/20241216/20241216031610441_thumb_1920x1080.jpg]
[class.foxconnect.kr/fox/cls/clsView982c.html]
[class.foxconnect.kr/contents/CLASS/THUMB/20241216/20241216032046863_thumb_1920x1080.jpg]
[class.foxconnect.kr/fox/cls/clsViewe8ee.html]
[class.foxconnect.kr/contents/CLASS/THUMB/20241216/20241216032123630_thumb_1920x1080.jpg]
[class.foxconnect.kr/fox/cls/clsViewff31.html]
[class.foxconnect.kr/contents/CLASS/THUMB/20241216/20241216032220714_thumb_1920x1080.jpg]
[class.foxconnect.kr/fox/cls/clsViewda95.html]
[class.foxconnect.kr/contents/CLASS/THUMB/20241216/20241216032312959_thumb_1920x1080.jpg]
[class.foxconnect.kr/fox/cls/clsView0427.html]
[class.foxconnect.kr/contents/CLASS/THUMB/20241216/20241216032419763_thumb_1920x1080.jpg]
[class.foxconnect.kr/fox/cls/clsView45d8.html]
[class.foxconnect.kr/contents/CLASS/THUMB/20241216/20241216032543973_thumb_1920x1080.jpg]
[class.foxconnect.kr/fox/cls/clsViewa8cd.html]
[class.foxconnect.kr/contents/CLASS/THUMB/20241216/20241216032623295_thumb_1920x1080.jpg]
[class.foxconnect.kr/fox/cls/clsView4407.html]
[class.foxconnect.kr/contents/CLASS/THUMB/20241216/20241216032719387_thumb_1920x1080.jpg]
[class.foxconnect.kr/fox/cls/clsView449d.html]
[class.foxconnect.kr/contents/CLASS/THUMB/20241216/20241216032819061_thumb_1920x1080.jpg]
[class.foxconnect.kr/fox/cls/clsView02b7-2.html]
[class.foxconnect.kr/contents/CLASS/THUMB/20241216/20241216034026515_thumb_1920x1080.jpg]
[class.foxconnect.kr/fox/cls/clsView8021.html]
[class.foxconnect.kr/contents/CLASS/THUMB/20241216/20241216034113418_thumb_1920x1080.jpg]
[class.foxconnect.kr/fox/cls/clsViewcff1.html]
[class.foxconnect.kr/contents/CLASS/THUMB/20241216/20241216034203077_thumb_1920x1080.jpg]
[class.foxconnect.kr/fox/cls/clsViewb079.html]
[class.foxconnect.kr/contents/CLASS/THUMB/20241216/20241216034317890_thumb_1920x1080.jpg]
[class.foxconnect.kr/fox/cls/clsView5c27.html]
[class.foxconnect.kr/contents/CLASS/THUMB/20241216/20241216034351509_thumb_1920x1080.jpg]
[class.foxconnect.kr/fox/cls/globalSearch3698.html]
[class.foxconnect.kr/fox/cls/clsViewf89d.html]
[class.foxconnect.kr/contents/CLASS/THUMB/20241216/20241216034530509_thumb_1920x1080.jpg]
[class.foxconnect.kr/fox/cls/clsView463c.html]
[class.foxconnect.kr/contents/CLASS/THUMB/20241216/20241216034614623_thumb_1920x1080.jpg]
[class.foxconnect.kr/fox/cls/clsViewcd27.html]
[class.foxconnect.kr/contents/CLASS/THUMB/20241216/20241216034711780_thumb_1920x1080.jpg]
[class.foxconnect.kr/fox/cls/clsView3f54.html]
[class.foxconnect.kr/contents/CLASS/THUMB/20241216/20241216034810562_thumb_1920x1080.jpg]
[class.foxconnect.kr/fox/cls/clsViewabf8-2.html]
[class.foxconnect.kr/contents/CLASS/THUMB/20241216/20241216034857899_thumb_1920x1080.jpg]
[class.foxconnect.kr/fox/cls/clsViewa277-2.html]
[class.foxconnect.kr/contents/CLASS/THUMB/20241216/20241216035025489_thumb_1920x1080.jpg]
[class.foxconnect.kr/fox/cls/clsViewae8b.html]
[class.foxconnect.kr/contents/CLASS/THUMB/20241216/20241216035132626_thumb_1920x1080.jpg]
[class.foxconnect.kr/fox/cls/clsView9377.html]
[class.foxconnect.kr/contents/CLASS/THUMB/20241216/20241216035221256_thumb_1920x1080.jpg]
[class.foxconnect.kr/fox/cls/clsView220a.html]
[class.foxconnect.kr/contents/CLASS/THUMB/20241216/20241216035324608_thumb_1920x1080.jpg]
[class.foxconnect.kr/fox/cls/clsViewc1c7.html]
[class.foxconnect.kr/contents/CLASS/THUMB/20241216/20241216035415016_thumb_1920x1080.jpg]
[class.foxconnect.kr/fox/cls/clsViewea38.html]
[class.foxconnect.kr/contents/CLASS/THUMB/20241216/20241216035522230_thumb_1920x1080.jpg]
[class.foxconnect.kr/fox/cls/clsView14eb-2.html]
[class.foxconnect.kr/contents/CLASS/THUMB/20241216/20241216035608433_thumb_1920x1080.jpg]
[class.foxconnect.kr/fox/cls/clsViewdd37.html]
[class.foxconnect.kr/contents/CLASS/THUMB/20241216/20241216035711866_thumb_1920x1080.jpg]
[class.foxconnect.kr/fox/cls/clsView3d20.html]
[class.foxconnect.kr/contents/CLASS/THUMB/20241216/20241216035752160_thumb_1920x1080.jpg]
[class.foxconnect.kr/fox/cls/clsViewdf7e.html]
[class.foxconnect.kr/contents/CLASS/THUMB/20241216/20241216035904805_thumb_1920x1080.jpg]
[class.foxconnect.kr/fox/cls/clsView4100.html]
[class.foxconnect.kr/contents/CLASS/THUMB/20241216/20241216035940395_thumb_1920x1080.jpg]
[class.foxconnect.kr/fox/cls/clsView19c1.html]
[class.foxconnect.kr/contents/CLASS/THUMB/20241216/20241216040056221_thumb_1920x1080.jpg]
[class.foxconnect.kr/fox/cls/clsView2857.html]
[class.foxconnect.kr/contents/CLASS/THUMB/20241216/20241216040139980_thumb_1920x1080.jpg]
[class.foxconnect.kr/fox/cls/clsViewb775.html]
[class.foxconnect.kr/contents/CLASS/THUMB/20241216/20241216040252651_thumb_1920x1080.jpg]
[class.foxconnect.kr/fox/cls/clsViewff49.html]
[class.foxconnect.kr/fox/cls/globalSearchb7b6.html]
[class.foxconnect.kr/contents/CLASS/THUMB/20241216/20241216040344242_thumb_1920x1080.jpg]
[class.foxconnect.kr/fox/cls/clsViewb3b5.html]
[class.foxconnect.kr/contents/CLASS/THUMB/20241216/20241216040505142_thumb_1920x1080.jpg]
[class.foxconnect.kr/fox/cls/clsViewd22f.html]
[class.foxconnect.kr/contents/CLASS/THUMB/20241216/20241216040545334_thumb_1920x1080.jpg]
[class.foxconnect.kr/fox/cls/clsView272d.html]
[class.foxconnect.kr/contents/CLASS/THUMB/20241216/20241216040708519_thumb_1920x1080.jpg]
[class.foxconnect.kr/fox/cls/clsView7f57.html]
[class.foxconnect.kr/contents/CLASS/THUMB/20241216/20241216040809891_thumb_1920x1080.jpg]
[class.foxconnect.kr/fox/cls/clsView8292.html]
[class.foxconnect.kr/contents/CLASS/THUMB/20241216/20241216040855033_thumb_1920x1080.jpg]
[class.foxconnect.kr/fox/cls/clsView09d8.html]
[class.foxconnect.kr/contents/CLASS/THUMB/20241216/20241216041008680_thumb_1920x1080.jpg]
[class.foxconnect.kr/fox/cls/clsView4e18.html]
[class.foxconnect.kr/contents/CLASS/THUMB/20241216/20241216041104791_thumb_1920x1080.jpg]
[class.foxconnect.kr/fox/cls/clsView451a.html]
[class.foxconnect.kr/contents/CLASS/THUMB/20241216/20241216041134367_thumb_1920x1080.jpg]
[class.foxconnect.kr/fox/cls/clsView7e36.html]
[class.foxconnect.kr/contents/CLASS/THUMB/20241216/20241216041529276_thumb_1920x1080.jpg]
[class.foxconnect.kr/fox/cls/clsView9c7b.html]
[class.foxconnect.kr/contents/CLASS/THUMB/20241216/20241216041638729_thumb_1920x1080.jpg]
[class.foxconnect.kr/fox/cls/clsViewe7b8.html]
[class.foxconnect.kr/contents/CLASS/THUMB/20241216/20241216041726792_thumb_1920x1080.jpg]
[class.foxconnect.kr/fox/cls/clsView61dd-2.html]
[class.foxconnect.kr/contents/CLASS/THUMB/20241216/20241216041948070_thumb_1920x1080.jpg]
[class.foxconnect.kr/fox/cls/clsViewfed7.html]
[class.foxconnect.kr/contents/CLASS/THUMB/20241216/20241216042214616_thumb_1920x1080.jpg]
[class.foxconnect.kr/fox/cls/clsView6369.html]
[class.foxconnect.kr/contents/CLASS/THUMB/20241216/20241216042307152_thumb_1920x1080.jpg]
[class.foxconnect.kr/fox/cls/clsView9bb5.html]
[class.foxconnect.kr/contents/CLASS/THUMB/20241216/20241216045436808_thumb_1920x1080.jpg]
[class.foxconnect.kr/fox/cls/clsView633e-2.html]
[class.foxconnect.kr/contents/CLASS/THUMB/20241216/20241216045527110_thumb_1920x1080.jpg]
[class.foxconnect.kr/fox/cls/clsView8287.html]
[class.foxconnect.kr/contents/CLASS/THUMB/20241216/20241216045633512_thumb_1920x1080.jpg]
[class.foxconnect.kr/fox/cls/clsViewe721.html]
[class.foxconnect.kr/contents/CLASS/THUMB/20241216/20241216045727626_thumb_1920x1080.jpg]
[class.foxconnect.kr/fox/cls/clsView77ed.html]
[class.foxconnect.kr/contents/CLASS/THUMB/20241216/20241216045832534_thumb_1920x1080.jpg]
[class.foxconnect.kr/fox/cls/clsView1e0a.html]
[class.foxconnect.kr/fox/cls/globalSearchd34d.html]
[class.foxconnect.kr/contents/CLASS/THUMB/20241216/20241216050601387_thumb_1920x1080.jpg]
[class.foxconnect.kr/fox/cls/clsViewf8d2.html]
[class.foxconnect.kr/contents/CLASS/THUMB/20241216/20241216051901371_thumb_1920x1080.jpg]
[class.foxconnect.kr/fox/cls/clsViewbabb.html]
[class.foxconnect.kr/contents/CLASS/THUMB/20241216/20241216052100463_thumb_1920x1080.jpg]
[class.foxconnect.kr/fox/cls/clsViewe87d.html]
[class.foxconnect.kr/contents/CLASS/THUMB/20241216/20241216052319577_thumb_1920x1080.jpg]
[class.foxconnect.kr/fox/cls/clsViewd7eb.html]
[class.foxconnect.kr/contents/CLASS/THUMB/20241216/20241216052402349_thumb_1920x1080.jpg]
[class.foxconnect.kr/fox/cls/clsView204f.html]
[class.foxconnect.kr/contents/CLASS/THUMB/20241216/20241216052448310_thumb_1920x1080.jpg]
[class.foxconnect.kr/fox/cls/clsView1a07.html]
[class.foxconnect.kr/contents/CLASS/THUMB/20241216/20241216052549160_thumb_1920x1080.jpg]
[class.foxconnect.kr/fox/cls/clsViewae8f.html]
[class.foxconnect.kr/contents/CLASS/THUMB/20241216/20241216052623453_thumb_1920x1080.jpg]
[class.foxconnect.kr/fox/cls/clsView6cce.html]
[class.foxconnect.kr/contents/CLASS/THUMB/20241216/20241216052704548_thumb_1920x1080.jpg]
[class.foxconnect.kr/fox/cls/clsView17f4.html]
[class.foxconnect.kr/contents/CLASS/THUMB/20241216/20241216052803972_thumb_1920x1080.jpg]
[class.foxconnect.kr/fox/cls/clsView1c91.html]
[class.foxconnect.kr/contents/CLASS/THUMB/20241216/20241216052916766_thumb_1920x1080.jpg]
[class.foxconnect.kr/fox/cls/clsView002a.html]
[class.foxconnect.kr/contents/CLASS/THUMB/20241216/20241216052954542_thumb_1920x1080.jpg]
[class.foxconnect.kr/fox/cls/clsViewf969.html]
[class.foxconnect.kr/contents/CLASS/THUMB/20241216/20241216053609305_thumb_1920x1080.jpg]
[class.foxconnect.kr/fox/cls/clsViewb301-2.html]
[class.foxconnect.kr/contents/CLASS/THUMB/20241216/20241216053658846_thumb_1920x1080.jpg]
[class.foxconnect.kr/fox/cls/clsViewddd7.html]
[class.foxconnect.kr/contents/CLASS/THUMB/20241216/20241216053737729_thumb_1920x1080.jpg]
[class.foxconnect.kr/fox/cls/clsView193b.html]
[class.foxconnect.kr/contents/CLASS/THUMB/20241216/20241216053815499_thumb_1920x1080.jpg]
[class.foxconnect.kr/fox/cls/clsViewcaa3.html]
[class.foxconnect.kr/contents/CLASS/THUMB/20241216/20241216053902984_thumb_1920x1080.jpg]
[class.foxconnect.kr/fox/cls/clsView7eab.html]
[class.foxconnect.kr/contents/CLASS/THUMB/20241216/20241216053946583_thumb_1920x1080.jpg]
[class.foxconnect.kr/fox/cls/clsViewb674-2.html]
[class.foxconnect.kr/contents/CLASS/THUMB/20241216/20241216054037627_thumb_1920x1080.jpg]
[class.foxconnect.kr/fox/cls/clsView2907.html]
[class.foxconnect.kr/contents/CLASS/THUMB/20241216/20241216054124432_thumb_1920x1080.jpg]
[class.foxconnect.kr/fox/cls/clsView5f5b.html]
[class.foxconnect.kr/fox/cls/globalSearchbec4.html]
[class.foxconnect.kr/contents/CLASS/THUMB/20241216/20241216054208584_thumb_1920x1080.jpg]
[class.foxconnect.kr/fox/cls/clsView2dec.html]
[class.foxconnect.kr/contents/CLASS/THUMB/20241217/20241217091205291_thumb_1920x1080.jpg]
[class.foxconnect.kr/fox/cls/clsView82a6.html]
[class.foxconnect.kr/contents/CLASS/THUMB/20241217/20241217091314744_thumb_1920x1080.jpg]
[class.foxconnect.kr/fox/cls/clsViewc79c.html]
[class.foxconnect.kr/contents/CLASS/THUMB/20241217/20241217091412561_thumb_1920x1080.jpg]
[class.foxconnect.kr/fox/cls/clsView92f5.html]
[class.foxconnect.kr/contents/CLASS/THUMB/20241217/20241217091516599_thumb_1920x1080.jpg]
[class.foxconnect.kr/fox/cls/clsViewfd96.html]
[class.foxconnect.kr/contents/CLASS/THUMB/20241217/20241217091610383_thumb_1920x1080.jpg]
[class.foxconnect.kr/fox/cls/clsViewec50.html]
[class.foxconnect.kr/contents/CLASS/THUMB/20241217/20241217091646549_thumb_1920x1080.jpg]
[class.foxconnect.kr/fox/cls/clsView30e1-2.html]
[class.foxconnect.kr/contents/CLASS/THUMB/20241217/20241217091753816_thumb_1920x1080.jpg]
[class.foxconnect.kr/fox/cls/clsView3556.html]
[class.foxconnect.kr/contents/CLASS/THUMB/20241217/20241217092037019_thumb_1920x1080.jpg]
[class.foxconnect.kr/fox/cls/clsView6518.html]
[class.foxconnect.kr/contents/CLASS/THUMB/20241217/20241217092556537_thumb_1920x1080.jpg]
[class.foxconnect.kr/fox/cls/clsViewc654-2.html]
[class.foxconnect.kr/contents/CLASS/THUMB/20241217/20241217092657450_thumb_1920x1080.jpg]
[class.foxconnect.kr/fox/cls/clsView29bf.html]
[class.foxconnect.kr/contents/CLASS/THUMB/20241217/20241217092749904_thumb_1920x1080.jpg]
[class.foxconnect.kr/fox/cls/clsView4def.html]
[class.foxconnect.kr/contents/CLASS/THUMB/20241217/20241217092818534_thumb_1920x1080.jpg]
[class.foxconnect.kr/fox/cls/clsView8568.html]
[class.foxconnect.kr/contents/CLASS/THUMB/20241217/20241217092855515_thumb_1920x1080.jpg]
[class.foxconnect.kr/fox/cls/clsView6cdf.html]
[class.foxconnect.kr/contents/CLASS/THUMB/20241217/20241217093001729_thumb_1920x1080.jpg]
[class.foxconnect.kr/fox/cls/clsViewfe8f.html]
[class.foxconnect.kr/contents/CLASS/THUMB/20241217/20241217093821720_thumb_1920x1080.jpg]
[class.foxconnect.kr/fox/cls/clsViewff59.html]
[class.foxconnect.kr/contents/CLASS/THUMB/20241217/20241217093906765_thumb_1920x1080.jpg]
[class.foxconnect.kr/fox/cls/clsViewcfd3.html]
[class.foxconnect.kr/contents/CLASS/THUMB/20241217/20241217094002480_thumb_1920x1080.jpg]
[class.foxconnect.kr/fox/cls/clsViewb767.html]
[class.foxconnect.kr/contents/CLASS/THUMB/20241217/20241217094042840_thumb_1920x1080.jpg]
[class.foxconnect.kr/fox/cls/clsView392a-2.html]
[class.foxconnect.kr/contents/CLASS/THUMB/20241217/20241217094126359_thumb_1920x1080.jpg]
[class.foxconnect.kr/fox/cls/clsViewd1b0.html]
[class.foxconnect.kr/fox/cls/globalSearchce56.html]
[class.foxconnect.kr/contents/CLASS/THUMB/20241217/20241217094213432_thumb_1920x1080.jpg]
[class.foxconnect.kr/fox/cls/clsViewad4e.html]
[class.foxconnect.kr/contents/CLASS/THUMB/20241217/20241217094258903_thumb_1920x1080.jpg]
[class.foxconnect.kr/fox/cls/clsView2ce9.html]
[class.foxconnect.kr/contents/CLASS/THUMB/20241217/20241217094351903_thumb_1920x1080.jpg]
[class.foxconnect.kr/fox/cls/clsViewdb33.html]
[class.foxconnect.kr/contents/CLASS/THUMB/20241217/20241217094444017_thumb_1920x1080.jpg]
[class.foxconnect.kr/fox/cls/clsView164d.html]
[class.foxconnect.kr/contents/CLASS/THUMB/20241217/20241217095304228_thumb_1920x1080.jpg]
[class.foxconnect.kr/fox/cls/clsViewfe11.html]
[class.foxconnect.kr/contents/CLASS/THUMB/20241217/20241217095449406_thumb_1920x1080.jpg]
[class.foxconnect.kr/fox/cls/clsViewe866.html]
[class.foxconnect.kr/contents/CLASS/THUMB/20241217/20241217095530208_thumb_1920x1080.jpg]
[class.foxconnect.kr/fox/cls/clsViewcc29.html]
[class.foxconnect.kr/contents/CLASS/THUMB/20241217/20241217095614441_thumb_1920x1080.jpg]
[class.foxconnect.kr/fox/cls/clsView1ab3-2.html]
[class.foxconnect.kr/contents/CLASS/THUMB/20241217/20241217095657135_thumb_1920x1080.jpg]
[class.foxconnect.kr/fox/cls/clsView4fa8.html]
[class.foxconnect.kr/contents/CLASS/THUMB/20241217/20241217095743645_thumb_1920x1080.jpg]
[class.foxconnect.kr/fox/cls/clsViewa582.html]
[class.foxconnect.kr/contents/CLASS/THUMB/20241217/20241217095826439_thumb_1920x1080.jpg]
[class.foxconnect.kr/fox/cls/clsView484c.html]
[class.foxconnect.kr/contents/CLASS/THUMB/20241217/20241217110526506_thumb_1920x1080.jpg]
[class.foxconnect.kr/fox/cls/clsView6008.html]
[class.foxconnect.kr/contents/CLASS/THUMB/20241217/20241217110831876_thumb_1920x1080.jpg]
[class.foxconnect.kr/fox/cls/clsView546c.html]
[class.foxconnect.kr/contents/CLASS/THUMB/20241217/20241217110915883_thumb_1920x1080.jpg]
[class.foxconnect.kr/fox/cls/clsView02c7.html]
[class.foxconnect.kr/contents/CLASS/THUMB/20241217/20241217111303110_thumb_1920x1080.jpg]
[class.foxconnect.kr/fox/cls/clsViewfb14.html]
[class.foxconnect.kr/contents/CLASS/THUMB/20241217/20241217123456186_thumb_1920x1080.jpg]
[class.foxconnect.kr/fox/cls/clsViewd036.html]
[class.foxconnect.kr/contents/CLASS/THUMB/20241217/20241217123600776_thumb_1920x1080.jpg]
[class.foxconnect.kr/fox/cls/clsViewdd08.html]
[class.foxconnect.kr/contents/CLASS/THUMB/20241217/20241217123631761_thumb_1920x1080.jpg]
[class.foxconnect.kr/fox/cls/clsView2d62.html]
[class.foxconnect.kr/contents/CLASS/THUMB/20241217/20241217123724740_thumb_1920x1080.jpg]
[class.foxconnect.kr/fox/cls/clsView89c5.html]
[class.foxconnect.kr/contents/CLASS/THUMB/20241217/20241217123802365_thumb_1920x1080.jpg]
[class.foxconnect.kr/fox/cls/clsViewcf1f.html]
[class.foxconnect.kr/contents/CLASS/THUMB/20241217/20241217123843800_thumb_1920x1080.jpg]
[class.foxconnect.kr/fox/cls/globalSearchbfa4.html]
[class.foxconnect.kr/fox/cls/clsView71c9.html]
[class.foxconnect.kr/contents/CLASS/THUMB/20241217/20241217123922627_thumb_1920x1080.jpg]
[class.foxconnect.kr/fox/cls/clsView982f.html]
[class.foxconnect.kr/contents/CLASS/THUMB/20241217/20241217124001328_thumb_1920x1080.jpg]
[class.foxconnect.kr/fox/cls/clsView8892.html]
[class.foxconnect.kr/contents/CLASS/THUMB/20241217/20241217124046914_thumb_1920x1080.jpg]
[class.foxconnect.kr/fox/cls/clsView6d7e.html]
[class.foxconnect.kr/contents/CLASS/THUMB/20241217/20241217124126871_thumb_1920x1080.jpg]
[class.foxconnect.kr/fox/cls/clsView8790.html]
[class.foxconnect.kr/contents/CLASS/THUMB/20241217/20241217124208797_thumb_1920x1080.jpg]
[class.foxconnect.kr/fox/cls/clsViewf43b.html]
[class.foxconnect.kr/contents/CLASS/THUMB/20241217/20241217124322848_thumb_1920x1080.jpg]
[class.foxconnect.kr/fox/cls/clsView2e11.html]
[class.foxconnect.kr/contents/CLASS/THUMB/20250109/20250109100432901_thumb_1920x1080.jpg]
[class.foxconnect.kr/fox/cls/clsView845f.html]
[class.foxconnect.kr/contents/CLASS/THUMB/20250109/20250109100745066_thumb_1920x1080.jpg]
[class.foxconnect.kr/fox/cls/clsView258a.html]
[class.foxconnect.kr/contents/CLASS/THUMB/20250109/20250109104420387_thumb_1920x1080.jpg]
[class.foxconnect.kr/fox/cls/globalSearch02be.html]
[class.foxconnect.kr/fox/cls/clsViewabbd.html]
[class.foxconnect.kr/fox/cls/clsView67ab.html]
[class.foxconnect.kr/fox/cls/clsView33fd.html]
[class.foxconnect.kr/fox/cls/clsViewe401.html]
[class.foxconnect.kr/fox/cls/clsView8fbe.html]
[class.foxconnect.kr/fox/cls/clsView1f4f.html]
[class.foxconnect.kr/fox/cls/clsView6c7e.html]
[class.foxconnect.kr/fox/cls/clsView00c6.html]
[class.foxconnect.kr/fox/cls/clsView7678.html]
[class.foxconnect.kr/fox/cls/clsViewf902.html]
[class.foxconnect.kr/fox/cls/clsViewebac.html]
[class.foxconnect.kr/fox/cls/clsView9262.html]
[class.foxconnect.kr/fox/cls/clsView5f9d.html]
[class.foxconnect.kr/fox/cls/clsView4b12.html]
[class.foxconnect.kr/fox/cls/clsViewff2d.html]
[class.foxconnect.kr/fox/cls/clsView7f21-2.html]
[class.foxconnect.kr/fox/cls/clsView7a4e.html]
[class.foxconnect.kr/fox/cls/clsViewfda8.html]
[class.foxconnect.kr/fox/cls/clsView3216.html]
[class.foxconnect.kr/fox/cls/clsView4ff2.html]
[class.foxconnect.kr/fox/cls/clsViewa23e.html]
[class.foxconnect.kr/fox/cls/clsView32c1.html]
[class.foxconnect.kr/fox/cls/clsViewa447.html]
[class.foxconnect.kr/fox/cls/clsView014e.html]
[class.foxconnect.kr/fox/cls/clsView0e5c.html]
[class.foxconnect.kr/fox/cls/clsView3873.html]
[class.foxconnect.kr/fox/cls/clsView699a.html]
[class.foxconnect.kr/fox/cls/clsViewddcb.html]
[class.foxconnect.kr/fox/cls/clsViewb7c7.html]
[class.foxconnect.kr/fox/cls/clsView2f9f.html]
[class.foxconnect.kr/fox/cls/clsView1505.html]
[class.foxconnect.kr/fox/cls/clsView5eff.html]
[class.foxconnect.kr/fox/cls/clsViewe163.html]
[class.foxconnect.kr/fox/cls/clsView75f9.html]
[class.foxconnect.kr/fox/cls/clsView0bd1-2.html]
[class.foxconnect.kr/fox/cls/clsView458f.html]
[class.foxconnect.kr/fox/cls/clsViewf9a5.html]
[class.foxconnect.kr/fox/cls/clsView76b5.html]
[class.foxconnect.kr/fox/cls/clsViewd854.html]
[class.foxconnect.kr/fox/cls/clsViewdb43.html]
[class.foxconnect.kr/fox/cls/clsView58a7.html]
[class.foxconnect.kr/fox/cls/clsView98e0.html]
[class.foxconnect.kr/fox/cls/clsView6440.html]
[class.foxconnect.kr/fox/cls/clsView6225.html]
[class.foxconnect.kr/fox/cls/clsView8025.html]
[class.foxconnect.kr/fox/cls/clsViewf843.html]
[class.foxconnect.kr/fox/cls/clsView1ce8.html]
[class.foxconnect.kr/fox/cls/clsViewb967.html]
[class.foxconnect.kr/fox/cls/clsView191e.html]
[class.foxconnect.kr/fox/cls/clsViewd0ff.html]
[class.foxconnect.kr/fox/cls/clsViewa793.html]
[class.foxconnect.kr/fox/cls/clsViewf55d.html]
[class.foxconnect.kr/fox/cls/clsView1fbb.html]
[class.foxconnect.kr/fox/cls/clsView27ea.html]
[class.foxconnect.kr/fox/cls/clsViewa9b7.html]
[class.foxconnect.kr/fox/cls/clsView9580.html]
[class.foxconnect.kr/fox/cls/clsView7d85.html]
[class.foxconnect.kr/fox/cls/clsViewe06d.html]
[class.foxconnect.kr/fox/cls/clsView516d.html]
[class.foxconnect.kr/fox/cls/clsViewc907.html]
[class.foxconnect.kr/fox/cls/clsView1372.html]
[class.foxconnect.kr/fox/cls/clsViewc6b8.html]
[class.foxconnect.kr/fox/cls/clsView59be.html]
[class.foxconnect.kr/fox/cls/clsViewfb76.html]
[class.foxconnect.kr/fox/cls/clsView225e.html]
[class.foxconnect.kr/fox/cls/clsViewcce7.html]
[class.foxconnect.kr/fox/cls/clsView4d85.html]
[class.foxconnect.kr/fox/cls/clsViewaa3c.html]
[class.foxconnect.kr/fox/cls/clsView75a3.html]
[class.foxconnect.kr/fox/cls/clsView785e.html]
[class.foxconnect.kr/fox/cls/clsViewe73f.html]
[class.foxconnect.kr/fox/cls/clsView20c2.html]
[class.foxconnect.kr/fox/cls/clsView3451.html]
[class.foxconnect.kr/fox/cls/clsView7a47.html]
[class.foxconnect.kr/fox/cls/clsView4dbf.html]
[class.foxconnect.kr/fox/cls/clsViewb57f.html]
[class.foxconnect.kr/fox/cls/clsViewd0b4-2.html]
[class.foxconnect.kr/fox/cls/clsViewaa88.html]
[class.foxconnect.kr/fox/cls/clsView2d2d.html]
[class.foxconnect.kr/fox/cls/clsView8d52.html]
[class.foxconnect.kr/fox/cls/clsView94a5.html]
[class.foxconnect.kr/fox/cls/clsViewc11e.html]
[class.foxconnect.kr/fox/cls/clsView8dad.html]
[class.foxconnect.kr/fox/cls/clsView4a96.html]
[class.foxconnect.kr/fox/cls/clsView087a.html]
[class.foxconnect.kr/fox/cls/clsView02ff.html]
[class.foxconnect.kr/fox/cls/clsViewea94-2.html]
[class.foxconnect.kr/fox/cls/clsViewb23b.html]
[class.foxconnect.kr/fox/cls/clsViewd23f.html]
[class.foxconnect.kr/fox/cls/clsView65cb.html]
[class.foxconnect.kr/fox/cls/clsView2028.html]
[class.foxconnect.kr/fox/cls/clsViewe0cb.html]
[class.foxconnect.kr/fox/cls/clsView9859.html]
[class.foxconnect.kr/fox/cls/clsView3700.html]
[class.foxconnect.kr/fox/cls/clsViewe2ce.html]
[class.foxconnect.kr/fox/cls/clsViewea1b.html]
[class.foxconnect.kr/fox/cls/clsView542e.html]
[class.foxconnect.kr/fox/cls/clsViewd362.html]
[class.foxconnect.kr/fox/cls/clsViewc1ff.html]
[class.foxconnect.kr/fox/cls/clsViewf5cd.html]
[class.foxconnect.kr/fox/cls/clsViewfd8b.html]
[class.foxconnect.kr/fox/cls/clsView2ca0.html]
[class.foxconnect.kr/fox/cls/clsView0f6f.html]
[class.foxconnect.kr/fox/cls/clsView28ad.html]
[class.foxconnect.kr/fox/cls/clsView93a5.html]
[class.foxconnect.kr/fox/cls/clsView255a.html]
[class.foxconnect.kr/fox/cls/clsViewc0cf.html]
[class.foxconnect.kr/fox/cls/clsViewf124.html]
[class.foxconnect.kr/fox/cls/clsView40b1.html]
[class.foxconnect.kr/fox/cls/clsView14b7.html]
[class.foxconnect.kr/fox/cls/clsView6cd4.html]
[class.foxconnect.kr/fox/cls/clsView8e51.html]
[class.foxconnect.kr/fox/cls/clsView9d72.html]
[class.foxconnect.kr/fox/cls/clsView728d.html]
[class.foxconnect.kr/fox/cls/clsView040d.html]
[class.foxconnect.kr/fox/cls/clsView8082.html]
[class.foxconnect.kr/fox/cls/clsViewfdc4.html]
[class.foxconnect.kr/fox/cls/clsView2bb5.html]
[class.foxconnect.kr/fox/cls/clsView21ca.html]
[class.foxconnect.kr/fox/cls/clsView07eb.html]
[class.foxconnect.kr/fox/cls/clsView9c41.html]
[class.foxconnect.kr/fox/cls/clsViewbee7.html]
[class.foxconnect.kr/fox/cls/clsView5696.html]
[class.foxconnect.kr/fox/cls/clsView4344.html]
[class.foxconnect.kr/fox/cls/clsView7377.html]
[class.foxconnect.kr/fox/cls/clsView4cac.html]
[class.foxconnect.kr/fox/cls/clsView2ec6.html]
[class.foxconnect.kr/fox/cls/clsView7ae5.html]
[class.foxconnect.kr/fox/cls/clsView099a.html]
[class.foxconnect.kr/fox/cls/clsView4a72.html]
[class.foxconnect.kr/fox/cls/clsViewb89f-2.html]
[class.foxconnect.kr/fox/cls/clsViewb7d6.html]
[class.foxconnect.kr/fox/cls/clsView3a5c.html]
[class.foxconnect.kr/fox/cls/clsView0f6f-2.html]
[class.foxconnect.kr/fox/cls/clsViewadc7.html]
[class.foxconnect.kr/fox/cls/clsViewb84e.html]
[class.foxconnect.kr/fox/cls/clsView40e2.html]
[class.foxconnect.kr/fox/cls/clsView0226.html]
[class.foxconnect.kr/fox/cls/clsViewcbd6.html]
[class.foxconnect.kr/fox/cls/clsView1527.html]
[class.foxconnect.kr/fox/cls/clsView4ed6.html]
[class.foxconnect.kr/fox/cls/clsViewf63e.html]
[class.foxconnect.kr/fox/cls/clsViewe4e6.html]
[class.foxconnect.kr/fox/cls/clsView0af4.html]
[class.foxconnect.kr/fox/cls/clsView6223.html]
[class.foxconnect.kr/fox/cls/globalSearch86a5.html]
[class.foxconnect.kr/fox/cls/clsView83b6.html]
[class.foxconnect.kr/fox/cls/globalSearchee17.html]
[class.foxconnect.kr/contents/CLASS/THUMB/20241219/20241219025853507_thumb_1920x1080.jpg]
[class.foxconnect.kr/fox/cls/globalSearchd09b.html]
[class.foxconnect.kr/fox/cls/globalSearchc132.html]
[class.foxconnect.kr/fox/cls/clsView6ef9.html]
[class.foxconnect.kr/contents/CLASS/THUMB/20241219/20241219055258611_thumb_1920x1080.jpg]
[class.foxconnect.kr/fox/cls/clsViewe7cb.html]
[class.foxconnect.kr/fox/cls/globalSearch2a43.html]
[class.foxconnect.kr/contents/CLASS/THUMB/20241219/20241219055546075_thumb_1920x1080.jpg]
[class.foxconnect.kr/fox/cls/clsViewf2b2.html]
[class.foxconnect.kr/contents/CLASS/THUMB/20241220/20241220093812490_thumb_1920x1080.jpg]
[class.foxconnect.kr/fox/cls/clsView016f.html]
[class.foxconnect.kr/contents/CLASS/THUMB/20241220/20241220093908008_thumb_1920x1080.jpg]
[class.foxconnect.kr/fox/cls/clsView9611.html]
[class.foxconnect.kr/contents/CLASS/THUMB/20241220/20241220093959434_thumb_1920x1080.jpg]
[class.foxconnect.kr/fox/cls/clsView9de0.html]
[class.foxconnect.kr/contents/CLASS/THUMB/20241220/20241220094032111_thumb_1920x1080.jpg]
[class.foxconnect.kr/fox/cls/clsView59ed.html]
[class.foxconnect.kr/contents/CLASS/THUMB/20241220/20241220094102182_thumb_1920x1080.jpg]
[class.foxconnect.kr/fox/cls/clsView224f.html]
[class.foxconnect.kr/contents/CLASS/THUMB/20241220/20241220094134644_thumb_1920x1080.jpg]
[class.foxconnect.kr/fox/cls/clsViewf7c1.html]
[class.foxconnect.kr/contents/CLASS/THUMB/20241220/20241220094202846_thumb_1920x1080.jpg]
[class.foxconnect.kr/fox/cls/clsView0684.html]
[class.foxconnect.kr/fox/cls/globalSearch6d2c.html]
[class.foxconnect.kr/contents/CLASS/THUMB/20241220/20241220094229115_thumb_1920x1080.jpg]
[class.foxconnect.kr/fox/cls/clsView2aff.html]
[class.foxconnect.kr/contents/CLASS/THUMB/20241220/20241220094300917_thumb_1920x1080.jpg]
[class.foxconnect.kr/fox/cls/clsView4bae.html]
[class.foxconnect.kr/contents/CLASS/THUMB/20241220/20241220094330648_thumb_1920x1080.jpg]
[class.foxconnect.kr/fox/cls/clsView353f.html]
[class.foxconnect.kr/contents/CLASS/THUMB/20241220/20241220094359053_thumb_1920x1080.jpg]
[class.foxconnect.kr/fox/cls/clsView65b6.html]
[class.foxconnect.kr/contents/CLASS/THUMB/20241220/20241220094426319_thumb_1920x1080.jpg]
[class.foxconnect.kr/fox/cls/clsViewff49-2.html]
[class.foxconnect.kr/contents/CLASS/THUMB/20241220/20241220094521202_thumb_1920x1080.jpg]
[class.foxconnect.kr/fox/cls/clsViewf269.html]
[class.foxconnect.kr/contents/CLASS/THUMB/20241220/20241220094548995_thumb_1920x1080.jpg]
[class.foxconnect.kr/fox/cls/clsViewb078-2.html]
[class.foxconnect.kr/contents/CLASS/THUMB/20241220/20241220094618683_thumb_1920x1080.jpg]
[class.foxconnect.kr/fox/cls/clsView13f0.html]
[class.foxconnect.kr/contents/CLASS/THUMB/20241220/20241220094648760_thumb_1920x1080.jpg]
[class.foxconnect.kr/fox/cls/clsViewed7d.html]
[class.foxconnect.kr/contents/CLASS/THUMB/20241220/20241220094727661_thumb_1920x1080.jpg]
[class.foxconnect.kr/fox/cls/clsViewa5cf.html]
[class.foxconnect.kr/contents/CLASS/THUMB/20241220/20241220094757592_thumb_1920x1080.jpg]
[class.foxconnect.kr/fox/cls/clsViewb438.html]
[class.foxconnect.kr/contents/CLASS/THUMB/20241220/20241220094828199_thumb_1920x1080.jpg]
[class.foxconnect.kr/fox/cls/clsViewf497.html]
[class.foxconnect.kr/contents/CLASS/THUMB/20241220/20241220095437785_thumb_1920x1080.jpg]
[class.foxconnect.kr/fox/cls/clsViewbbcc.html]
[class.foxconnect.kr/contents/CLASS/THUMB/20241220/20241220104440021_thumb_1920x1080.jpg]
[class.foxconnect.kr/fox/cls/clsView336b.html]
[class.foxconnect.kr/contents/CLASS/THUMB/20241220/20241220104921204_thumb_1920x1080.jpg]
[class.foxconnect.kr/fox/cls/clsViewde17.html]
[class.foxconnect.kr/contents/CLASS/THUMB/20241220/20241220104952220_thumb_1920x1080.jpg]
[class.foxconnect.kr/fox/cls/clsViewc26c-2.html]
[class.foxconnect.kr/contents/CLASS/THUMB/20241220/20241220105023230_thumb_1920x1080.jpg]
[class.foxconnect.kr/fox/cls/clsViewcd10.html]
[class.foxconnect.kr/contents/CLASS/THUMB/20241220/20241220105108537_thumb_1920x1080.jpg]
[class.foxconnect.kr/fox/cls/clsView85dd.html]
[class.foxconnect.kr/contents/CLASS/THUMB/20241220/20241220105136650_thumb_1920x1080.jpg]
[class.foxconnect.kr/fox/cls/clsView0d2c.html]
[class.foxconnect.kr/contents/CLASS/THUMB/20241220/20241220105205451_thumb_1920x1080.jpg]
[class.foxconnect.kr/fox/cls/clsView95ef.html]
[class.foxconnect.kr/contents/CLASS/THUMB/20241220/20241220105233735_thumb_1920x1080.jpg]
[class.foxconnect.kr/fox/cls/globalSearcha853.html]
[class.foxconnect.kr/fox/cls/clsView649c.html]
[class.foxconnect.kr/contents/CLASS/THUMB/20241220/20241220105311673_thumb_1920x1080.jpg]
[class.foxconnect.kr/fox/cls/clsView7d0b.html]
[class.foxconnect.kr/contents/CLASS/THUMB/20241220/20241220105343290_thumb_1920x1080.jpg]
[class.foxconnect.kr/fox/cls/clsViewd37b.html]
[class.foxconnect.kr/contents/CLASS/THUMB/20241220/20241220105413079_thumb_1920x1080.jpg]
[class.foxconnect.kr/fox/cls/clsView208c.html]
[class.foxconnect.kr/contents/CLASS/THUMB/20241220/20241220105441923_thumb_1920x1080.jpg]
[class.foxconnect.kr/fox/cls/clsViewb8a5.html]
[class.foxconnect.kr/contents/CLASS/THUMB/20241220/20241220105509662_thumb_1920x1080.jpg]
[class.foxconnect.kr/fox/cls/clsView8b8a.html]
[class.foxconnect.kr/contents/CLASS/THUMB/20241220/20241220123310042_thumb_1920x1080.jpg]
[class.foxconnect.kr/fox/cls/clsViewc636.html]
[class.foxconnect.kr/contents/CLASS/THUMB/20241220/20241220123337657_thumb_1920x1080.jpg]
[class.foxconnect.kr/fox/cls/clsView1402.html]
[class.foxconnect.kr/contents/CLASS/THUMB/20241220/20241220123405686_thumb_1920x1080.jpg]
[class.foxconnect.kr/fox/cls/clsViewf4e2.html]
[class.foxconnect.kr/contents/CLASS/THUMB/20241220/20241220123448453_thumb_1920x1080.jpg]
[class.foxconnect.kr/fox/cls/clsView224f-2.html]
[class.foxconnect.kr/contents/CLASS/THUMB/20241220/20241220123517717_thumb_1920x1080.jpg]
[class.foxconnect.kr/fox/cls/clsViewa680.html]
[class.foxconnect.kr/contents/CLASS/THUMB/20241220/20241220123545574_thumb_1920x1080.jpg]
[class.foxconnect.kr/fox/cls/clsViewd252.html]
[class.foxconnect.kr/contents/CLASS/THUMB/20241220/20241220123612824_thumb_1920x1080.jpg]
[class.foxconnect.kr/fox/cls/clsViewd3e1.html]
[class.foxconnect.kr/contents/CLASS/THUMB/20241220/20241220123637688_thumb_1920x1080.jpg]
[class.foxconnect.kr/fox/cls/clsViewa0a7.html]
[class.foxconnect.kr/contents/CLASS/THUMB/20241220/20241220124329598_thumb_1920x1080.jpg]
[class.foxconnect.kr/fox/cls/clsViewd1ce.html]
[class.foxconnect.kr/contents/CLASS/THUMB/20241220/20241220124359069_thumb_1920x1080.jpg]
[class.foxconnect.kr/fox/cls/clsViewc4d3-2.html]
[class.foxconnect.kr/contents/CLASS/THUMB/20241220/20241220124430038_thumb_1920x1080.jpg]
[class.foxconnect.kr/fox/cls/clsView50de.html]
[class.foxconnect.kr/contents/CLASS/THUMB/20241220/20241220124456547_thumb_1920x1080.jpg]
[class.foxconnect.kr/fox/cls/clsViewcb66.html]
[class.foxconnect.kr/contents/CLASS/THUMB/20241220/20241220124525531_thumb_1920x1080.jpg]
[class.foxconnect.kr/fox/cls/clsViewc7a9.html]
[class.foxconnect.kr/contents/CLASS/THUMB/20241220/20241220124552738_thumb_1920x1080.jpg]
[class.foxconnect.kr/fox/cls/clsView35b3.html]
[class.foxconnect.kr/fox/cls/globalSearch3d1a.html]
[class.foxconnect.kr/contents/CLASS/THUMB/20241220/20241220124619738_thumb_1920x1080.jpg]
[class.foxconnect.kr/fox/cls/clsViewd4d7.html]
[class.foxconnect.kr/contents/CLASS/THUMB/20241220/20241220124649701_thumb_1920x1080.jpg]
[class.foxconnect.kr/fox/cls/clsView1199.html]
[class.foxconnect.kr/contents/CLASS/THUMB/20241220/20241220124717649_thumb_1920x1080.jpg]
[class.foxconnect.kr/fox/cls/clsView231b.html]
[class.foxconnect.kr/contents/CLASS/THUMB/20241220/20241220124743751_thumb_1920x1080.jpg]
[class.foxconnect.kr/fox/cls/clsView0219.html]
[class.foxconnect.kr/contents/CLASS/THUMB/20241220/20241220124820595_thumb_1920x1080.jpg]
[class.foxconnect.kr/fox/cls/clsView3673.html]
[class.foxconnect.kr/contents/CLASS/THUMB/20241220/20241220124857815_thumb_1920x1080.jpg]
[class.foxconnect.kr/fox/cls/clsView6e47.html]
[class.foxconnect.kr/contents/CLASS/THUMB/20241220/20241220125103398_thumb_1920x1080.jpg]
[class.foxconnect.kr/fox/cls/clsViewfd3e.html]
[class.foxconnect.kr/contents/CLASS/THUMB/20241220/20241220125131159_thumb_1920x1080.jpg]
[class.foxconnect.kr/fox/cls/clsView4f00.html]
[class.foxconnect.kr/contents/CLASS/THUMB/20241220/20241220125158549_thumb_1920x1080.jpg]
[class.foxconnect.kr/fox/cls/clsViewe893.html]
[class.foxconnect.kr/contents/CLASS/THUMB/20241220/20241220125226504_thumb_1920x1080.jpg]
[class.foxconnect.kr/fox/cls/clsView0f4c.html]
[class.foxconnect.kr/contents/CLASS/THUMB/20241220/20241220125307840_thumb_1920x1080.jpg]
[class.foxconnect.kr/fox/cls/clsViewb1af.html]
[class.foxconnect.kr/contents/CLASS/THUMB/20241220/20241220125334007_thumb_1920x1080.jpg]
[class.foxconnect.kr/fox/cls/clsView72c2.html]
[class.foxconnect.kr/contents/CLASS/THUMB/20241220/20241220125401287_thumb_1920x1080.jpg]
[class.foxconnect.kr/fox/cls/clsViewff66.html]
[class.foxconnect.kr/contents/CLASS/THUMB/20241220/20241220125429972_thumb_1920x1080.jpg]
[class.foxconnect.kr/fox/cls/clsView4510.html]
[class.foxconnect.kr/contents/CLASS/THUMB/20241220/20241220013523841_thumb_1920x1080.jpg]
[class.foxconnect.kr/fox/cls/clsViewac9b.html]
[class.foxconnect.kr/contents/CLASS/THUMB/20241220/20241220013549413_thumb_1920x1080.jpg]
[class.foxconnect.kr/fox/cls/clsView79f8.html]
[class.foxconnect.kr/contents/CLASS/THUMB/20241220/20241220013618176_thumb_1920x1080.jpg]
[class.foxconnect.kr/fox/cls/clsViewef58.html]
[class.foxconnect.kr/contents/CLASS/THUMB/20241220/20241220013655227_thumb_1920x1080.jpg]
[class.foxconnect.kr/fox/cls/clsView9642.html]
[class.foxconnect.kr/contents/CLASS/THUMB/20241220/20241220013722560_thumb_1920x1080.jpg]
[class.foxconnect.kr/fox/cls/clsViewcb05.html]
[class.foxconnect.kr/contents/CLASS/THUMB/20241220/20241220013850036_thumb_1920x1080.jpg]
[class.foxconnect.kr/fox/cls/clsViewce08.html]
[class.foxconnect.kr/contents/CLASS/THUMB/20241220/20241220013917693_thumb_1920x1080.jpg]
[class.foxconnect.kr/fox/cls/globalSearchddb2.html]
[class.foxconnect.kr/fox/cls/clsView5a8a.html]
[class.foxconnect.kr/contents/CLASS/THUMB/20241220/20241220013949430_thumb_1920x1080.jpg]
[class.foxconnect.kr/fox/cls/clsViewc834.html]
[class.foxconnect.kr/contents/CLASS/THUMB/20241220/20241220014016004_thumb_1920x1080.jpg]
[class.foxconnect.kr/fox/cls/clsViewdf90.html]
[class.foxconnect.kr/contents/CLASS/THUMB/20241220/20241220014042816_thumb_1920x1080.jpg]
[class.foxconnect.kr/fox/cls/clsView389e.html]
[class.foxconnect.kr/contents/CLASS/THUMB/20241220/20241220014110450_thumb_1920x1080.jpg]
[class.foxconnect.kr/fox/cls/clsView8c7a.html]
[class.foxconnect.kr/contents/CLASS/THUMB/20241220/20241220014542360_thumb_1920x1080.jpg]
[class.foxconnect.kr/fox/cls/clsView3866.html]
[class.foxconnect.kr/contents/CLASS/THUMB/20241220/20241220015316842_thumb_1920x1080.jpg]
[class.foxconnect.kr/fox/cls/clsView1d8d.html]
[class.foxconnect.kr/contents/CLASS/THUMB/20241220/20241220015403411_thumb_1920x1080.jpg]
[class.foxconnect.kr/fox/cls/clsView3860.html]
[class.foxconnect.kr/contents/CLASS/THUMB/20241220/20241220015430814_thumb_1920x1080.jpg]
[class.foxconnect.kr/fox/cls/clsView308c-2.html]
[class.foxconnect.kr/contents/CLASS/THUMB/20241220/20241220015500274_thumb_1920x1080.jpg]
[class.foxconnect.kr/fox/cls/clsView4a51.html]
[class.foxconnect.kr/contents/CLASS/THUMB/20241220/20241220015529682_thumb_1920x1080.jpg]
[class.foxconnect.kr/fox/cls/clsViewf8dd-2.html]
[class.foxconnect.kr/contents/CLASS/THUMB/20241220/20241220015555592_thumb_1920x1080.jpg]
[class.foxconnect.kr/fox/cls/clsViewe12d.html]
[class.foxconnect.kr/contents/CLASS/THUMB/20241220/20241220015622614_thumb_1920x1080.jpg]
[class.foxconnect.kr/fox/cls/clsView28f6.html]
[class.foxconnect.kr/contents/CLASS/THUMB/20241220/20241220015653841_thumb_1920x1080.jpg]
[class.foxconnect.kr/fox/cls/clsView1877.html]
[class.foxconnect.kr/contents/CLASS/THUMB/20241220/20241220015718803_thumb_1920x1080.jpg]
[class.foxconnect.kr/fox/cls/clsView6aee.html]
[class.foxconnect.kr/contents/CLASS/THUMB/20241220/20241220015747296_thumb_1920x1080.jpg]
[class.foxconnect.kr/fox/cls/clsViewdf1c.html]
[class.foxconnect.kr/contents/CLASS/THUMB/20241220/20241220015816980_thumb_1920x1080.jpg]
[class.foxconnect.kr/fox/cls/clsView5fc7.html]
[class.foxconnect.kr/contents/CLASS/THUMB/20241220/20241220021057244_thumb_1920x1080.jpg]
[class.foxconnect.kr/fox/cls/clsView3fc3.html]
[class.foxconnect.kr/contents/CLASS/THUMB/20241220/20241220021953894_thumb_1920x1080.jpg]
[class.foxconnect.kr/fox/cls/clsView472b.html]
[class.foxconnect.kr/contents/CLASS/THUMB/20241220/20241220022040528_thumb_1920x1080.jpg]
[class.foxconnect.kr/fox/cls/clsViewc8c3.html]
[class.foxconnect.kr/contents/CLASS/THUMB/20241220/20241220022140059_thumb_1920x1080.jpg]
[class.foxconnect.kr/fox/cls/globalSearch4df3.html]
[class.foxconnect.kr/fox/cls/globalSearch29e3.html]
[class.foxconnect.kr/fox/cls/globalSearchd50e.html]
[class.foxconnect.kr/fox/cls/globalSearchf53b.html]
[class.foxconnect.kr/fox/cls/globalSearch92ef.html]
[class.foxconnect.kr/fox/cls/globalSearchd9a9.html]
[class.foxconnect.kr/fox/cls/globalSearchae65.html]
[class.foxconnect.kr/fox/cls/globalSearcheb4c.html]
[class.foxconnect.kr/fox/cls/globalSearchb08e.html]
[class.foxconnect.kr/fox/cls/globalSearchcb60.html]
[class.foxconnect.kr/fox/cls/globalSearch5cde.html]
[class.foxconnect.kr/fox/cls/clsViewd45a.html]
[class.foxconnect.kr/contents/CLASS/THUMB/20250109/20250109103449888_thumb_1920x1080.jpg]
[class.foxconnect.kr/fox/cls/clsView8555.html]
[class.foxconnect.kr/contents/CLASS/THUMB/20250109/20250109103526619_thumb_1920x1080.jpg]
[class.foxconnect.kr/fox/cls/clsViewce86.html]
[class.foxconnect.kr/contents/CLASS/THUMB/20250109/20250109011302178_thumb_1920x1080.jpg]
[class.foxconnect.kr/fox/cls/clsView3448.html]
[class.foxconnect.kr/contents/CLASS/THUMB/20250109/20250109011547384_thumb_1920x1080.jpg]
[class.foxconnect.kr/fox/cls/clsViewd36b.html]
[class.foxconnect.kr/contents/CLASS/THUMB/20250109/20250109011620216_thumb_1920x1080.jpg]
[class.foxconnect.kr/fox/cls/clsView3a02.html]
[class.foxconnect.kr/contents/CLASS/THUMB/20250109/20250109011745768_thumb_1920x1080.jpg]
[class.foxconnect.kr/fox/cls/clsViewbd71.html]
[class.foxconnect.kr/contents/CLASS/THUMB/20250109/20250109011843630_thumb_1920x1080.jpg]
[class.foxconnect.kr/fox/cls/clsViewdd45.html]
[class.foxconnect.kr/contents/CLASS/THUMB/20250109/20250109012249628_thumb_1920x1080.jpg]
[class.foxconnect.kr/fox/cls/clsView952a.html]
[class.foxconnect.kr/contents/CLASS/THUMB/20250109/20250109012605258_thumb_1920x1080.jpg]
[class.foxconnect.kr/fox/cls/clsViewd2f7.html]
[class.foxconnect.kr/contents/CLASS/THUMB/20250108/20250108030641632_thumb_1920x1080.jpg]
[class.foxconnect.kr/fox/cls/clsViewfc65.html]
[class.foxconnect.kr/contents/CLASS/THUMB/20250109/20250109012728026_thumb_1920x1080.jpg]
[class.foxconnect.kr/fox/cls/clsView8c84.html]
[class.foxconnect.kr/contents/CLASS/THUMB/20250108/20250108031002272_thumb_1920x1080.jpg]
[class.foxconnect.kr/fox/cls/clsView5d5c.html]
[class.foxconnect.kr/contents/CLASS/THUMB/20250108/20250108034306473_thumb_1920x1080.jpg]
[class.foxconnect.kr/fox/cls/clsViewf4be-2.html]
[class.foxconnect.kr/contents/CLASS/THUMB/20250108/20250108050116937_thumb_1920x1080.jpg]
[class.foxconnect.kr/fox/cls/clsViewc287.html]
[class.foxconnect.kr/contents/CLASS/THUMB/20250109/20250109100842363_thumb_1920x1080.jpg]
[class.foxconnect.kr/fox/cls/clsViewe8f0.html]
[class.foxconnect.kr/contents/CLASS/THUMB/20250109/20250109101108003_thumb_1920x1080.jpg]
[class.foxconnect.kr/fox/cls/clsView41ca.html]
[class.foxconnect.kr/contents/CLASS/THUMB/20250109/20250109101204465_thumb_1920x1080.jpg]
[class.foxconnect.kr/fox/cls/clsView2b94.html]
[class.foxconnect.kr/contents/CLASS/THUMB/20250109/20250109101303937_thumb_1920x1080.jpg]
[class.foxconnect.kr/fox/cls/clsViewf370.html]
[class.foxconnect.kr/contents/CLASS/THUMB/20250109/20250109101857433_thumb_1920x1080.jpg]
[class.foxconnect.kr/fox/cls/globalSearchafa8.html]
[class.foxconnect.kr/fox/cls/globalSearch76d6.html]
[class.foxconnect.kr/fox/cls/globalSearch3da8.html]
[class.foxconnect.kr/fox/cls/globalSearch96f8.html]
[class.foxconnect.kr/fox/cls/globalSearch31d4.html]
[class.foxconnect.kr/fox/cls/globalSearcha65b.html]
[class.foxconnect.kr/fox/cls/globalSearch56d7.html]
[class.foxconnect.kr/fox/cls/globalSearch06f9.html]
[class.foxconnect.kr/fox/cls/globalSearch774e.html]
[class.foxconnect.kr/fox/cls/globalSearch8263.html]
[class.foxconnect.kr/fox/cls/globalSearch7088.html]
[class.foxconnect.kr/fox/cls/clsView8779.html]
[class.foxconnect.kr/contents/CLASS/THUMB/20250109/20250109105115646_thumb_1920x1080.jpg]
[class.foxconnect.kr/fox/cls/clsViewa170.html]
[class.foxconnect.kr/contents/CLASS/THUMB/20250109/20250109105648594_thumb_1920x1080.jpg]
[class.foxconnect.kr/fox/cls/clsViewa318.html]
[class.foxconnect.kr/contents/CLASS/THUMB/20250109/20250109125817027_thumb_1920x1080.jpg]
[class.foxconnect.kr/fox/cls/clsView6fe7.html]
[class.foxconnect.kr/contents/CLASS/THUMB/20250109/20250109012119921_thumb_1920x1080.jpg]
[class.foxconnect.kr/fox/cls/clsView7949.html]
[class.foxconnect.kr/contents/CLASS/THUMB/20250109/20250109012943273_thumb_1920x1080.jpg]
[class.foxconnect.kr/fox/cls/clsView23a7.html]
[class.foxconnect.kr/contents/CLASS/THUMB/20250109/20250109014403499_thumb_1920x1080.jpg]
[class.foxconnect.kr/fox/cls/clsView8598.html]
[class.foxconnect.kr/contents/CLASS/THUMB/20250109/20250109014536190_thumb_1920x1080.jpg]
[class.foxconnect.kr/fox/cls/clsViewd680.html]
[class.foxconnect.kr/contents/CLASS/THUMB/20250109/20250109014718499_thumb_1920x1080.jpg]
[class.foxconnect.kr/fox/cls/clsViewc3d2.html]
[class.foxconnect.kr/contents/CLASS/THUMB/20250109/20250109014837832_thumb_1920x1080.jpg]
[class.foxconnect.kr/fox/cls/clsViewd214.html]
[class.foxconnect.kr/contents/CLASS/THUMB/20250109/20250109021638477_thumb_1920x1080.jpg]
[class.foxconnect.kr/fox/cls/clsView7da9.html]
[class.foxconnect.kr/contents/CLASS/THUMB/20250109/20250109022443321_thumb_1920x1080.jpg]
[class.foxconnect.kr/fox/cls/clsView7e11.html]
[class.foxconnect.kr/contents/CLASS/THUMB/20250109/20250109022837183_thumb_1920x1080.jpg]
[class.foxconnect.kr/fox/cls/clsViewb815.html]
[class.foxconnect.kr/contents/CLASS/THUMB/20250109/20250109023137815_thumb_1920x1080.jpg]
[class.foxconnect.kr/fox/cls/clsView3482.html]
[class.foxconnect.kr/contents/CLASS/THUMB/20250109/20250109024011769_thumb_1920x1080.jpg]
[class.foxconnect.kr/fox/cls/clsView9807.html]
[class.foxconnect.kr/contents/CLASS/THUMB/20250109/20250109025133605_thumb_1920x1080.jpg]
[class.foxconnect.kr/fox/cls/clsViewbb7b.html]
[class.foxconnect.kr/fox/cls/globalSearch9376.html]
[class.foxconnect.kr/contents/CLASS/THUMB/20250109/20250109025830119_thumb_1920x1080.jpg]
[class.foxconnect.kr/fox/cls/clsView307c.html]
[class.foxconnect.kr/contents/CLASS/THUMB/20250109/20250109031452037_thumb_1920x1080.jpg]
[class.foxconnect.kr/fox/cls/clsView92a1.html]
[class.foxconnect.kr/contents/CLASS/THUMB/20250109/20250109031810969_thumb_1920x1080.jpg]
[class.foxconnect.kr/fox/cls/clsViewd591.html]
[class.foxconnect.kr/contents/CLASS/THUMB/20250109/20250109034623006_thumb_1920x1080.jpg]
[class.foxconnect.kr/fox/cls/clsViewc667.html]
[class.foxconnect.kr/contents/CLASS/THUMB/20250110/20250110110302161_thumb_1920x1080.jpg]
[class.foxconnect.kr/fox/cls/clsView1c4d.html]
[class.foxconnect.kr/contents/CLASS/THUMB/20250110/20250110111104727_thumb_1920x1080.jpg]
[class.foxconnect.kr/fox/cls/clsViewd6cc.html]
[class.foxconnect.kr/contents/CLASS/THUMB/20250110/20250110111317460_thumb_1920x1080.jpg]
[class.foxconnect.kr/fox/cls/clsViewf55a.html]
[class.foxconnect.kr/contents/CLASS/THUMB/20250110/20250110040908922_thumb_1920x1080.jpg]
[class.foxconnect.kr/fox/cls/clsView44af.html]
[class.foxconnect.kr/contents/CLASS/THUMB/20250110/20250110041138094_thumb_1920x1080.jpg]
[class.foxconnect.kr/fox/cls/clsView166d.html]
[class.foxconnect.kr/contents/CLASS/THUMB/20250110/20250110041532724_thumb_1920x1080.jpg]
[class.foxconnect.kr/fox/cls/clsViewb7ae.html]
[class.foxconnect.kr/contents/CLASS/THUMB/20250113/20250113101909577_thumb_1920x1080.jpg]
[class.foxconnect.kr/fox/cls/clsView98a1.html]
[class.foxconnect.kr/contents/CLASS/THUMB/20250113/20250113102125840_thumb_1920x1080.jpg]
[class.foxconnect.kr/fox/cls/clsView7dd0.html]
[class.foxconnect.kr/contents/CLASS/THUMB/20250113/20250113102315234_thumb_1920x1080.jpg]
[class.foxconnect.kr/fox/cls/clsViewf4b0.html]
[class.foxconnect.kr/contents/CLASS/THUMB/20250113/20250113102501996_thumb_1920x1080.jpg]
[class.foxconnect.kr/fox/cls/clsView83d3.html]
[class.foxconnect.kr/contents/CLASS/THUMB/20250113/20250113014710007_thumb_1920x1080.jpg]
[class.foxconnect.kr/fox/cls/clsView8c8f.html]
[class.foxconnect.kr/contents/CLASS/THUMB/20250113/20250113014752976_thumb_1920x1080.jpg]
[class.foxconnect.kr/fox/cls/clsView61d7.html]
[class.foxconnect.kr/contents/CLASS/THUMB/20250113/20250113014838702_thumb_1920x1080.jpg]
[class.foxconnect.kr/fox/cls/globalSearch4b31.html]
[class.foxconnect.kr/fox/cls/clsViewf968.html]
[class.foxconnect.kr/contents/CLASS/THUMB/20250113/20250113014921844_thumb_1920x1080.jpg]
[class.foxconnect.kr/fox/cls/clsView024f.html]
[class.foxconnect.kr/contents/CLASS/THUMB/20250113/20250113014955275_thumb_1920x1080.jpg]
[class.foxconnect.kr/fox/cls/clsView173f.html]
[class.foxconnect.kr/contents/CLASS/THUMB/20250113/20250113015550423_thumb_1920x1080.jpg]
[class.foxconnect.kr/fox/cls/clsView3b60.html]
[class.foxconnect.kr/contents/CLASS/THUMB/20250113/20250113015635124_thumb_1920x1080.jpg]
[class.foxconnect.kr/fox/cls/clsView23b4.html]
[class.foxconnect.kr/contents/CLASS/THUMB/20250113/20250113015716111_thumb_1920x1080.jpg]
[class.foxconnect.kr/fox/cls/clsView4932.html]
[class.foxconnect.kr/contents/CLASS/THUMB/20250113/20250113015757503_thumb_1920x1080.jpg]
[class.foxconnect.kr/fox/cls/clsView9d70.html]
[class.foxconnect.kr/fox/cls/globalSearchb028.html]
[class.foxconnect.kr/contents/CLASS/THUMB/20250113/20250113034551413_thumb_1920x1080.jpg]
[class.foxconnect.kr/fox/cls/clsViewefc2.html]
[class.foxconnect.kr/contents/CLASS/THUMB/20250114/20250114035944277_thumb_1920x1080.jpg]
[class.foxconnect.kr/fox/cls/clsView0b13.html]
[class.foxconnect.kr/contents/CLASS/THUMB/20250114/20250114040041098_thumb_1920x1080.jpg]
[class.foxconnect.kr/fox/cls/clsViewfeab-2.html]
[class.foxconnect.kr/contents/CLASS/THUMB/20250114/20250114040523361_thumb_1920x1080.jpg]
[class.foxconnect.kr/fox/cls/clsView2e1d.html]
[class.foxconnect.kr/contents/CLASS/THUMB/20250114/20250114041328748_thumb_1920x1080.jpg]
[class.foxconnect.kr/fox/cls/clsView96e2.html]
[class.foxconnect.kr/contents/CLASS/THUMB/20250114/20250114041604051_thumb_1920x1080.jpg]
[class.foxconnect.kr/fox/cls/clsViewd243.html]
[class.foxconnect.kr/contents/CLASS/THUMB/20250114/20250114043321608_thumb_1920x1080.jpg]
[class.foxconnect.kr/fox/cls/clsView640a.html]
[class.foxconnect.kr/contents/CLASS/THUMB/20250114/20250114043451224_thumb_1920x1080.jpg]
[class.foxconnect.kr/fox/cls/clsView6996.html]
[class.foxconnect.kr/contents/CLASS/THUMB/20250114/20250114043805695_thumb_1920x1080.jpg]
[class.foxconnect.kr/fox/cls/clsView6ae6.html]
[class.foxconnect.kr/contents/CLASS/THUMB/20250114/20250114044022133_thumb_1920x1080.jpg]
[class.foxconnect.kr/fox/cls/clsViewc535.html]
[class.foxconnect.kr/contents/CLASS/THUMB/20250115/20250115094113559_thumb_1920x1080.jpg]
[class.foxconnect.kr/fox/cls/clsViewb932.html]
[class.foxconnect.kr/contents/CLASS/THUMB/20250115/20250115101232234_thumb_1920x1080.jpg]
[class.foxconnect.kr/fox/cls/clsView5fb6.html]
[class.foxconnect.kr/contents/CLASS/THUMB/20250115/20250115102439613_thumb_1920x1080.jpg]
[class.foxconnect.kr/fox/cls/clsViewbda6.html]
[class.foxconnect.kr/contents/CLASS/THUMB/20250115/20250115102545935_thumb_1920x1080.jpg]
[class.foxconnect.kr/fox/cls/clsViewd01a.html]
[class.foxconnect.kr/contents/CLASS/THUMB/20250115/20250115102951770_thumb_1920x1080.jpg]
[class.foxconnect.kr/fox/cls/clsView3742.html]
[class.foxconnect.kr/contents/CLASS/THUMB/20250115/20250115103518826_thumb_1920x1080.jpg]
[class.foxconnect.kr/fox/cls/clsView926b.html]
[class.foxconnect.kr/contents/CLASS/THUMB/20250115/20250115105915938_thumb_1920x1080.jpg]
[class.foxconnect.kr/fox/cls/clsView9bdf.html]
[class.foxconnect.kr/contents/CLASS/THUMB/20250115/20250115110020803_thumb_1920x1080.jpg]
[class.foxconnect.kr/fox/cls/clsView6e26-2.html]
[class.foxconnect.kr/contents/CLASS/THUMB/20250115/20250115124655194_thumb_1920x1080.jpg]
[class.foxconnect.kr/fox/cls/clsView115f.html]
[class.foxconnect.kr/contents/CLASS/THUMB/20250115/20250115124816068_thumb_1920x1080.jpg]
[class.foxconnect.kr/fox/cls/clsView26d9.html]
[class.foxconnect.kr/contents/CLASS/THUMB/20250115/20250115125004299_thumb_1920x1080.jpg]
[class.foxconnect.kr/fox/cls/globalSearch035f.html]
[class.foxconnect.kr/fox/cls/clsView254f.html]
[class.foxconnect.kr/contents/CLASS/THUMB/20250115/20250115125204487_thumb_1920x1080.jpg]
[class.foxconnect.kr/fox/cls/clsViewbc15.html]
[class.foxconnect.kr/contents/CLASS/THUMB/20250115/20250115125355308_thumb_1920x1080.jpg]
[class.foxconnect.kr/fox/cls/clsView85b7.html]
[class.foxconnect.kr/contents/CLASS/THUMB/20250115/20250115010108645_thumb_1920x1080.jpg]
[class.foxconnect.kr/fox/cls/clsViewf06f.html]
[class.foxconnect.kr/contents/CLASS/THUMB/20250115/20250115010439455_thumb_1920x1080.jpg]
[class.foxconnect.kr/fox/cls/clsView319f.html]
[class.foxconnect.kr/contents/CLASS/THUMB/20250115/20250115011029878_thumb_1920x1080.jpg]
[class.foxconnect.kr/fox/cls/clsViewced9.html]
[class.foxconnect.kr/contents/CLASS/THUMB/20250115/20250115011141045_thumb_1920x1080.jpg]
[class.foxconnect.kr/fox/cls/clsView9f9a.html]
[class.foxconnect.kr/contents/CLASS/THUMB/20250115/20250115011305041_thumb_1920x1080.jpg]
[class.foxconnect.kr/fox/cls/clsView260f.html]
[class.foxconnect.kr/contents/CLASS/THUMB/20250115/20250115011437246_thumb_1920x1080.jpg]
[class.foxconnect.kr/fox/cls/clsViewbeb8.html]
[class.foxconnect.kr/contents/CLASS/THUMB/20250115/20250115021249305_thumb_1920x1080.jpg]
[class.foxconnect.kr/fox/cls/clsView741f.html]
[class.foxconnect.kr/contents/CLASS/THUMB/20250115/20250115021556233_thumb_1920x1080.jpg]
[class.foxconnect.kr/fox/cls/clsView395f.html]
[class.foxconnect.kr/contents/CLASS/THUMB/20250115/20250115022126172_thumb_1920x1080.jpg]
[class.foxconnect.kr/fox/cls/clsView3936.html]
[class.foxconnect.kr/contents/CLASS/THUMB/20250115/20250115023954806_thumb_1920x1080.jpg]
[class.foxconnect.kr/fox/cls/clsViewf80e.html]
[class.foxconnect.kr/contents/CLASS/THUMB/20250115/20250115024218472_thumb_1920x1080.jpg]
[class.foxconnect.kr/fox/cls/clsViewe6f6.html]
[class.foxconnect.kr/contents/CLASS/THUMB/20250115/20250115024350510_thumb_1920x1080.jpg]
[class.foxconnect.kr/fox/cls/clsView0abe-2.html]
[class.foxconnect.kr/contents/CLASS/THUMB/20250115/20250115024504588_thumb_1920x1080.jpg]
[class.foxconnect.kr/fox/cls/clsView4809.html]
[class.foxconnect.kr/contents/CLASS/THUMB/20250115/20250115024957740_thumb_1920x1080.jpg]
[class.foxconnect.kr/fox/cls/clsViewc82d.html]
[class.foxconnect.kr/contents/CLASS/THUMB/20250115/20250115033515592_thumb_1920x1080.jpg]
[class.foxconnect.kr/fox/cls/clsView6abd.html]
[class.foxconnect.kr/contents/CLASS/THUMB/20250115/20250115043156871_thumb_1920x1080.jpg]
[class.foxconnect.kr/fox/cls/clsView09f3.html]
[class.foxconnect.kr/contents/CLASS/THUMB/20250115/20250115045233075_thumb_1920x1080.jpg]
[class.foxconnect.kr/fox/cls/clsView4c27.html]
[class.foxconnect.kr/contents/CLASS/THUMB/20250116/20250116014759454_thumb_1920x1080.jpg]
[class.foxconnect.kr/fox/cls/globalSearch21ae.html]
[class.foxconnect.kr/fox/cls/clsViewf758.html]
[class.foxconnect.kr/contents/CLASS/THUMB/20250116/20250116014851116_thumb_1920x1080.jpg]
[class.foxconnect.kr/fox/cls/clsView3bec.html]
[class.foxconnect.kr/contents/CLASS/THUMB/20250116/20250116014948787_thumb_1920x1080.jpg]
[class.foxconnect.kr/fox/cls/clsViewc0d4.html]
[class.foxconnect.kr/contents/CLASS/THUMB/20250116/20250116015046186_thumb_1920x1080.jpg]
[class.foxconnect.kr/fox/cls/clsView9667.html]
[class.foxconnect.kr/contents/CLASS/THUMB/20250116/20250116015124303_thumb_1920x1080.jpg]
[class.foxconnect.kr/fox/cls/clsViewcd8e.html]
[class.foxconnect.kr/contents/CLASS/THUMB/20250116/20250116015248517_thumb_1920x1080.jpg]
[class.foxconnect.kr/fox/cls/clsViewc8c2.html]
[class.foxconnect.kr/contents/CLASS/THUMB/20250116/20250116015341415_thumb_1920x1080.jpg]
[class.foxconnect.kr/fox/cls/clsViewfd7d.html]
[class.foxconnect.kr/contents/CLASS/THUMB/20250116/20250116015437748_thumb_1920x1080.jpg]
[class.foxconnect.kr/fox/cls/clsViewd3f7.html]
[class.foxconnect.kr/contents/CLASS/THUMB/20250116/20250116015510706_thumb_1920x1080.jpg]
[class.foxconnect.kr/fox/cls/clsViewf7a7.html]
[class.foxconnect.kr/contents/CLASS/THUMB/20250116/20250116015552984_thumb_1920x1080.jpg]
[class.foxconnect.kr/fox/cls/clsViewc8b1.html]
[class.foxconnect.kr/contents/CLASS/THUMB/20250116/20250116015638556_thumb_1920x1080.jpg]
[class.foxconnect.kr/fox/cls/clsViewe63e.html]
[class.foxconnect.kr/contents/CLASS/THUMB/20250116/20250116015801458_thumb_1920x1080.jpg]
[class.foxconnect.kr/fox/cls/clsView714d.html]
[class.foxconnect.kr/contents/CLASS/THUMB/20250116/20250116015845683_thumb_1920x1080.jpg]
[class.foxconnect.kr/fox/cls/clsViewfc14.html]
[class.foxconnect.kr/contents/CLASS/THUMB/20250116/20250116015924378_thumb_1920x1080.jpg]
[class.foxconnect.kr/fox/cls/clsView3a2a.html]
[class.foxconnect.kr/contents/CLASS/THUMB/20250116/20250116020006141_thumb_1920x1080.jpg]
[class.foxconnect.kr/fox/cls/clsView0f18.html]
[class.foxconnect.kr/contents/CLASS/THUMB/20250116/20250116020121995_thumb_1920x1080.jpg]
[class.foxconnect.kr/fox/cls/clsViewded5.html]
[class.foxconnect.kr/contents/CLASS/THUMB/20250116/20250116020202201_thumb_1920x1080.jpg]
[class.foxconnect.kr/fox/cls/clsView1604.html]
[class.foxconnect.kr/contents/CLASS/THUMB/20250116/20250116020332430_thumb_1920x1080.jpg]
[class.foxconnect.kr/fox/cls/clsView3e53.html]
[class.foxconnect.kr/fox/cls/globalSearch27e5.html]
[class.foxconnect.kr/contents/CLASS/THUMB/20250116/20250116020421074_thumb_1920x1080.jpg]
[class.foxconnect.kr/fox/cls/globalSearche667.html]
[class.foxconnect.kr/fox/cls/clsViewdb3f.html]
[class.foxconnect.kr/contents/CLASS/THUMB/20220921/20220921104244776_thumb_1920x1080.jpg]
[class.foxconnect.kr/fox/cls/globalSearch9dc3.html]
[class.foxconnect.kr/fox/cls/globalSearchee39.html]
[class.foxconnect.kr/fox/cls/clsViewaaa2.html]
[class.foxconnect.kr/fox/cls/clsView03b6.html]
[class.foxconnect.kr/fox/cls/clsViewa107.html]
[class.foxconnect.kr/fox/cls/clsView6553.html]
[class.foxconnect.kr/fox/cls/clsViewbd3d.html]
[class.foxconnect.kr/fox/cls/clsView176d.html]
[class.foxconnect.kr/fox/cls/clsViewbd0e.html]
[class.foxconnect.kr/fox/cls/clsView8860.html]
[class.foxconnect.kr/fox/cls/clsView45e4.html]
[class.foxconnect.kr/fox/cls/clsView6c26.html]
[class.foxconnect.kr/fox/cls/clsView73ee.html]
[class.foxconnect.kr/fox/cls/clsView9b1a-2.html]
[class.foxconnect.kr/fox/cls/clsView9d46.html]
[class.foxconnect.kr/fox/cls/clsView9525.html]
[class.foxconnect.kr/fox/cls/clsViewb1b2.html]
[class.foxconnect.kr/fox/cls/clsView030e.html]
[class.foxconnect.kr/fox/cls/clsView601b.html]
[class.foxconnect.kr/fox/cls/clsView0f58.html]
[class.foxconnect.kr/fox/cls/clsViewd40c.html]
[class.foxconnect.kr/fox/cls/clsViewb717.html]
[class.foxconnect.kr/fox/cls/clsView7f49.html]
[class.foxconnect.kr/fox/cls/clsVieweb98.html]
[class.foxconnect.kr/fox/cls/clsView4759.html]
[class.foxconnect.kr/fox/cls/clsView5b2e.html]
[class.foxconnect.kr/fox/cls/clsViewec1d.html]
[class.foxconnect.kr/fox/cls/clsView90e7.html]
[class.foxconnect.kr/fox/cls/clsViewb7a2.html]
[class.foxconnect.kr/fox/cls/clsView7d5d.html]
[class.foxconnect.kr/fox/cls/clsViewbd35.html]
[class.foxconnect.kr/fox/cls/clsView190b.html]
[class.foxconnect.kr/fox/cls/clsView8eb4.html]
[class.foxconnect.kr/fox/cls/clsViewb171.html]
[class.foxconnect.kr/fox/cls/clsView36a3.html]
[class.foxconnect.kr/fox/cls/clsView36ee.html]
[class.foxconnect.kr/fox/cls/clsViewdec2.html]
[class.foxconnect.kr/fox/cls/clsView684f.html]
[class.foxconnect.kr/fox/cls/clsView560f.html]
[class.foxconnect.kr/fox/cls/clsView6851-2.html]
[class.foxconnect.kr/fox/cls/clsView5bfb.html]
[class.foxconnect.kr/fox/cls/clsViewcbef.html]
[class.foxconnect.kr/fox/cls/clsView096e.html]
[class.foxconnect.kr/fox/cls/clsViewd208.html]
[class.foxconnect.kr/fox/cls/clsViewb6a8.html]
[class.foxconnect.kr/fox/cls/clsViewbea9.html]
[class.foxconnect.kr/fox/cls/clsView853b.html]
[class.foxconnect.kr/fox/cls/clsView4b99.html]
[class.foxconnect.kr/fox/cls/clsView3874.html]
[class.foxconnect.kr/fox/cls/clsView275c.html]
[class.foxconnect.kr/fox/cls/clsView3ac8.html]
[class.foxconnect.kr/fox/cls/clsView186b.html]
[class.foxconnect.kr/fox/cls/clsView98b8.html]
[class.foxconnect.kr/fox/cls/clsView913a.html]
[class.foxconnect.kr/fox/cls/clsViewe272.html]
[class.foxconnect.kr/fox/cls/clsView29c2.html]
[class.foxconnect.kr/fox/cls/clsView1bd7.html]
[class.foxconnect.kr/fox/cls/clsViewfacc.html]
[class.foxconnect.kr/fox/cls/clsView35d6.html]
[class.foxconnect.kr/fox/cls/clsView4edf.html]
[class.foxconnect.kr/fox/cls/clsView894f.html]
[class.foxconnect.kr/fox/cls/clsView5022.html]
[class.foxconnect.kr/fox/cls/clsViewd71a.html]
[class.foxconnect.kr/fox/cls/clsViewbc1e.html]
[class.foxconnect.kr/fox/cls/clsViewe8e9.html]
[class.foxconnect.kr/fox/cls/clsView802f.html]
[class.foxconnect.kr/fox/cls/clsView136b.html]
[class.foxconnect.kr/fox/cls/clsViewee0d.html]
[class.foxconnect.kr/fox/cls/clsViewfc7c.html]
[class.foxconnect.kr/fox/cls/clsView5f01.html]
[class.foxconnect.kr/fox/cls/clsView0801.html]
[class.foxconnect.kr/fox/cls/clsViewd397.html]
[class.foxconnect.kr/fox/cls/clsView09ba.html]
[class.foxconnect.kr/fox/cls/clsView9ee3.html]
[class.foxconnect.kr/fox/cls/clsViewca24.html]
[class.foxconnect.kr/fox/cls/clsView4397.html]
[class.foxconnect.kr/fox/cls/clsView1493.html]
[class.foxconnect.kr/fox/cls/clsView72cf.html]
[class.foxconnect.kr/fox/cls/clsView53bd.html]
[class.foxconnect.kr/fox/cls/clsViewb090.html]
[class.foxconnect.kr/fox/cls/clsView1211.html]
[class.foxconnect.kr/fox/cls/clsView3c87.html]
[class.foxconnect.kr/fox/cls/clsView93b3.html]
[class.foxconnect.kr/fox/cls/clsViewbd37.html]
[class.foxconnect.kr/fox/cls/clsView1f3a.html]
[class.foxconnect.kr/fox/cls/clsViewd135.html]
[class.foxconnect.kr/fox/cls/clsView013b.html]
[class.foxconnect.kr/fox/cls/clsViewa3e0.html]
[class.foxconnect.kr/fox/cls/clsViewdbc6.html]
[class.foxconnect.kr/fox/cls/clsView1451.html]
[class.foxconnect.kr/fox/cls/clsViewcbae.html]
[class.foxconnect.kr/fox/cls/clsViewd179.html]
[class.foxconnect.kr/fox/cls/clsView6d76.html]
[class.foxconnect.kr/fox/cls/clsView785e-2.html]
[class.foxconnect.kr/fox/cls/clsView42d6.html]
[class.foxconnect.kr/fox/cls/clsView8d66-2.html]
[class.foxconnect.kr/fox/cls/clsView33b9.html]
[class.foxconnect.kr/fox/cls/clsView3028.html]
[class.foxconnect.kr/fox/cls/clsView649f.html]
[class.foxconnect.kr/fox/cls/clsViewde97.html]
[class.foxconnect.kr/fox/cls/clsViewcf29.html]
[class.foxconnect.kr/fox/cls/clsView6419.html]
[class.foxconnect.kr/fox/cls/clsView1090.html]
[class.foxconnect.kr/fox/cls/clsView8b90.html]
[class.foxconnect.kr/fox/cls/clsViewda41.html]
[class.foxconnect.kr/fox/cls/clsView633e.html]
[class.foxconnect.kr/fox/cls/clsViewc6a6.html]
[class.foxconnect.kr/fox/cls/clsViewd1f5.html]
[class.foxconnect.kr/fox/cls/clsView34fd.html]
[class.foxconnect.kr/fox/cls/clsView9890.html]
[class.foxconnect.kr/fox/cls/clsViewa0b4.html]
[class.foxconnect.kr/fox/cls/clsView00d3.html]
[class.foxconnect.kr/fox/cls/clsView2cb5.html]
[class.foxconnect.kr/fox/cls/clsView3cea.html]
[class.foxconnect.kr/fox/cls/clsViewf73e.html]
[class.foxconnect.kr/fox/cls/clsViewaaaa.html]
[class.foxconnect.kr/fox/cls/clsView2bee.html]
[class.foxconnect.kr/fox/cls/clsView9473.html]
[class.foxconnect.kr/fox/cls/clsView9f91.html]
[class.foxconnect.kr/fox/cls/clsView65be.html]
[class.foxconnect.kr/fox/cls/clsView42ff.html]
[class.foxconnect.kr/fox/cls/clsView56d3.html]
[class.foxconnect.kr/fox/cls/clsView38f9.html]
[class.foxconnect.kr/fox/cls/clsViewd706.html]
[class.foxconnect.kr/fox/cls/globalSearch84ac.html]
[class.foxconnect.kr/fox/cls/globalSearch8b3d.html]
[class.foxconnect.kr/fox/cls/globalSearche359.html]
[class.foxconnect.kr/fox/cls/globalSearchea33.html]
[class.foxconnect.kr/fox/cls/clsViewb485.html]
[class.foxconnect.kr/contents/CLASS/THUMB/20241220/20241220022209183_thumb_1920x1080.jpg]
[class.foxconnect.kr/fox/cls/clsView2ced.html]
[class.foxconnect.kr/contents/CLASS/THUMB/20241220/20241220022237128_thumb_1920x1080.jpg]
[class.foxconnect.kr/fox/cls/clsViewe562.html]
[class.foxconnect.kr/contents/CLASS/THUMB/20241220/20241220022333202_thumb_1920x1080.jpg]
[class.foxconnect.kr/fox/cls/clsView358a.html]
[class.foxconnect.kr/contents/CLASS/THUMB/20241220/20241220022429641_thumb_1920x1080.jpg]
[class.foxconnect.kr/fox/cls/clsView6bf6.html]
[class.foxconnect.kr/contents/CLASS/THUMB/20241220/20241220022458116_thumb_1920x1080.jpg]
[class.foxconnect.kr/fox/cls/clsView5047.html]
[class.foxconnect.kr/contents/CLASS/THUMB/20241220/20241220022525643_thumb_1920x1080.jpg]
[class.foxconnect.kr/fox/cls/clsViewb0bf.html]
[class.foxconnect.kr/contents/CLASS/THUMB/20241220/20241220023704536_thumb_1920x1080.jpg]
[class.foxconnect.kr/fox/cls/clsView7a52.html]
[class.foxconnect.kr/contents/CLASS/THUMB/20241220/20241220023738555_thumb_1920x1080.jpg]
[class.foxconnect.kr/fox/cls/clsView5d30.html]
[class.foxconnect.kr/contents/CLASS/THUMB/20241220/20241220023806337_thumb_1920x1080.jpg]
[class.foxconnect.kr/fox/cls/clsViewc9ab.html]
[class.foxconnect.kr/contents/CLASS/THUMB/20241220/20241220023833847_thumb_1920x1080.jpg]
[class.foxconnect.kr/fox/cls/clsViewfe14.html]
[class.foxconnect.kr/contents/CLASS/THUMB/20241220/20241220023859741_thumb_1920x1080.jpg]
[class.foxconnect.kr/fox/cls/clsView4353.html]
[class.foxconnect.kr/contents/CLASS/THUMB/20241220/20241220023931535_thumb_1920x1080.jpg]
[class.foxconnect.kr/fox/cls/globalSearchbab2.html]
[class.foxconnect.kr/fox/cls/clsView2a1a.html]
[class.foxconnect.kr/contents/CLASS/THUMB/20241220/20241220024002893_thumb_1920x1080.jpg]
[class.foxconnect.kr/fox/cls/clsVieweb89.html]
[class.foxconnect.kr/contents/CLASS/THUMB/20241220/20241220024119870_thumb_1920x1080.jpg]
[class.foxconnect.kr/fox/cls/clsView4917.html]
[class.foxconnect.kr/contents/CLASS/THUMB/20241220/20241220024200713_thumb_1920x1080.jpg]
[class.foxconnect.kr/fox/cls/clsViewaa63.html]
[class.foxconnect.kr/contents/CLASS/THUMB/20241220/20241220024226549_thumb_1920x1080.jpg]
[class.foxconnect.kr/fox/cls/clsViewaec4.html]
[class.foxconnect.kr/contents/CLASS/THUMB/20241220/20241220024302220_thumb_1920x1080.jpg]
[class.foxconnect.kr/fox/cls/clsViewd2fe.html]
[class.foxconnect.kr/contents/CLASS/THUMB/20241220/20241220024338378_thumb_1920x1080.jpg]
[class.foxconnect.kr/fox/cls/clsViewfefe.html]
[class.foxconnect.kr/contents/CLASS/THUMB/20241220/20241220024405442_thumb_1920x1080.jpg]
[class.foxconnect.kr/fox/cls/clsViewa0e3.html]
[class.foxconnect.kr/contents/CLASS/THUMB/20241220/20241220024517346_thumb_1920x1080.jpg]
[class.foxconnect.kr/fox/cls/clsView95e5.html]
[class.foxconnect.kr/contents/CLASS/THUMB/20241220/20241220024608124_thumb_1920x1080.jpg]
[class.foxconnect.kr/fox/cls/clsViewa08e.html]
[class.foxconnect.kr/contents/CLASS/THUMB/20241220/20241220024640658_thumb_1920x1080.jpg]
[class.foxconnect.kr/fox/cls/clsView09bc.html]
[class.foxconnect.kr/contents/CLASS/THUMB/20241220/20241220024714625_thumb_1920x1080.jpg]
[class.foxconnect.kr/fox/cls/clsView7e01.html]
[class.foxconnect.kr/contents/CLASS/THUMB/20241220/20241220024742545_thumb_1920x1080.jpg]
[class.foxconnect.kr/fox/cls/clsViewdc76.html]
[class.foxconnect.kr/contents/CLASS/THUMB/20241220/20241220024811037_thumb_1920x1080.jpg]
[class.foxconnect.kr/fox/cls/clsViewe747.html]
[class.foxconnect.kr/contents/CLASS/THUMB/20241220/20241220024844249_thumb_1920x1080.jpg]
[class.foxconnect.kr/fox/cls/clsView9df6.html]
[class.foxconnect.kr/contents/CLASS/THUMB/20241220/20241220024913814_thumb_1920x1080.jpg]
[class.foxconnect.kr/fox/cls/clsView9d5b.html]
[class.foxconnect.kr/contents/CLASS/THUMB/20241220/20241220030354310_thumb_1920x1080.jpg]
[class.foxconnect.kr/fox/cls/clsView272a.html]
[class.foxconnect.kr/contents/CLASS/THUMB/20241220/20241220031246535_thumb_1920x1080.jpg]
[class.foxconnect.kr/fox/cls/clsView5973.html]
[class.foxconnect.kr/contents/CLASS/THUMB/20241220/20241220031315851_thumb_1920x1080.jpg]
[class.foxconnect.kr/fox/cls/clsView63a5.html]
[class.foxconnect.kr/contents/CLASS/THUMB/20241220/20241220031348442_thumb_1920x1080.jpg]
[class.foxconnect.kr/fox/cls/clsViewfee5.html]
[class.foxconnect.kr/fox/cls/globalSearchbe96.html]
[class.foxconnect.kr/contents/CLASS/THUMB/20241220/20241220031510539_thumb_1920x1080.jpg]
[class.foxconnect.kr/fox/cls/clsView1aaf.html]
[class.foxconnect.kr/contents/CLASS/THUMB/20241220/20241220031538629_thumb_1920x1080.jpg]
[class.foxconnect.kr/fox/cls/clsViewb7f7.html]
[class.foxconnect.kr/contents/CLASS/THUMB/20241220/20241220031607333_thumb_1920x1080.jpg]
[class.foxconnect.kr/fox/cls/clsView5bf3.html]
[class.foxconnect.kr/contents/CLASS/THUMB/20241220/20241220031636818_thumb_1920x1080.jpg]
[class.foxconnect.kr/fox/cls/clsView9e15.html]
[class.foxconnect.kr/contents/CLASS/THUMB/20241220/20241220031704560_thumb_1920x1080.jpg]
[class.foxconnect.kr/fox/cls/clsViewf77e.html]
[class.foxconnect.kr/contents/CLASS/THUMB/20241220/20241220031733190_thumb_1920x1080.jpg]
[class.foxconnect.kr/fox/cls/clsView4934.html]
[class.foxconnect.kr/contents/CLASS/THUMB/20241220/20241220031800583_thumb_1920x1080.jpg]
[class.foxconnect.kr/fox/cls/clsViewa913.html]
[class.foxconnect.kr/contents/CLASS/THUMB/20241220/20241220031827506_thumb_1920x1080.jpg]
[class.foxconnect.kr/fox/cls/clsView519d.html]
[class.foxconnect.kr/contents/CLASS/THUMB/20241220/20241220031856039_thumb_1920x1080.jpg]
[class.foxconnect.kr/fox/cls/clsView9c2c.html]
[class.foxconnect.kr/contents/CLASS/THUMB/20241220/20241220031929411_thumb_1920x1080.jpg]
[class.foxconnect.kr/fox/cls/clsView49ae.html]
[class.foxconnect.kr/contents/CLASS/THUMB/20241220/20241220031954876_thumb_1920x1080.jpg]
[class.foxconnect.kr/fox/cls/clsView676f.html]
[class.foxconnect.kr/contents/CLASS/THUMB/20241220/20241220032022026_thumb_1920x1080.jpg]
[class.foxconnect.kr/fox/cls/clsViewe18b.html]
[class.foxconnect.kr/contents/CLASS/THUMB/20241220/20241220032049483_thumb_1920x1080.jpg]
[class.foxconnect.kr/fox/cls/clsView0d5b.html]
[class.foxconnect.kr/contents/CLASS/THUMB/20241220/20241220032118668_thumb_1920x1080.jpg]
[class.foxconnect.kr/fox/cls/clsView1184.html]
[class.foxconnect.kr/contents/CLASS/THUMB/20241220/20241220032144668_thumb_1920x1080.jpg]
[class.foxconnect.kr/fox/cls/clsView0337.html]
[class.foxconnect.kr/contents/CLASS/THUMB/20241220/20241220032210298_thumb_1920x1080.jpg]
[class.foxconnect.kr/fox/cls/clsView7cee.html]
[class.foxconnect.kr/contents/CLASS/THUMB/20241220/20241220032239236_thumb_1920x1080.jpg]
[class.foxconnect.kr/fox/cls/clsView1aa2.html]
[class.foxconnect.kr/contents/CLASS/THUMB/20241220/20241220032306718_thumb_1920x1080.jpg]
[class.foxconnect.kr/fox/cls/clsViewf0c4-2.html]
[class.foxconnect.kr/contents/CLASS/THUMB/20241220/20241220032334665_thumb_1920x1080.jpg]
[class.foxconnect.kr/fox/cls/clsView600c.html]
[class.foxconnect.kr/contents/CLASS/THUMB/20241220/20241220032401109_thumb_1920x1080.jpg]
[class.foxconnect.kr/fox/cls/clsViewce04.html]
[class.foxconnect.kr/fox/cls/globalSearchfc25.html]
[class.foxconnect.kr/contents/CLASS/THUMB/20241220/20241220032427388_thumb_1920x1080.jpg]
[class.foxconnect.kr/fox/cls/clsViewe331.html]
[class.foxconnect.kr/contents/CLASS/THUMB/20241220/20241220032452109_thumb_1920x1080.jpg]
[class.foxconnect.kr/fox/cls/clsView79a3.html]
[class.foxconnect.kr/contents/CLASS/THUMB/20241220/20241220032517142_thumb_1920x1080.jpg]
[class.foxconnect.kr/fox/cls/clsView229d.html]
[class.foxconnect.kr/contents/CLASS/THUMB/20241220/20241220032541491_thumb_1920x1080.jpg]
[class.foxconnect.kr/fox/cls/clsView7859.html]
[class.foxconnect.kr/contents/CLASS/THUMB/20241220/20241220032609884_thumb_1920x1080.jpg]
[class.foxconnect.kr/fox/cls/clsView2ce3.html]
[class.foxconnect.kr/contents/CLASS/THUMB/20241220/20241220032636392_thumb_1920x1080.jpg]
[class.foxconnect.kr/fox/cls/clsView8895.html]
[class.foxconnect.kr/contents/CLASS/THUMB/20241220/20241220032700686_thumb_1920x1080.jpg]
[class.foxconnect.kr/fox/cls/clsViewe9fa.html]
[class.foxconnect.kr/contents/CLASS/THUMB/20241220/20241220034022123_thumb_1920x1080.jpg]
[class.foxconnect.kr/fox/cls/clsViewb54e.html]
[class.foxconnect.kr/contents/CLASS/THUMB/20241220/20241220034053320_thumb_1920x1080.jpg]
[class.foxconnect.kr/fox/cls/clsView573c.html]
[class.foxconnect.kr/contents/CLASS/THUMB/20241220/20241220034122654_thumb_1920x1080.jpg]
[class.foxconnect.kr/fox/cls/clsViewb5c6.html]
[class.foxconnect.kr/contents/CLASS/THUMB/20241220/20241220034148882_thumb_1920x1080.jpg]
[class.foxconnect.kr/fox/cls/clsViewfc01.html]
[class.foxconnect.kr/contents/CLASS/THUMB/20241220/20241220034215179_thumb_1920x1080.jpg]
[class.foxconnect.kr/fox/cls/clsView3442.html]
[class.foxconnect.kr/contents/CLASS/THUMB/20241220/20241220034242114_thumb_1920x1080.jpg]
[class.foxconnect.kr/fox/cls/clsView1780.html]
[class.foxconnect.kr/contents/CLASS/THUMB/20241220/20241220034307511_thumb_1920x1080.jpg]
[class.foxconnect.kr/fox/cls/clsView16d9.html]
[class.foxconnect.kr/contents/CLASS/THUMB/20241220/20241220034332235_thumb_1920x1080.jpg]
[class.foxconnect.kr/fox/cls/clsViewcc51.html]
[class.foxconnect.kr/contents/CLASS/THUMB/20241220/20241220034401587_thumb_1920x1080.jpg]
[class.foxconnect.kr/fox/cls/clsView93f9.html]
[class.foxconnect.kr/contents/CLASS/THUMB/20241220/20241220034533900_thumb_1920x1080.jpg]
[class.foxconnect.kr/fox/cls/clsView752c.html]
[class.foxconnect.kr/contents/CLASS/THUMB/20241220/20241220034602273_thumb_1920x1080.jpg]
[class.foxconnect.kr/fox/cls/clsView1f1b.html]
[class.foxconnect.kr/contents/CLASS/THUMB/20241220/20241220034634462_thumb_1920x1080.jpg]
[class.foxconnect.kr/fox/cls/clsViewdee0.html]
[class.foxconnect.kr/contents/CLASS/THUMB/20241220/20241220035610141_thumb_1920x1080.jpg]
[class.foxconnect.kr/fox/cls/clsViewe88b.html]
[class.foxconnect.kr/fox/cls/globalSearchb2d2.html]
[class.foxconnect.kr/contents/CLASS/THUMB/20241220/20241220035637948_thumb_1920x1080.jpg]
[class.foxconnect.kr/fox/cls/clsViewaa0f-2.html]
[class.foxconnect.kr/contents/CLASS/THUMB/20241220/20241220035705417_thumb_1920x1080.jpg]
[class.foxconnect.kr/fox/cls/clsView4dd7.html]
[class.foxconnect.kr/contents/CLASS/THUMB/20241220/20241220035731956_thumb_1920x1080.jpg]
[class.foxconnect.kr/fox/cls/clsView4fa6.html]
[class.foxconnect.kr/contents/CLASS/THUMB/20241220/20241220035759474_thumb_1920x1080.jpg]
[class.foxconnect.kr/fox/cls/clsViewd0d5.html]
[class.foxconnect.kr/contents/CLASS/THUMB/20241220/20241220035825566_thumb_1920x1080.jpg]
[class.foxconnect.kr/fox/cls/clsView7f38.html]
[class.foxconnect.kr/contents/CLASS/THUMB/20241220/20241220035852483_thumb_1920x1080.jpg]
[class.foxconnect.kr/fox/cls/clsView305e.html]
[class.foxconnect.kr/contents/CLASS/THUMB/20241220/20241220035916278_thumb_1920x1080.jpg]
[class.foxconnect.kr/fox/cls/clsView1d6d.html]
[class.foxconnect.kr/contents/CLASS/THUMB/20241220/20241220035941844_thumb_1920x1080.jpg]
[class.foxconnect.kr/fox/cls/clsView81e4.html]
[class.foxconnect.kr/contents/CLASS/THUMB/20241220/20241220040008515_thumb_1920x1080.jpg]
[class.foxconnect.kr/fox/cls/clsView9ad4.html]
[class.foxconnect.kr/contents/CLASS/THUMB/20241220/20241220040035600_thumb_1920x1080.jpg]
[class.foxconnect.kr/fox/cls/clsView1e6a.html]
[class.foxconnect.kr/contents/CLASS/THUMB/20241220/20241220040104455_thumb_1920x1080.jpg]
[class.foxconnect.kr/fox/cls/clsViewd168.html]
[class.foxconnect.kr/contents/CLASS/THUMB/20241220/20241220040135648_thumb_1920x1080.jpg]
[class.foxconnect.kr/fox/cls/clsViewfc14-2.html]
[class.foxconnect.kr/contents/CLASS/THUMB/20241220/20241220040204144_thumb_1920x1080.jpg]
[class.foxconnect.kr/fox/cls/clsView8e20.html]
[class.foxconnect.kr/contents/CLASS/THUMB/20241220/20241220040233229_thumb_1920x1080.jpg]
[class.foxconnect.kr/fox/cls/clsViewbcd6.html]
[class.foxconnect.kr/contents/CLASS/THUMB/20241220/20241220040302327_thumb_1920x1080.jpg]
[class.foxconnect.kr/fox/cls/clsView0ca0.html]
[class.foxconnect.kr/contents/CLASS/THUMB/20241220/20241220040329300_thumb_1920x1080.jpg]
[class.foxconnect.kr/fox/cls/clsViewe1b6.html]
[class.foxconnect.kr/contents/CLASS/THUMB/20241220/20241220045109899_thumb_1920x1080.jpg]
[class.foxconnect.kr/fox/cls/clsViewa7b1.html]
[class.foxconnect.kr/contents/CLASS/THUMB/20241220/20241220045134453_thumb_1920x1080.jpg]
[class.foxconnect.kr/fox/cls/clsViewab04-2.html]
[class.foxconnect.kr/contents/CLASS/THUMB/20241220/20241220045203324_thumb_1920x1080.jpg]
[class.foxconnect.kr/fox/cls/clsView0e77.html]
[class.foxconnect.kr/contents/CLASS/THUMB/20241220/20241220045231282_thumb_1920x1080.jpg]
[class.foxconnect.kr/fox/cls/clsView4a98.html]
[class.foxconnect.kr/fox/cls/globalSearch7535.html]
[class.foxconnect.kr/contents/CLASS/THUMB/20241220/20241220045302665_thumb_1920x1080.jpg]
[class.foxconnect.kr/fox/cls/clsView3441.html]
[class.foxconnect.kr/contents/CLASS/THUMB/20241220/20241220045349961_thumb_1920x1080.jpg]
[class.foxconnect.kr/fox/cls/clsView15fc.html]
[class.foxconnect.kr/contents/CLASS/THUMB/20241220/20241220045421847_thumb_1920x1080.jpg]
[class.foxconnect.kr/fox/cls/clsView8519.html]
[class.foxconnect.kr/contents/CLASS/THUMB/20241220/20241220045449229_thumb_1920x1080.jpg]
[class.foxconnect.kr/fox/cls/clsViewea3c.html]
[class.foxconnect.kr/contents/CLASS/THUMB/20241220/20241220045516027_thumb_1920x1080.jpg]
[class.foxconnect.kr/fox/cls/clsView2b8e.html]
[class.foxconnect.kr/contents/CLASS/THUMB/20241220/20241220045541147_thumb_1920x1080.jpg]
[class.foxconnect.kr/fox/cls/clsView8df8.html]
[class.foxconnect.kr/contents/CLASS/THUMB/20241220/20241220045606840_thumb_1920x1080.jpg]
[class.foxconnect.kr/fox/cls/clsView8c73.html]
[class.foxconnect.kr/contents/CLASS/THUMB/20241220/20241220045633921_thumb_1920x1080.jpg]
[class.foxconnect.kr/fox/cls/clsView65fe.html]
[class.foxconnect.kr/contents/CLASS/THUMB/20241220/20241220045706632_thumb_1920x1080.jpg]
[class.foxconnect.kr/fox/cls/clsView8e59.html]
[class.foxconnect.kr/contents/CLASS/THUMB/20241220/20241220045732205_thumb_1920x1080.jpg]
[class.foxconnect.kr/fox/cls/clsView5c3f.html]
[class.foxconnect.kr/contents/CLASS/THUMB/20241220/20241220045800163_thumb_1920x1080.jpg]
[class.foxconnect.kr/fox/cls/clsViewe8b2.html]
[class.foxconnect.kr/contents/CLASS/THUMB/20241220/20241220045829619_thumb_1920x1080.jpg]
[class.foxconnect.kr/fox/cls/clsView7666.html]
[class.foxconnect.kr/contents/CLASS/THUMB/20241220/20241220045857029_thumb_1920x1080.jpg]
[class.foxconnect.kr/fox/cls/clsView17c7.html]
[class.foxconnect.kr/contents/CLASS/THUMB/20241220/20241220045922985_thumb_1920x1080.jpg]
[class.foxconnect.kr/fox/cls/clsView3eb1.html]
[class.foxconnect.kr/contents/CLASS/THUMB/20241220/20241220050053730_thumb_1920x1080.jpg]
[class.foxconnect.kr/fox/cls/clsView99f7.html]
[class.foxconnect.kr/contents/CLASS/THUMB/20241220/20241220050128803_thumb_1920x1080.jpg]
[class.foxconnect.kr/fox/cls/clsView0038.html]
[class.foxconnect.kr/contents/CLASS/THUMB/20241220/20241220050155912_thumb_1920x1080.jpg]
[class.foxconnect.kr/fox/cls/clsView5078.html]
[class.foxconnect.kr/contents/CLASS/THUMB/20241220/20241220050222060_thumb_1920x1080.jpg]
[class.foxconnect.kr/fox/cls/clsViewf84f.html]
[class.foxconnect.kr/contents/CLASS/THUMB/20241220/20241220051146755_thumb_1920x1080.jpg]
[class.foxconnect.kr/fox/cls/clsViewb6f0.html]
[class.foxconnect.kr/contents/CLASS/THUMB/20241220/20241220051214541_thumb_1920x1080.jpg]
[class.foxconnect.kr/fox/cls/clsView0915-2.html]
[class.foxconnect.kr/contents/CLASS/THUMB/20241220/20241220051241194_thumb_1920x1080.jpg]
[class.foxconnect.kr/fox/cls/globalSearch738b.html]
[class.foxconnect.kr/fox/cls/globalSearch8226.html]
[class.foxconnect.kr/fox/cls/globalSearch6456.html]
[class.foxconnect.kr/fox/cls/globalSearchb9ba.html]
[class.foxconnect.kr/fox/cls/globalSearch1e5a.html]
[class.foxconnect.kr/fox/cls/globalSearch6085.html]
[class.foxconnect.kr/fox/cls/globalSearch7c6a.html]
[class.foxconnect.kr/fox/cls/globalSearch5eb0.html]
[class.foxconnect.kr/fox/cls/globalSearchbbc1.html]
[class.foxconnect.kr/fox/cls/globalSearche3c7.html]
[class.foxconnect.kr/fox/cls/globalSearch4b14.html]
[class.foxconnect.kr/fox/cls/clsView6f71.html]
[class.foxconnect.kr/fox/cls/clsView280c.html]
[class.foxconnect.kr/fox/cls/clsView3e28.html]
[class.foxconnect.kr/fox/cls/clsView9f4b.html]
[class.foxconnect.kr/fox/cls/clsViewe063.html]
[class.foxconnect.kr/fox/cls/clsViewf2ef.html]
[class.foxconnect.kr/fox/cls/clsView6cbc.html]
[class.foxconnect.kr/fox/cls/clsView371d.html]
[class.foxconnect.kr/fox/cls/clsViewd295.html]
[class.foxconnect.kr/fox/cls/clsView59fd.html]
[class.foxconnect.kr/fox/cls/clsViewa25e.html]
[class.foxconnect.kr/fox/cls/clsView4a85.html]
[class.foxconnect.kr/fox/cls/clsView8bd2.html]
[class.foxconnect.kr/fox/cls/clsViewc2c7.html]
[class.foxconnect.kr/fox/cls/clsViewf1d2.html]
[class.foxconnect.kr/fox/cls/clsViewad6a.html]
[class.foxconnect.kr/fox/cls/clsView7426.html]
[class.foxconnect.kr/fox/cls/clsView6afe.html]
[class.foxconnect.kr/fox/cls/clsViewceba.html]
[class.foxconnect.kr/fox/cls/clsView4dc1.html]
[class.foxconnect.kr/fox/cls/clsView1685.html]
[class.foxconnect.kr/contents/CLASS/THUMB/20241213/20241213103930325_thumb_1920x1080.jpg]
[class.foxconnect.kr/fox/cls/clsView0390.html]
[class.foxconnect.kr/contents/CLASS/THUMB/20241213/20241213104058555_thumb_1920x1080.jpg]
[class.foxconnect.kr/fox/cls/clsViewbfdf.html]
[class.foxconnect.kr/contents/CLASS/THUMB/20241213/20241213104213225_thumb_1920x1080.jpg]
[class.foxconnect.kr/fox/cls/clsView777c.html]
[class.foxconnect.kr/contents/CLASS/THUMB/20241213/20241213104309016_thumb_1920x1080.jpg]
[class.foxconnect.kr/fox/cls/clsView06e5.html]
[class.foxconnect.kr/contents/CLASS/THUMB/20241213/20241213104420403_thumb_1920x1080.jpg]
[class.foxconnect.kr/fox/cls/clsView674d.html]
[class.foxconnect.kr/contents/CLASS/THUMB/20241213/20241213104524530_thumb_1920x1080.jpg]
[class.foxconnect.kr/fox/cls/clsView6f5d.html]
[class.foxconnect.kr/contents/CLASS/THUMB/20241213/20241213104648926_thumb_1920x1080.jpg]
[class.foxconnect.kr/fox/cls/clsView7b90.html]
[class.foxconnect.kr/contents/CLASS/THUMB/20241213/20241213104745271_thumb_1920x1080.jpg]
[class.foxconnect.kr/fox/cls/clsView692e.html]
[class.foxconnect.kr/contents/CLASS/THUMB/20241213/20241213104850950_thumb_1920x1080.jpg]
[class.foxconnect.kr/fox/cls/clsViewa03d.html]
[class.foxconnect.kr/contents/CLASS/THUMB/20241213/20241213104951969_thumb_1920x1080.jpg]
[class.foxconnect.kr/fox/cls/clsView890e.html]
[class.foxconnect.kr/contents/CLASS/THUMB/20241213/20241213105052329_thumb_1920x1080.jpg]
[class.foxconnect.kr/fox/cls/clsView85bc.html]
[class.foxconnect.kr/contents/CLASS/THUMB/20241213/20241213105352321_thumb_1920x1080.jpg]
[class.foxconnect.kr/fox/cls/clsView26e7.html]
[class.foxconnect.kr/contents/CLASS/THUMB/20241213/20241213105452824_thumb_1920x1080.jpg]
[class.foxconnect.kr/fox/cls/clsView9cad.html]
[class.foxconnect.kr/contents/CLASS/THUMB/20241213/20241213105556114_thumb_1920x1080.jpg]
[class.foxconnect.kr/fox/cls/clsView21ac.html]
[class.foxconnect.kr/contents/CLASS/THUMB/20241213/20241213105705856_thumb_1920x1080.jpg]
[class.foxconnect.kr/fox/cls/clsView54f4.html]
[class.foxconnect.kr/contents/CLASS/THUMB/20241213/20241213105830281_thumb_1920x1080.jpg]
[class.foxconnect.kr/fox/cls/clsView46ae.html]
[class.foxconnect.kr/contents/CLASS/THUMB/20241213/20241213110153756_thumb_1920x1080.jpg]
[class.foxconnect.kr/fox/cls/clsViewd576.html]
[class.foxconnect.kr/contents/CLASS/THUMB/20241213/20241213110907070_thumb_1920x1080.jpg]
[class.foxconnect.kr/fox/cls/clsView1664.html]
[class.foxconnect.kr/contents/CLASS/THUMB/20241213/20241213112723279_thumb_1920x1080.jpg]
[class.foxconnect.kr/fox/cls/clsView23aa.html]
[class.foxconnect.kr/contents/CLASS/THUMB/20241213/20241213112829327_thumb_1920x1080.jpg]
[class.foxconnect.kr/fox/cls/globalSearch3a09.html]
[class.foxconnect.kr/fox/cls/globalSearche64f.html]
[class.foxconnect.kr/fox/cls/globalSearch1a83.html]
[class.foxconnect.kr/fox/cls/globalSearchc4f5.html]
[class.foxconnect.kr/fox/cls/globalSearchaa86.html]
[class.foxconnect.kr/fox/cls/globalSearch4b0e.html]
[class.foxconnect.kr/fox/cls/globalSearchaa02.html]
[class.foxconnect.kr/fox/cls/globalSearch06e6.html]
[class.foxconnect.kr/fox/cls/globalSearcha698.html]
[class.foxconnect.kr/fox/cls/globalSearchbf0f.html]
[class.foxconnect.kr/fox/cls/globalSearch0ea0.html]
[class.foxconnect.kr/fox/cls/clsView22df.html]
[class.foxconnect.kr/contents/CLASS/THUMB/20241213/20241213112957799_thumb_1920x1080.jpg]
[class.foxconnect.kr/fox/cls/clsView8bff.html]
[class.foxconnect.kr/contents/CLASS/THUMB/20241213/20241213124107043_thumb_1920x1080.jpg]
[class.foxconnect.kr/fox/cls/clsViewdad7.html]
[class.foxconnect.kr/contents/CLASS/THUMB/20241213/20241213124221395_thumb_1920x1080.jpg]
[class.foxconnect.kr/fox/cls/clsViewddd3.html]
[class.foxconnect.kr/contents/CLASS/THUMB/20241213/20241213124450195_thumb_1920x1080.jpg]
[class.foxconnect.kr/fox/cls/clsView860c.html]
[class.foxconnect.kr/contents/CLASS/THUMB/20241213/20241213124610350_thumb_1920x1080.jpg]
[class.foxconnect.kr/fox/cls/clsView2b01.html]
[class.foxconnect.kr/contents/CLASS/THUMB/20241213/20241213124756281_thumb_1920x1080.jpg]
[class.foxconnect.kr/fox/cls/clsViewd03e.html]
[class.foxconnect.kr/contents/CLASS/THUMB/20241213/20241213125005112_thumb_1920x1080.jpg]
[class.foxconnect.kr/fox/cls/clsView94c7.html]
[class.foxconnect.kr/contents/CLASS/THUMB/20241213/20241213125127040_thumb_1920x1080.jpg]
[class.foxconnect.kr/fox/cls/clsView5ee6.html]
[class.foxconnect.kr/contents/CLASS/THUMB/20241213/20241213125257952_thumb_1920x1080.jpg]
[class.foxconnect.kr/fox/cls/clsView9645.html]
[class.foxconnect.kr/contents/CLASS/THUMB/20241213/20241213125413544_thumb_1920x1080.jpg]
[class.foxconnect.kr/fox/cls/clsView1626.html]
[class.foxconnect.kr/contents/CLASS/THUMB/20241213/20241213125611474_thumb_1920x1080.jpg]
[class.foxconnect.kr/fox/cls/clsViewb415.html]
[class.foxconnect.kr/contents/CLASS/THUMB/20241213/20241213125900240_thumb_1920x1080.jpg]
[class.foxconnect.kr/fox/cls/clsView07b3.html]
[class.foxconnect.kr/contents/CLASS/THUMB/20241213/20241213012139906_thumb_1920x1080.jpg]
[class.foxconnect.kr/fox/cls/clsViewa028.html]
[class.foxconnect.kr/contents/CLASS/THUMB/20241213/20241213012324259_thumb_1920x1080.jpg]
[class.foxconnect.kr/fox/cls/clsView89d5.html]
[class.foxconnect.kr/contents/CLASS/THUMB/20241213/20241213012437196_thumb_1920x1080.jpg]
[class.foxconnect.kr/fox/cls/clsView253e.html]
[class.foxconnect.kr/contents/CLASS/THUMB/20241213/20241213012605034_thumb_1920x1080.jpg]
[class.foxconnect.kr/fox/cls/clsView2110.html]
[class.foxconnect.kr/contents/CLASS/THUMB/20241213/20241213012746773_thumb_1920x1080.jpg]
[class.foxconnect.kr/fox/cls/clsView9252.html]
[class.foxconnect.kr/contents/CLASS/THUMB/20241213/20241213012854387_thumb_1920x1080.jpg]
[class.foxconnect.kr/fox/cls/clsViewb89b.html]
[class.foxconnect.kr/contents/CLASS/THUMB/20241213/20241213013008238_thumb_1920x1080.jpg]
[class.foxconnect.kr/fox/cls/clsView891d.html]
[class.foxconnect.kr/contents/CLASS/THUMB/20241213/20241213013120151_thumb_1920x1080.jpg]
[class.foxconnect.kr/fox/cls/globalSearchf05b.html]
[class.foxconnect.kr/fox/cls/clsView4def-2.html]
[class.foxconnect.kr/contents/CLASS/THUMB/20241213/20241213013229246_thumb_1920x1080.jpg]
[class.foxconnect.kr/fox/cls/clsViewab63.html]
[class.foxconnect.kr/contents/CLASS/THUMB/20241213/20241213013356778_thumb_1920x1080.jpg]
[class.foxconnect.kr/fox/cls/clsViewb03a.html]
[class.foxconnect.kr/contents/CLASS/THUMB/20241213/20241213013519661_thumb_1920x1080.jpg]
[class.foxconnect.kr/fox/cls/clsView4511.html]
[class.foxconnect.kr/contents/CLASS/THUMB/20241213/20241213013614475_thumb_1920x1080.jpg]
[class.foxconnect.kr/fox/cls/clsViewf662-2.html]
[class.foxconnect.kr/contents/CLASS/THUMB/20241213/20241213013737630_thumb_1920x1080.jpg]
[class.foxconnect.kr/fox/cls/clsView6190.html]
[class.foxconnect.kr/contents/CLASS/THUMB/20241213/20241213013856676_thumb_1920x1080.jpg]
[class.foxconnect.kr/fox/cls/clsView2256.html]
[class.foxconnect.kr/contents/CLASS/THUMB/20241213/20241213014011070_thumb_1920x1080.jpg]
[class.foxconnect.kr/fox/cls/clsView1a7b.html]
[class.foxconnect.kr/contents/CLASS/THUMB/20241213/20241213014129261_thumb_1920x1080.jpg]
[class.foxconnect.kr/fox/cls/clsView7601.html]
[class.foxconnect.kr/contents/CLASS/THUMB/20241213/20241213014235822_thumb_1920x1080.jpg]
[class.foxconnect.kr/fox/cls/clsViewd47d.html]
[class.foxconnect.kr/contents/CLASS/THUMB/20241213/20241213015112112_thumb_1920x1080.jpg]
[class.foxconnect.kr/fox/cls/clsView8453.html]
[class.foxconnect.kr/contents/CLASS/THUMB/20241213/20241213015232749_thumb_1920x1080.jpg]
[class.foxconnect.kr/fox/cls/clsViewc1d2.html]
[class.foxconnect.kr/contents/CLASS/THUMB/20241213/20241213020528191_thumb_1920x1080.jpg]
[class.foxconnect.kr/fox/cls/clsView9af8.html]
[class.foxconnect.kr/contents/CLASS/THUMB/20241213/20241213020645757_thumb_1920x1080.jpg]
[class.foxconnect.kr/fox/cls/clsView5a6a.html]
[class.foxconnect.kr/contents/CLASS/THUMB/20241213/20241213020800135_thumb_1920x1080.jpg]
[class.foxconnect.kr/fox/cls/clsViewe7bd.html]
[class.foxconnect.kr/contents/CLASS/THUMB/20241213/20241213020908481_thumb_1920x1080.jpg]
[class.foxconnect.kr/fox/cls/clsViewb57b.html]
[class.foxconnect.kr/contents/CLASS/THUMB/20241213/20241213021115889_thumb_1920x1080.jpg]
[class.foxconnect.kr/fox/cls/clsView5564.html]
[class.foxconnect.kr/contents/CLASS/THUMB/20241213/20241213021218475_thumb_1920x1080.jpg]
[class.foxconnect.kr/fox/cls/clsView139e.html]
[class.foxconnect.kr/contents/CLASS/THUMB/20241213/20241213021324443_thumb_1920x1080.jpg]
[class.foxconnect.kr/fox/cls/clsView5d2c.html]
[class.foxconnect.kr/contents/CLASS/THUMB/20241213/20241213021428751_thumb_1920x1080.jpg]
[class.foxconnect.kr/fox/cls/clsView4033.html]
[class.foxconnect.kr/contents/CLASS/THUMB/20241213/20241213021755052_thumb_1920x1080.jpg]
[class.foxconnect.kr/fox/cls/globalSearch3efd.html]
[class.foxconnect.kr/fox/cls/clsView0867.html]
[class.foxconnect.kr/contents/CLASS/THUMB/20241213/20241213021857367_thumb_1920x1080.jpg]
[class.foxconnect.kr/fox/cls/clsViewf8c9.html]
[class.foxconnect.kr/contents/CLASS/THUMB/20241213/20241213021957710_thumb_1920x1080.jpg]
[class.foxconnect.kr/fox/cls/clsVieweebe.html]
[class.foxconnect.kr/contents/CLASS/THUMB/20241213/20241213022056930_thumb_1920x1080.jpg]
[class.foxconnect.kr/fox/cls/clsViewb3d8.html]
[class.foxconnect.kr/contents/CLASS/THUMB/20241213/20241213022155365_thumb_1920x1080.jpg]
[class.foxconnect.kr/fox/cls/clsViewb6f2.html]
[class.foxconnect.kr/contents/CLASS/THUMB/20241213/20241213022437036_thumb_1920x1080.jpg]
[class.foxconnect.kr/fox/cls/clsView2168.html]
[class.foxconnect.kr/contents/CLASS/THUMB/20241213/20241213022552860_thumb_1920x1080.jpg]
[class.foxconnect.kr/fox/cls/clsView01f1.html]
[class.foxconnect.kr/contents/CLASS/THUMB/20241213/20241213022709305_thumb_1920x1080.jpg]
[class.foxconnect.kr/fox/cls/clsViewa187.html]
[class.foxconnect.kr/contents/CLASS/THUMB/20241213/20241213022818307_thumb_1920x1080.jpg]
[class.foxconnect.kr/fox/cls/clsView564d.html]
[class.foxconnect.kr/contents/CLASS/THUMB/20241213/20241213022926365_thumb_1920x1080.jpg]
[class.foxconnect.kr/fox/cls/clsView9310.html]
[class.foxconnect.kr/contents/CLASS/THUMB/20241213/20241213023034111_thumb_1920x1080.jpg]
[class.foxconnect.kr/fox/cls/clsViewb5f9.html]
[class.foxconnect.kr/contents/CLASS/THUMB/20241213/20241213023128487_thumb_1920x1080.jpg]
[class.foxconnect.kr/fox/cls/clsView5c4f.html]
[class.foxconnect.kr/contents/CLASS/THUMB/20241213/20241213023253924_thumb_1920x1080.jpg]
[class.foxconnect.kr/fox/cls/clsViewd377.html]
[class.foxconnect.kr/contents/CLASS/THUMB/20241213/20241213023407544_thumb_1920x1080.jpg]
[class.foxconnect.kr/fox/cls/clsVieweeca.html]
[class.foxconnect.kr/contents/CLASS/THUMB/20241213/20241213023508871_thumb_1920x1080.jpg]
[class.foxconnect.kr/fox/cls/clsView2759-2.html]
[class.foxconnect.kr/contents/CLASS/THUMB/20241213/20241213023656267_thumb_1920x1080.jpg]
[class.foxconnect.kr/fox/cls/clsView073b.html]
[class.foxconnect.kr/contents/CLASS/THUMB/20241213/20241213023803069_thumb_1920x1080.jpg]
[class.foxconnect.kr/fox/cls/clsView8dc2.html]
[class.foxconnect.kr/contents/CLASS/THUMB/20241213/20241213023912711_thumb_1920x1080.jpg]
[class.foxconnect.kr/fox/cls/clsView2c4a.html]
[class.foxconnect.kr/contents/CLASS/THUMB/20241213/20241213024019437_thumb_1920x1080.jpg]
[class.foxconnect.kr/fox/cls/clsViewb22b.html]
[class.foxconnect.kr/contents/CLASS/THUMB/20241213/20241213024239221_thumb_1920x1080.jpg]
[class.foxconnect.kr/fox/cls/clsView06de.html]
[class.foxconnect.kr/fox/cls/globalSearch2840.html]
[class.foxconnect.kr/contents/CLASS/THUMB/20241213/20241213024403465_thumb_1920x1080.jpg]
[class.foxconnect.kr/fox/cls/clsView71c6.html]
[class.foxconnect.kr/contents/CLASS/THUMB/20241213/20241213024611047_thumb_1920x1080.jpg]
[class.foxconnect.kr/fox/cls/clsView109b.html]
[class.foxconnect.kr/contents/CLASS/THUMB/20241213/20241213024712595_thumb_1920x1080.jpg]
[class.foxconnect.kr/fox/cls/clsView0587.html]
[class.foxconnect.kr/contents/CLASS/THUMB/20241213/20241213024842303_thumb_1920x1080.jpg]
[class.foxconnect.kr/fox/cls/clsView6c7f.html]
[class.foxconnect.kr/contents/CLASS/THUMB/20241213/20241213024952728_thumb_1920x1080.jpg]
[class.foxconnect.kr/fox/cls/clsView92d0.html]
[class.foxconnect.kr/contents/CLASS/THUMB/20241213/20241213025104881_thumb_1920x1080.jpg]
[class.foxconnect.kr/fox/cls/clsViewb450.html]
[class.foxconnect.kr/contents/CLASS/THUMB/20241213/20241213025222557_thumb_1920x1080.jpg]
[class.foxconnect.kr/fox/cls/clsViewb527.html]
[class.foxconnect.kr/contents/CLASS/THUMB/20241213/20241213025349311_thumb_1920x1080.jpg]
[class.foxconnect.kr/fox/cls/clsView71c2.html]
[class.foxconnect.kr/contents/CLASS/THUMB/20241213/20241213025455445_thumb_1920x1080.jpg]
[class.foxconnect.kr/fox/cls/clsViewf524.html]
[class.foxconnect.kr/contents/CLASS/THUMB/20241213/20241213025546249_thumb_1920x1080.jpg]
[class.foxconnect.kr/fox/cls/clsView566e.html]
[class.foxconnect.kr/contents/CLASS/THUMB/20241213/20241213025659142_thumb_1920x1080.jpg]
[class.foxconnect.kr/fox/cls/clsViewa0e2.html]
[class.foxconnect.kr/contents/CLASS/THUMB/20241213/20241213025756840_thumb_1920x1080.jpg]
[class.foxconnect.kr/fox/cls/clsView3f18.html]
[class.foxconnect.kr/contents/CLASS/THUMB/20241213/20241213025912027_thumb_1920x1080.jpg]
[class.foxconnect.kr/fox/cls/clsView335e.html]
[class.foxconnect.kr/contents/CLASS/THUMB/20241213/20241213030014031_thumb_1920x1080.jpg]
[class.foxconnect.kr/fox/cls/clsView35c4.html]
[class.foxconnect.kr/contents/CLASS/THUMB/20241213/20241213030927046_thumb_1920x1080.jpg]
[class.foxconnect.kr/fox/cls/clsView2c56.html]
[class.foxconnect.kr/contents/CLASS/THUMB/20241213/20241213031055372_thumb_1920x1080.jpg]
[class.foxconnect.kr/fox/cls/clsViewb475.html]
[class.foxconnect.kr/contents/CLASS/THUMB/20241213/20241213031217737_thumb_1920x1080.jpg]
[class.foxconnect.kr/fox/cls/clsViewd3d6.html]
[class.foxconnect.kr/contents/CLASS/THUMB/20241213/20241213031334901_thumb_1920x1080.jpg]
[class.foxconnect.kr/fox/cls/clsViewc368.html]
[class.foxconnect.kr/contents/CLASS/THUMB/20241213/20241213031447565_thumb_1920x1080.jpg]
[class.foxconnect.kr/fox/cls/clsView64f2.html]
[class.foxconnect.kr/contents/CLASS/THUMB/20241213/20241213031553369_thumb_1920x1080.jpg]
[class.foxconnect.kr/fox/cls/clsView2bca.html]
[class.foxconnect.kr/fox/cls/globalSearch6911.html]
[class.foxconnect.kr/contents/CLASS/THUMB/20241213/20241213031844394_thumb_1920x1080.jpg]
[class.foxconnect.kr/fox/cls/clsViewb01a.html]
[class.foxconnect.kr/contents/CLASS/THUMB/20241213/20241213031943755_thumb_1920x1080.jpg]
[class.foxconnect.kr/fox/cls/clsViewe47e.html]
[class.foxconnect.kr/contents/CLASS/THUMB/20241213/20241213032109028_thumb_1920x1080.jpg]
[class.foxconnect.kr/fox/cls/clsView9913.html]
[class.foxconnect.kr/contents/CLASS/THUMB/20241213/20241213032217584_thumb_1920x1080.jpg]
[class.foxconnect.kr/fox/cls/clsViewb255.html]
[class.foxconnect.kr/contents/CLASS/THUMB/20241213/20241213032520280_thumb_1920x1080.jpg]
[class.foxconnect.kr/fox/cls/clsViewd873.html]
[class.foxconnect.kr/contents/CLASS/THUMB/20241213/20241213032615204_thumb_1920x1080.jpg]
[class.foxconnect.kr/fox/cls/clsViewc4e7.html]
[class.foxconnect.kr/contents/CLASS/THUMB/20241213/20241213032716200_thumb_1920x1080.jpg]
[class.foxconnect.kr/fox/cls/clsView8c33.html]
[class.foxconnect.kr/contents/CLASS/THUMB/20241213/20241213032835999_thumb_1920x1080.jpg]
[class.foxconnect.kr/fox/cls/clsViewefeb.html]
[class.foxconnect.kr/contents/CLASS/THUMB/20241213/20241213032946850_thumb_1920x1080.jpg]
[class.foxconnect.kr/fox/cls/clsViewe638.html]
[class.foxconnect.kr/contents/CLASS/THUMB/20241213/20241213033150868_thumb_1920x1080.jpg]
[class.foxconnect.kr/fox/cls/clsView7ffb.html]
[class.foxconnect.kr/contents/CLASS/THUMB/20241213/20241213033301577_thumb_1920x1080.jpg]
[class.foxconnect.kr/fox/cls/clsView7ec5.html]
[class.foxconnect.kr/contents/CLASS/THUMB/20241213/20241213033439285_thumb_1920x1080.jpg]
[class.foxconnect.kr/fox/cls/clsView8089.html]
[class.foxconnect.kr/contents/CLASS/THUMB/20241213/20241213033623075_thumb_1920x1080.jpg]
[class.foxconnect.kr/fox/cls/clsView9570.html]
[class.foxconnect.kr/contents/CLASS/THUMB/20241213/20241213033748968_thumb_1920x1080.jpg]
[class.foxconnect.kr/fox/cls/clsViewf4a6.html]
[class.foxconnect.kr/contents/CLASS/THUMB/20241213/20241213033905614_thumb_1920x1080.jpg]
[class.foxconnect.kr/fox/cls/clsView20f0.html]
[class.foxconnect.kr/contents/CLASS/THUMB/20241213/20241213034026545_thumb_1920x1080.jpg]
[class.foxconnect.kr/fox/cls/clsViewa673.html]
[class.foxconnect.kr/contents/CLASS/THUMB/20241213/20241213034141466_thumb_1920x1080.jpg]
[class.foxconnect.kr/fox/cls/clsView1eb5.html]
[class.foxconnect.kr/contents/CLASS/THUMB/20241213/20241213034251993_thumb_1920x1080.jpg]
[class.foxconnect.kr/fox/cls/clsView053d.html]
[class.foxconnect.kr/contents/CLASS/THUMB/20241213/20241213034403081_thumb_1920x1080.jpg]
[class.foxconnect.kr/fox/cls/clsView8002.html]
[class.foxconnect.kr/contents/CLASS/THUMB/20241213/20241213034552455_thumb_1920x1080.jpg]
[class.foxconnect.kr/fox/cls/clsView774b.html]
[class.foxconnect.kr/fox/cls/globalSearchb814.html]
[class.foxconnect.kr/contents/CLASS/THUMB/20241213/20241213034651312_thumb_1920x1080.jpg]
[class.foxconnect.kr/fox/cls/clsView8cd3.html]
[class.foxconnect.kr/contents/CLASS/THUMB/20241213/20241213034815604_thumb_1920x1080.jpg]
[class.foxconnect.kr/fox/cls/clsViewbbad.html]
[class.foxconnect.kr/contents/CLASS/THUMB/20241213/20241213035115400_thumb_1920x1080.jpg]
[class.foxconnect.kr/fox/cls/clsView4c11.html]
[class.foxconnect.kr/contents/CLASS/THUMB/20241213/20241213035208540_thumb_1920x1080.jpg]
[class.foxconnect.kr/fox/cls/clsViewe658.html]
[class.foxconnect.kr/contents/CLASS/THUMB/20241213/20241213035751456_thumb_1920x1080.jpg]
[class.foxconnect.kr/fox/cls/clsViewc689.html]
[class.foxconnect.kr/contents/CLASS/THUMB/20241213/20241213050755805_thumb_1920x1080.jpg]
[class.foxconnect.kr/fox/cls/clsView6b10.html]
[class.foxconnect.kr/contents/CLASS/THUMB/20241213/20241213050858987_thumb_1920x1080.jpg]
[class.foxconnect.kr/fox/cls/clsView5e59.html]
[class.foxconnect.kr/contents/CLASS/THUMB/20241213/20241213051001345_thumb_1920x1080.jpg]
[class.foxconnect.kr/fox/cls/clsView652d.html]
[class.foxconnect.kr/contents/CLASS/THUMB/20241213/20241213051054581_thumb_1920x1080.jpg]
[class.foxconnect.kr/fox/cls/clsView99a9.html]
[class.foxconnect.kr/contents/CLASS/THUMB/20241213/20241213051149544_thumb_1920x1080.jpg]
[class.foxconnect.kr/fox/cls/clsView8ab3.html]
[class.foxconnect.kr/contents/CLASS/THUMB/20241213/20241213051251568_thumb_1920x1080.jpg]
[class.foxconnect.kr/fox/cls/clsView01a6.html]
[class.foxconnect.kr/contents/CLASS/THUMB/20241213/20241213051614123_thumb_1920x1080.jpg]
[class.foxconnect.kr/fox/cls/clsView3f82.html]
[class.foxconnect.kr/contents/CLASS/THUMB/20241213/20241213051911972_thumb_1920x1080.jpg]
[class.foxconnect.kr/fox/cls/clsView2bfd.html]
[class.foxconnect.kr/contents/CLASS/THUMB/20241213/20241213052010366_thumb_1920x1080.jpg]
[class.foxconnect.kr/fox/cls/clsView80b1.html]
[class.foxconnect.kr/contents/CLASS/THUMB/20241213/20241213052111907_thumb_1920x1080.jpg]
[class.foxconnect.kr/fox/cls/clsView9ae1.html]
[class.foxconnect.kr/contents/CLASS/THUMB/20241213/20241213052214276_thumb_1920x1080.jpg]
[class.foxconnect.kr/fox/cls/clsView5be4.html]
[class.foxconnect.kr/contents/CLASS/THUMB/20241213/20241213052328556_thumb_1920x1080.jpg]
[class.foxconnect.kr/fox/cls/clsViewb636.html]
[class.foxconnect.kr/contents/CLASS/THUMB/20241213/20241213052426417_thumb_1920x1080.jpg]
[class.foxconnect.kr/fox/cls/clsView1dc8.html]
[class.foxconnect.kr/contents/CLASS/THUMB/20241213/20241213052522491_thumb_1920x1080.jpg]
[class.foxconnect.kr/fox/cls/clsViewbe40-2.html]
[class.foxconnect.kr/contents/CLASS/THUMB/20241213/20241213052630364_thumb_1920x1080.jpg]
[class.foxconnect.kr/fox/cls/clsView1a9f.html]
[class.foxconnect.kr/fox/cls/globalSearch72e5.html]
[class.foxconnect.kr/contents/CLASS/THUMB/20241216/20241216095135991_thumb_1920x1080.jpg]
[class.foxconnect.kr/fox/cls/clsViewb0cf.html]
[class.foxconnect.kr/contents/CLASS/THUMB/20241216/20241216095308921_thumb_1920x1080.jpg]
[class.foxconnect.kr/fox/cls/clsView909b.html]
[class.foxconnect.kr/contents/CLASS/THUMB/20241216/20241216095419181_thumb_1920x1080.jpg]
[class.foxconnect.kr/fox/cls/clsViewcb8a.html]
[class.foxconnect.kr/contents/CLASS/THUMB/20241216/20241216095512098_thumb_1920x1080.jpg]
[class.foxconnect.kr/fox/cls/clsViewfe6b.html]
[class.foxconnect.kr/contents/CLASS/THUMB/20241216/20241216095625296_thumb_1920x1080.jpg]
[class.foxconnect.kr/fox/cls/clsViewf559.html]
[class.foxconnect.kr/contents/CLASS/THUMB/20241216/20241216095827298_thumb_1920x1080.jpg]
[class.foxconnect.kr/fox/cls/clsView489c.html]
[class.foxconnect.kr/contents/CLASS/THUMB/20241216/20241216095947285_thumb_1920x1080.jpg]
[class.foxconnect.kr/fox/cls/clsViewee05.html]
[class.foxconnect.kr/contents/CLASS/THUMB/20241216/20241216100121767_thumb_1920x1080.jpg]
[class.foxconnect.kr/fox/cls/clsView58aa.html]
[class.foxconnect.kr/contents/CLASS/THUMB/20241216/20241216100244980_thumb_1920x1080.jpg]
[class.foxconnect.kr/fox/cls/clsView7dca-2.html]
[class.foxconnect.kr/contents/CLASS/THUMB/20241216/20241216100327405_thumb_1920x1080.jpg]
[class.foxconnect.kr/fox/cls/clsView9b0c.html]
[class.foxconnect.kr/contents/CLASS/THUMB/20241216/20241216100418575_thumb_1920x1080.jpg]
[class.foxconnect.kr/fox/cls/clsViewe2f3.html]
[class.foxconnect.kr/contents/CLASS/THUMB/20241216/20241216100533031_thumb_1920x1080.jpg]
[class.foxconnect.kr/fox/cls/clsView98e4.html]
[class.foxconnect.kr/contents/CLASS/THUMB/20241216/20241216100635732_thumb_1920x1080.jpg]
[class.foxconnect.kr/fox/cls/clsViewbc85.html]
[class.foxconnect.kr/contents/CLASS/THUMB/20241216/20241216103228230_thumb_1920x1080.jpg]
[class.foxconnect.kr/fox/cls/clsViewf06e.html]
[class.foxconnect.kr/contents/CLASS/THUMB/20241216/20241216103549099_thumb_1920x1080.jpg]
[class.foxconnect.kr/fox/cls/clsView5fb8.html]
[class.foxconnect.kr/contents/CLASS/THUMB/20241216/20241216103659792_thumb_1920x1080.jpg]
[class.foxconnect.kr/fox/cls/clsView0783.html]
[class.foxconnect.kr/contents/CLASS/THUMB/20241216/20241216104306434_thumb_1920x1080.jpg]
[class.foxconnect.kr/fox/cls/clsViewb633.html]
[class.foxconnect.kr/contents/CLASS/THUMB/20241216/20241216104920927_thumb_1920x1080.jpg]
[class.foxconnect.kr/fox/cls/clsView2304.html]
[class.foxconnect.kr/contents/CLASS/THUMB/20241216/20241216105216927_thumb_1920x1080.jpg]
[class.foxconnect.kr/fox/cls/clsViewb7de.html]
[class.foxconnect.kr/contents/CLASS/THUMB/20241216/20241216110021959_thumb_1920x1080.jpg]
[class.foxconnect.kr/fox/cls/clsViewd6fe.html]
[class.foxconnect.kr/contents/CLASS/THUMB/20241216/20241216110247834_thumb_1920x1080.jpg]
[class.foxconnect.kr/fox/cls/globalSearchf6bd.html]
[class.foxconnect.kr/fox/cls/clsView109b-2.html]
[class.foxconnect.kr/contents/CLASS/THUMB/20241216/20241216110548808_thumb_1920x1080.jpg]
[class.foxconnect.kr/fox/cls/clsView5dfa.html]
[class.foxconnect.kr/contents/CLASS/THUMB/20241216/20241216112136166_thumb_1920x1080.jpg]
[class.foxconnect.kr/fox/cls/clsView872a.html]
[class.foxconnect.kr/contents/CLASS/THUMB/20241216/20241216112355918_thumb_1920x1080.jpg]
[class.foxconnect.kr/fox/cls/clsViewfe82-2.html]
[class.foxconnect.kr/contents/CLASS/THUMB/20241216/20241216112447438_thumb_1920x1080.jpg]
[class.foxconnect.kr/fox/cls/clsView95a5.html]
[class.foxconnect.kr/contents/CLASS/THUMB/20241216/20241216112822525_thumb_1920x1080.jpg]
[class.foxconnect.kr/fox/cls/clsViewcf7d.html]
[class.foxconnect.kr/contents/CLASS/THUMB/20241216/20241216112952645_thumb_1920x1080.jpg]
[class.foxconnect.kr/fox/cls/clsView0848.html]
[class.foxconnect.kr/contents/CLASS/THUMB/20241216/20241216114114079_thumb_1920x1080.jpg]
[class.foxconnect.kr/fox/cls/clsViewf938.html]
[class.foxconnect.kr/contents/CLASS/THUMB/20241216/20241216114220149_thumb_1920x1080.jpg]
[class.foxconnect.kr/fox/cls/clsView23d4.html]
[class.foxconnect.kr/contents/CLASS/THUMB/20241216/20241216114300888_thumb_1920x1080.jpg]
[class.foxconnect.kr/fox/cls/clsViewd0a8.html]
[class.foxconnect.kr/contents/CLASS/THUMB/20241216/20241216114402739_thumb_1920x1080.jpg]
[class.foxconnect.kr/fox/cls/clsView1182.html]
[class.foxconnect.kr/contents/CLASS/THUMB/20241216/20241216114516157_thumb_1920x1080.jpg]
[class.foxconnect.kr/fox/cls/clsView4995.html]
[class.foxconnect.kr/contents/CLASS/THUMB/20241216/20241216114546736_thumb_1920x1080.jpg]
[class.foxconnect.kr/fox/cls/clsView31d7.html]
[class.foxconnect.kr/contents/CLASS/THUMB/20241216/20241216114648191_thumb_1920x1080.jpg]
[class.foxconnect.kr/fox/cls/clsView1dba.html]
[class.foxconnect.kr/contents/CLASS/THUMB/20241216/20241216114732808_thumb_1920x1080.jpg]
[class.foxconnect.kr/fox/cls/clsView7b7f.html]
[class.foxconnect.kr/contents/CLASS/THUMB/20241216/20241216114835390_thumb_1920x1080.jpg]
[class.foxconnect.kr/fox/cls/clsView8623.html]
[class.foxconnect.kr/contents/CLASS/THUMB/20241216/20241216114927693_thumb_1920x1080.jpg]
[class.foxconnect.kr/fox/cls/clsViewa2aa.html]
[class.foxconnect.kr/contents/CLASS/THUMB/20241216/20241216115045661_thumb_1920x1080.jpg]
[class.foxconnect.kr/fox/cls/clsView7eb5.html]
[class.foxconnect.kr/contents/CLASS/THUMB/20241216/20241216115121355_thumb_1920x1080.jpg]
[class.foxconnect.kr/fox/cls/clsViewad04-2.html]
[class.foxconnect.kr/contents/CLASS/THUMB/20241216/20241216115256905_thumb_1920x1080.jpg]
[class.foxconnect.kr/fox/cls/clsViewa8a0.html]
[class.foxconnect.kr/fox/cls/globalSearchb4f8.html]
[class.foxconnect.kr/contents/CLASS/THUMB/20241216/20241216115351384_thumb_1920x1080.jpg]
[class.foxconnect.kr/fox/cls/clsView5e7d.html]
[class.foxconnect.kr/contents/CLASS/THUMB/20241216/20241216115442377_thumb_1920x1080.jpg]
[class.foxconnect.kr/fox/cls/clsView6f6c.html]
[class.foxconnect.kr/contents/CLASS/THUMB/20241216/20241216115606127_thumb_1920x1080.jpg]
[class.foxconnect.kr/fox/cls/clsView43cd.html]
[class.foxconnect.kr/contents/CLASS/THUMB/20241216/20241216115742652_thumb_1920x1080.jpg]
[class.foxconnect.kr/fox/cls/clsView9da8.html]
[class.foxconnect.kr/contents/CLASS/THUMB/20241218/20241218041658097_thumb_1920x1080.jpg]
[class.foxconnect.kr/fox/cls/clsViewe883.html]
[class.foxconnect.kr/contents/CLASS/THUMB/20241216/20241216120004845_thumb_1920x1080.jpg]
[class.foxconnect.kr/fox/cls/clsViewd4e7.html]
[class.foxconnect.kr/contents/CLASS/THUMB/20241216/20241216120115792_thumb_1920x1080.jpg]
[class.foxconnect.kr/fox/cls/clsViewd759.html]
[class.foxconnect.kr/contents/CLASS/THUMB/20241216/20241216120202847_thumb_1920x1080.jpg]
[class.foxconnect.kr/fox/cls/clsView2c37.html]
[class.foxconnect.kr/contents/CLASS/THUMB/20241216/20241216120316696_thumb_1920x1080.jpg]
[class.foxconnect.kr/fox/cls/clsView69d3.html]
[class.foxconnect.kr/contents/CLASS/THUMB/20241216/20241216120457577_thumb_1920x1080.jpg]
[class.foxconnect.kr/fox/cls/clsViewd59f.html]
[class.foxconnect.kr/contents/CLASS/THUMB/20241216/20241216120548006_thumb_1920x1080.jpg]
[class.foxconnect.kr/fox/cls/clsView6541.html]
[class.foxconnect.kr/contents/CLASS/THUMB/20241216/20241216120705376_thumb_1920x1080.jpg]
[class.foxconnect.kr/fox/cls/clsViewe322-2.html]
[class.foxconnect.kr/contents/CLASS/THUMB/20241216/20241216120736877_thumb_1920x1080.jpg]
[class.foxconnect.kr/fox/cls/clsView1c35.html]
[class.foxconnect.kr/contents/CLASS/THUMB/20241216/20241216120855989_thumb_1920x1080.jpg]
[class.foxconnect.kr/fox/cls/clsView844f.html]
[class.foxconnect.kr/contents/CLASS/THUMB/20241216/20241216120954006_thumb_1920x1080.jpg]
[class.foxconnect.kr/fox/cls/clsView47dc.html]
[class.foxconnect.kr/contents/CLASS/THUMB/20241216/20241216121110933_thumb_1920x1080.jpg]
[class.foxconnect.kr/fox/cls/clsVieweeae.html]
[class.foxconnect.kr/contents/CLASS/THUMB/20241216/20241216123142913_thumb_1920x1080.jpg]
[class.foxconnect.kr/fox/cls/clsView38ad.html]
[class.foxconnect.kr/contents/CLASS/THUMB/20241216/20241216123335946_thumb_1920x1080.jpg]
[class.foxconnect.kr/fox/cls/clsView9427.html]
[class.foxconnect.kr/contents/CLASS/THUMB/20241216/20241216123412908_thumb_1920x1080.jpg]
[class.foxconnect.kr/fox/cls/clsViewa036-2.html]
[class.foxconnect.kr/contents/CLASS/THUMB/20241216/20241216123534050_thumb_1920x1080.jpg]
[class.foxconnect.kr/fox/cls/clsView4483.html]
[class.foxconnect.kr/fox/cls/globalSearchccc2.html]
[class.foxconnect.kr/contents/CLASS/THUMB/20241216/20241216124301334_thumb_1920x1080.jpg]
[class.foxconnect.kr/fox/cls/clsViewce35.html]
[class.foxconnect.kr/fox/cls/clsViewcc4c.html]
[class.foxconnect.kr/fox/cls/clsViewf91f.html]
[class.foxconnect.kr/fox/cls/clsViewc458.html]
[class.foxconnect.kr/fox/cls/clsViewa4aa.html]
[class.foxconnect.kr/fox/cls/clsView9f62.html]
[class.foxconnect.kr/fox/cls/clsView6b0d.html]
[class.foxconnect.kr/fox/cls/clsView60f1.html]
[class.foxconnect.kr/fox/cls/clsViewae9f.html]
[class.foxconnect.kr/fox/cls/clsView8313.html]
[class.foxconnect.kr/fox/cls/clsView56b9.html]
[class.foxconnect.kr/fox/cls/clsViewa6b0.html]
[class.foxconnect.kr/fox/cls/clsView5438.html]
[class.foxconnect.kr/fox/cls/clsView9b1e.html]
[class.foxconnect.kr/fox/cls/clsView5d58.html]
[class.foxconnect.kr/fox/cls/clsViewac04.html]
[class.foxconnect.kr/fox/cls/clsView0f81.html]
[class.foxconnect.kr/fox/cls/clsView484f.html]
[class.foxconnect.kr/fox/cls/clsViewc91b.html]
[class.foxconnect.kr/fox/cls/clsViewe521.html]
[class.foxconnect.kr/fox/cls/clsView4106.html]
[class.foxconnect.kr/fox/cls/clsViewecce.html]
[class.foxconnect.kr/fox/cls/clsView6230.html]
[class.foxconnect.kr/fox/cls/clsViewb557.html]
[class.foxconnect.kr/fox/cls/clsView5b1a.html]
[class.foxconnect.kr/fox/cls/clsViewd267.html]
[class.foxconnect.kr/fox/cls/clsView8415.html]
[class.foxconnect.kr/fox/cls/clsView8b5b.html]
[class.foxconnect.kr/fox/cls/clsViewbee6.html]
[class.foxconnect.kr/fox/cls/clsViewefdd.html]
[class.foxconnect.kr/fox/cls/clsView5afb.html]
[class.foxconnect.kr/fox/cls/clsViewe301.html]
[class.foxconnect.kr/fox/cls/clsView9494.html]
[class.foxconnect.kr/fox/cls/clsView8708.html]
[class.foxconnect.kr/fox/cls/clsView4244.html]
[class.foxconnect.kr/fox/cls/clsView1eab.html]
[class.foxconnect.kr/fox/cls/clsView5260.html]
[class.foxconnect.kr/fox/cls/clsView5a99.html]
[class.foxconnect.kr/fox/cls/clsView10cc.html]
[class.foxconnect.kr/fox/cls/clsView809a.html]
[class.foxconnect.kr/fox/cls/clsView679d.html]
[class.foxconnect.kr/fox/cls/clsViewf0b5.html]
[class.foxconnect.kr/fox/cls/clsViewd892.html]
[class.foxconnect.kr/fox/cls/clsView6fcb.html]
[class.foxconnect.kr/fox/cls/clsView7084.html]
[class.foxconnect.kr/fox/cls/clsView7028.html]
[class.foxconnect.kr/fox/cls/clsView982c.html]
[class.foxconnect.kr/fox/cls/clsViewe8ee.html]
[class.foxconnect.kr/fox/cls/clsViewff31.html]
[class.foxconnect.kr/fox/cls/clsViewda95.html]
[class.foxconnect.kr/fox/cls/clsView0427.html]
[class.foxconnect.kr/fox/cls/clsView45d8.html]
[class.foxconnect.kr/fox/cls/clsViewa8cd.html]
[class.foxconnect.kr/fox/cls/clsView4407.html]
[class.foxconnect.kr/fox/cls/clsView449d.html]
[class.foxconnect.kr/fox/cls/clsView02b7-2.html]
[class.foxconnect.kr/fox/cls/clsView8021.html]
[class.foxconnect.kr/fox/cls/clsViewcff1.html]
[class.foxconnect.kr/fox/cls/clsViewb079.html]
[class.foxconnect.kr/fox/cls/clsView5c27.html]
[class.foxconnect.kr/fox/cls/clsViewf89d.html]
[class.foxconnect.kr/fox/cls/clsView463c.html]
[class.foxconnect.kr/fox/cls/clsViewcd27.html]
[class.foxconnect.kr/fox/cls/clsView3f54.html]
[class.foxconnect.kr/fox/cls/clsViewabf8-2.html]
[class.foxconnect.kr/fox/cls/clsViewa277-2.html]
[class.foxconnect.kr/fox/cls/clsViewae8b.html]
[class.foxconnect.kr/fox/cls/clsView9377.html]
[class.foxconnect.kr/fox/cls/clsView220a.html]
[class.foxconnect.kr/fox/cls/clsViewc1c7.html]
[class.foxconnect.kr/fox/cls/clsViewea38.html]
[class.foxconnect.kr/fox/cls/clsView14eb-2.html]
[class.foxconnect.kr/fox/cls/clsViewdd37.html]
[class.foxconnect.kr/fox/cls/clsView3d20.html]
[class.foxconnect.kr/fox/cls/clsViewdf7e.html]
[class.foxconnect.kr/fox/cls/clsView4100.html]
[class.foxconnect.kr/fox/cls/clsView19c1.html]
[class.foxconnect.kr/fox/cls/clsView2857.html]
[class.foxconnect.kr/fox/cls/clsViewb775.html]
[class.foxconnect.kr/fox/cls/clsViewff49.html]
[class.foxconnect.kr/fox/cls/clsViewb3b5.html]
[class.foxconnect.kr/fox/cls/clsViewd22f.html]
[class.foxconnect.kr/fox/cls/clsView272d.html]
[class.foxconnect.kr/fox/cls/clsView7f57.html]
[class.foxconnect.kr/fox/cls/clsView8292.html]
[class.foxconnect.kr/fox/cls/clsView09d8.html]
[class.foxconnect.kr/fox/cls/clsView4e18.html]
[class.foxconnect.kr/fox/cls/clsView451a.html]
[class.foxconnect.kr/fox/cls/clsView7e36.html]
[class.foxconnect.kr/fox/cls/clsView9c7b.html]
[class.foxconnect.kr/fox/cls/clsViewe7b8.html]
[class.foxconnect.kr/fox/cls/clsView61dd-2.html]
[class.foxconnect.kr/fox/cls/clsViewfed7.html]
[class.foxconnect.kr/fox/cls/clsView6369.html]
[class.foxconnect.kr/fox/cls/clsView9bb5.html]
[class.foxconnect.kr/fox/cls/clsView633e-2.html]
[class.foxconnect.kr/fox/cls/clsView8287.html]
[class.foxconnect.kr/fox/cls/clsViewe721.html]
[class.foxconnect.kr/fox/cls/clsView77ed.html]
[class.foxconnect.kr/fox/cls/clsView1e0a.html]
[class.foxconnect.kr/fox/cls/clsViewf8d2.html]
[class.foxconnect.kr/fox/cls/clsViewbabb.html]
[class.foxconnect.kr/fox/cls/clsViewe87d.html]
[class.foxconnect.kr/fox/cls/clsViewd7eb.html]
[class.foxconnect.kr/fox/cls/clsView204f.html]
[class.foxconnect.kr/fox/cls/clsView1a07.html]
[class.foxconnect.kr/fox/cls/clsViewae8f.html]
[class.foxconnect.kr/fox/cls/clsView6cce.html]
[class.foxconnect.kr/fox/cls/clsView17f4.html]
[class.foxconnect.kr/fox/cls/clsView1c91.html]
[class.foxconnect.kr/fox/cls/clsView002a.html]
[class.foxconnect.kr/fox/cls/clsViewf969.html]
[class.foxconnect.kr/fox/cls/clsViewb301-2.html]
[class.foxconnect.kr/fox/cls/clsViewddd7.html]
[class.foxconnect.kr/fox/cls/clsView193b.html]
[class.foxconnect.kr/fox/cls/clsViewcaa3.html]
[class.foxconnect.kr/fox/cls/clsView7eab.html]
[class.foxconnect.kr/fox/cls/clsViewb674-2.html]
[class.foxconnect.kr/fox/cls/clsView2907.html]
[class.foxconnect.kr/fox/cls/clsView5f5b.html]
[class.foxconnect.kr/fox/cls/clsView2dec.html]
[class.foxconnect.kr/fox/cls/clsView82a6.html]
[class.foxconnect.kr/fox/cls/clsViewc79c.html]
[class.foxconnect.kr/fox/cls/clsView92f5.html]
[class.foxconnect.kr/fox/cls/clsViewfd96.html]
[class.foxconnect.kr/fox/cls/clsViewec50.html]
[class.foxconnect.kr/fox/cls/clsView30e1-2.html]
[class.foxconnect.kr/fox/cls/clsView3556.html]
[class.foxconnect.kr/fox/cls/clsView6518.html]
[class.foxconnect.kr/fox/cls/clsViewc654-2.html]
[class.foxconnect.kr/fox/cls/clsView29bf.html]
[class.foxconnect.kr/fox/cls/clsView4def.html]
[class.foxconnect.kr/fox/cls/clsView8568.html]
[class.foxconnect.kr/fox/cls/clsView6cdf.html]
[class.foxconnect.kr/fox/cls/clsViewfe8f.html]
[class.foxconnect.kr/fox/cls/clsViewff59.html]
[class.foxconnect.kr/fox/cls/clsViewcfd3.html]
[class.foxconnect.kr/fox/cls/clsViewb767.html]
[class.foxconnect.kr/fox/cls/clsView392a-2.html]
[class.foxconnect.kr/fox/cls/clsViewd1b0.html]
[class.foxconnect.kr/fox/cls/clsViewad4e.html]
[class.foxconnect.kr/fox/cls/clsView2ce9.html]
[class.foxconnect.kr/fox/cls/clsViewdb33.html]
[class.foxconnect.kr/fox/cls/clsView164d.html]
[class.foxconnect.kr/fox/cls/clsViewfe11.html]
[class.foxconnect.kr/fox/cls/clsViewe866.html]
[class.foxconnect.kr/fox/cls/clsViewcc29.html]
[class.foxconnect.kr/fox/cls/clsView1ab3-2.html]
[class.foxconnect.kr/fox/cls/clsView4fa8.html]
[class.foxconnect.kr/fox/cls/clsViewa582.html]
[class.foxconnect.kr/fox/cls/clsView484c.html]
[class.foxconnect.kr/fox/cls/clsView6008.html]
[class.foxconnect.kr/fox/cls/clsView546c.html]
[class.foxconnect.kr/fox/cls/clsView02c7.html]
[class.foxconnect.kr/fox/cls/clsViewfb14.html]
[class.foxconnect.kr/fox/cls/clsViewd036.html]
[class.foxconnect.kr/fox/cls/clsViewdd08.html]
[class.foxconnect.kr/fox/cls/clsView2d62.html]
[class.foxconnect.kr/fox/cls/clsView89c5.html]
[class.foxconnect.kr/fox/cls/clsViewcf1f.html]
[class.foxconnect.kr/fox/cls/clsView71c9.html]
[class.foxconnect.kr/fox/cls/clsView982f.html]
[class.foxconnect.kr/fox/cls/clsView8892.html]
[class.foxconnect.kr/fox/cls/clsView6d7e.html]
[class.foxconnect.kr/fox/cls/clsView8790.html]
[class.foxconnect.kr/fox/cls/clsViewf43b.html]
[class.foxconnect.kr/fox/cls/clsView2e11.html]
[class.foxconnect.kr/fox/cls/clsView845f.html]
[class.foxconnect.kr/fox/cls/clsView258a.html]
[class.foxconnect.kr/fox/cls/clsView83b6.html]
[class.foxconnect.kr/fox/cls/clsView6ef9.html]
[class.foxconnect.kr/fox/cls/clsViewe7cb.html]
[class.foxconnect.kr/fox/cls/clsViewf2b2.html]
[class.foxconnect.kr/fox/cls/clsView016f.html]
[class.foxconnect.kr/fox/cls/clsView9611.html]
[class.foxconnect.kr/fox/cls/clsView9de0.html]
[class.foxconnect.kr/fox/cls/clsView59ed.html]
[class.foxconnect.kr/fox/cls/clsView224f.html]
[class.foxconnect.kr/fox/cls/clsViewf7c1.html]
[class.foxconnect.kr/fox/cls/clsView0684.html]
[class.foxconnect.kr/fox/cls/clsView2aff.html]
[class.foxconnect.kr/fox/cls/clsView4bae.html]
[class.foxconnect.kr/fox/cls/clsView353f.html]
[class.foxconnect.kr/fox/cls/clsView65b6.html]
[class.foxconnect.kr/fox/cls/clsViewff49-2.html]
[class.foxconnect.kr/fox/cls/clsViewf269.html]
[class.foxconnect.kr/fox/cls/clsViewb078-2.html]
[class.foxconnect.kr/fox/cls/clsView13f0.html]
[class.foxconnect.kr/fox/cls/clsViewed7d.html]
[class.foxconnect.kr/fox/cls/clsViewa5cf.html]
[class.foxconnect.kr/fox/cls/clsViewb438.html]
[class.foxconnect.kr/fox/cls/clsViewf497.html]
[class.foxconnect.kr/fox/cls/clsViewbbcc.html]
[class.foxconnect.kr/fox/cls/clsView336b.html]
[class.foxconnect.kr/fox/cls/clsViewde17.html]
[class.foxconnect.kr/fox/cls/clsViewc26c-2.html]
[class.foxconnect.kr/fox/cls/clsViewcd10.html]
[class.foxconnect.kr/fox/cls/clsView85dd.html]
[class.foxconnect.kr/fox/cls/clsView0d2c.html]
[class.foxconnect.kr/fox/cls/clsView95ef.html]
[class.foxconnect.kr/fox/cls/clsView649c.html]
[class.foxconnect.kr/fox/cls/clsView7d0b.html]
[class.foxconnect.kr/fox/cls/clsViewd37b.html]
[class.foxconnect.kr/fox/cls/clsView208c.html]
[class.foxconnect.kr/fox/cls/clsViewb8a5.html]
[class.foxconnect.kr/fox/cls/clsView8b8a.html]
[class.foxconnect.kr/fox/cls/clsViewc636.html]
[class.foxconnect.kr/fox/cls/clsView1402.html]
[class.foxconnect.kr/fox/cls/clsViewf4e2.html]
[class.foxconnect.kr/fox/cls/clsView224f-2.html]
[class.foxconnect.kr/fox/cls/clsViewa680.html]
[class.foxconnect.kr/fox/cls/clsViewd252.html]
[class.foxconnect.kr/fox/cls/clsViewd3e1.html]
[class.foxconnect.kr/fox/cls/clsViewa0a7.html]
[class.foxconnect.kr/fox/cls/clsViewd1ce.html]
[class.foxconnect.kr/fox/cls/clsViewc4d3-2.html]
[class.foxconnect.kr/fox/cls/clsView50de.html]
[class.foxconnect.kr/fox/cls/clsViewcb66.html]
[class.foxconnect.kr/fox/cls/clsViewc7a9.html]
[class.foxconnect.kr/fox/cls/clsView35b3.html]
[class.foxconnect.kr/fox/cls/clsViewd4d7.html]
[class.foxconnect.kr/fox/cls/clsView1199.html]
[class.foxconnect.kr/fox/cls/clsView231b.html]
[class.foxconnect.kr/fox/cls/clsView0219.html]
[class.foxconnect.kr/fox/cls/clsView3673.html]
[class.foxconnect.kr/fox/cls/clsView6e47.html]
[class.foxconnect.kr/fox/cls/clsViewfd3e.html]
[class.foxconnect.kr/fox/cls/clsView4f00.html]
[class.foxconnect.kr/fox/cls/clsViewe893.html]
[class.foxconnect.kr/fox/cls/clsView0f4c.html]
[class.foxconnect.kr/fox/cls/clsViewb1af.html]
[class.foxconnect.kr/fox/cls/clsView72c2.html]
[class.foxconnect.kr/fox/cls/clsViewff66.html]
[class.foxconnect.kr/fox/cls/clsView4510.html]
[class.foxconnect.kr/fox/cls/clsViewac9b.html]
[class.foxconnect.kr/fox/cls/clsView79f8.html]
[class.foxconnect.kr/fox/cls/clsViewef58.html]
[class.foxconnect.kr/fox/cls/clsView9642.html]
[class.foxconnect.kr/fox/cls/clsViewcb05.html]
[class.foxconnect.kr/fox/cls/clsViewce08.html]
[class.foxconnect.kr/fox/cls/clsView5a8a.html]
[class.foxconnect.kr/fox/cls/clsViewc834.html]
[class.foxconnect.kr/fox/cls/clsViewdf90.html]
[class.foxconnect.kr/fox/cls/clsView389e.html]
[class.foxconnect.kr/fox/cls/clsView8c7a.html]
[class.foxconnect.kr/fox/cls/clsView3866.html]
[class.foxconnect.kr/fox/cls/clsView1d8d.html]
[class.foxconnect.kr/fox/cls/clsView3860.html]
[class.foxconnect.kr/fox/cls/clsView308c-2.html]
[class.foxconnect.kr/fox/cls/clsView4a51.html]
[class.foxconnect.kr/fox/cls/clsViewf8dd-2.html]
[class.foxconnect.kr/fox/cls/clsViewe12d.html]
[class.foxconnect.kr/fox/cls/clsView28f6.html]
[class.foxconnect.kr/fox/cls/clsView1877.html]
[class.foxconnect.kr/fox/cls/clsView6aee.html]
[class.foxconnect.kr/fox/cls/clsViewdf1c.html]
[class.foxconnect.kr/fox/cls/clsView5fc7.html]
[class.foxconnect.kr/fox/cls/clsView3fc3.html]
[class.foxconnect.kr/fox/cls/clsView472b.html]
[class.foxconnect.kr/fox/cls/clsViewc8c3.html]
[class.foxconnect.kr/fox/cls/globalSearch4df3.html]
[class.foxconnect.kr/fox/cls/globalSearch29e3.html]
[class.foxconnect.kr/fox/cls/globalSearchd50e.html]
[class.foxconnect.kr/fox/cls/globalSearchf53b.html]
[class.foxconnect.kr/fox/cls/globalSearch92ef.html]
[class.foxconnect.kr/fox/cls/clsViewc1f4.html]
[class.foxconnect.kr/contents/CLASS/THUMB/20241220/20241220051308298_thumb_1920x1080.jpg]
[class.foxconnect.kr/fox/cls/clsView104b.html]
[class.foxconnect.kr/contents/CLASS/THUMB/20241220/20241220051334417_thumb_1920x1080.jpg]
[class.foxconnect.kr/fox/cls/clsView7944.html]
[class.foxconnect.kr/contents/CLASS/THUMB/20241220/20241220051401154_thumb_1920x1080.jpg]
[class.foxconnect.kr/fox/cls/clsView81c1.html]
[class.foxconnect.kr/contents/CLASS/THUMB/20241220/20241220051428594_thumb_1920x1080.jpg]
[class.foxconnect.kr/fox/cls/clsView3e66.html]
[class.foxconnect.kr/contents/CLASS/THUMB/20241220/20241220051457005_thumb_1920x1080.jpg]
[class.foxconnect.kr/fox/cls/clsView11a6.html]
[class.foxconnect.kr/contents/CLASS/THUMB/20241220/20241220051523439_thumb_1920x1080.jpg]
[class.foxconnect.kr/fox/cls/clsViewa686.html]
[class.foxconnect.kr/contents/CLASS/THUMB/20241220/20241220051552494_thumb_1920x1080.jpg]
[class.foxconnect.kr/fox/cls/clsView2287.html]
[class.foxconnect.kr/fox/cls/globalSearchd9a9.html]
[class.foxconnect.kr/contents/CLASS/THUMB/20241220/20241220051619587_thumb_1920x1080.jpg]
[class.foxconnect.kr/fox/cls/clsViewc83e.html]
[class.foxconnect.kr/contents/CLASS/THUMB/20241220/20241220051646503_thumb_1920x1080.jpg]
[class.foxconnect.kr/fox/cls/clsView2a34.html]
[class.foxconnect.kr/contents/CLASS/THUMB/20241220/20241220051718510_thumb_1920x1080.jpg]
[class.foxconnect.kr/fox/cls/clsView6433.html]
[class.foxconnect.kr/contents/CLASS/THUMB/20241220/20241220051748030_thumb_1920x1080.jpg]
[class.foxconnect.kr/fox/cls/globalSearchae65.html]
[class.foxconnect.kr/fox/cls/globalSearcheb4c.html]
[class.foxconnect.kr/fox/cls/globalSearchb08e.html]
[class.foxconnect.kr/fox/cls/globalSearch4f87.html]
[class.foxconnect.kr/fox/cls/globalSearch2308.html]
[class.foxconnect.kr/fox/cls/globalSearch0763.html]
[class.foxconnect.kr/fox/cls/globalSearch096e.html]
[class.foxconnect.kr/fox/cls/globalSearch1fa2.html]
[class.foxconnect.kr/fox/cls/globalSearchb9c0.html]
[class.foxconnect.kr/fox/cls/globalSearch4776.html]
[class.foxconnect.kr/fox/cls/globalSearchd14e.html]
[class.foxconnect.kr/fox/cls/globalSearch8104.html]
[class.foxconnect.kr/fox/cls/globalSearch6b7c.html]
[class.foxconnect.kr/fox/cls/globalSearchcb60.html]
[class.foxconnect.kr/fox/cls/clsViewd45a.html]
[class.foxconnect.kr/fox/cls/clsView8555.html]
[class.foxconnect.kr/fox/cls/clsViewce86.html]
[class.foxconnect.kr/fox/cls/clsView3448.html]
[class.foxconnect.kr/fox/cls/clsViewd36b.html]
[class.foxconnect.kr/fox/cls/clsView3a02.html]
[class.foxconnect.kr/fox/cls/clsViewbd71.html]
[class.foxconnect.kr/fox/cls/clsViewdd45.html]
[class.foxconnect.kr/fox/cls/clsView952a.html]
[class.foxconnect.kr/fox/cls/clsViewd2f7.html]
[class.foxconnect.kr/fox/cls/clsViewfc65.html]
[class.foxconnect.kr/fox/cls/clsView8c84.html]
[class.foxconnect.kr/fox/cls/clsView5d5c.html]
[class.foxconnect.kr/fox/cls/clsViewf4be-2.html]
[class.foxconnect.kr/fox/cls/clsViewc287.html]
[class.foxconnect.kr/fox/cls/clsViewe8f0.html]
[class.foxconnect.kr/fox/cls/clsView41ca.html]
[class.foxconnect.kr/fox/cls/clsView2b94.html]
[class.foxconnect.kr/fox/cls/clsViewf370.html]
[class.foxconnect.kr/fox/cls/globalSearchac65.html]
[class.foxconnect.kr/fox/cls/globalSearchf53c.html]
[class.foxconnect.kr/fox/cls/globalSearch06ae.html]
[class.foxconnect.kr/fox/cls/globalSearchb606.html]
[class.foxconnect.kr/fox/cls/globalSearch308c.html]
[class.foxconnect.kr/fox/cls/globalSearchdf25.html]
[class.foxconnect.kr/fox/cls/globalSearch0acb.html]
[class.foxconnect.kr/fox/cls/globalSearchc67f.html]
[class.foxconnect.kr/fox/cls/globalSearch1d1a.html]
[class.foxconnect.kr/fox/cls/globalSearchcd37.html]
[class.foxconnect.kr/fox/cls/globalSearchafa8.html]
[class.foxconnect.kr/fox/cls/globalSearch76d6.html]
[class.foxconnect.kr/fox/cls/clsViewceec.html]
[class.foxconnect.kr/contents/CLASS/THUMB/20240805/20240805124139935_thumb_1920x1080.jpg]
[class.foxconnect.kr/fox/cls/clsView26f8.html]
[class.foxconnect.kr/contents/CLASS/THUMB/20240805/20240805124124207_thumb_1920x1080.jpg]
[class.foxconnect.kr/fox/cls/clsView5e0c.html]
[class.foxconnect.kr/contents/CLASS/THUMB/20240805/20240805124104972_thumb_1920x1080.jpg]
[class.foxconnect.kr/fox/cls/clsViewb440.html]
[class.foxconnect.kr/fox/cls/globalSearch3da8.html]
[class.foxconnect.kr/fox/cls/clsViewac47.html]
[class.foxconnect.kr/fox/cls/clsViewc52e.html]
[class.foxconnect.kr/fox/cls/clsView82f5.html]
[class.foxconnect.kr/fox/cls/clsView30b9.html]
[class.foxconnect.kr/fox/cls/clsView8f24.html]
[class.foxconnect.kr/fox/cls/clsView8601.html]
[class.foxconnect.kr/fox/cls/clsView1fad.html]
[class.foxconnect.kr/fox/cls/globalSearch96f8.html]
[class.foxconnect.kr/fox/cls/globalSearch31d4.html]
[class.foxconnect.kr/fox/cls/globalSearcha65b.html]
[class.foxconnect.kr/fox/cls/globalSearch56d7.html]
[class.foxconnect.kr/fox/cls/globalSearch06f9.html]
[class.foxconnect.kr/fox/cls/globalSearch774e.html]
[class.foxconnect.kr/fox/cls/clsViewbc14.html]
[class.foxconnect.kr/fox/cls/globalSearch8263.html]
[class.foxconnect.kr/contents/CLASS/THUMB/20250108/20250108015005649_thumb_1920x1080.jpg]
[class.foxconnect.kr/fox/cls/clsView8779.html]
[class.foxconnect.kr/fox/cls/clsViewa170.html]
[class.foxconnect.kr/fox/cls/clsViewa318.html]
[class.foxconnect.kr/fox/cls/clsView6fe7.html]
[class.foxconnect.kr/fox/cls/clsView7949.html]
[class.foxconnect.kr/fox/cls/clsView23a7.html]
[class.foxconnect.kr/fox/cls/clsView8598.html]
[class.foxconnect.kr/fox/cls/clsViewd680.html]
[class.foxconnect.kr/fox/cls/clsViewc3d2.html]
[class.foxconnect.kr/fox/cls/clsViewd214.html]
[class.foxconnect.kr/fox/cls/clsView7da9.html]
[class.foxconnect.kr/fox/cls/clsView7e11.html]
[class.foxconnect.kr/fox/cls/clsViewb815.html]
[class.foxconnect.kr/fox/cls/clsView3482.html]
[class.foxconnect.kr/fox/cls/clsView9807.html]
[class.foxconnect.kr/fox/cls/clsViewbb7b.html]
[class.foxconnect.kr/fox/cls/clsView307c.html]
[class.foxconnect.kr/fox/cls/clsView92a1.html]
[class.foxconnect.kr/fox/cls/clsViewd591.html]
[class.foxconnect.kr/fox/cls/clsViewc667.html]
[class.foxconnect.kr/fox/cls/clsView1c4d.html]
[class.foxconnect.kr/fox/cls/clsViewd6cc.html]
[class.foxconnect.kr/fox/cls/clsViewf55a.html]
[class.foxconnect.kr/fox/cls/clsView44af.html]
[class.foxconnect.kr/fox/cls/clsView166d.html]
[class.foxconnect.kr/fox/cls/clsViewb7ae.html]
[class.foxconnect.kr/fox/cls/clsView98a1.html]
[class.foxconnect.kr/fox/cls/clsView7dd0.html]
[class.foxconnect.kr/fox/cls/clsViewf4b0.html]
[class.foxconnect.kr/fox/cls/clsView83d3.html]
[class.foxconnect.kr/fox/cls/clsView8c8f.html]
[class.foxconnect.kr/fox/cls/clsView61d7.html]
[class.foxconnect.kr/fox/cls/clsViewf968.html]
[class.foxconnect.kr/fox/cls/clsView024f.html]
[class.foxconnect.kr/fox/cls/clsView173f.html]
[class.foxconnect.kr/fox/cls/clsView3b60.html]
[class.foxconnect.kr/fox/cls/clsView23b4.html]
[class.foxconnect.kr/fox/cls/clsView4932.html]
[class.foxconnect.kr/fox/cls/clsView9d70.html]
[class.foxconnect.kr/fox/cls/clsViewefc2.html]
[class.foxconnect.kr/fox/cls/clsView0b13.html]
[class.foxconnect.kr/fox/cls/clsViewfeab-2.html]
[class.foxconnect.kr/fox/cls/clsView2e1d.html]
[class.foxconnect.kr/fox/cls/clsView96e2.html]
[class.foxconnect.kr/fox/cls/clsViewd243.html]
[class.foxconnect.kr/fox/cls/clsView640a.html]
[class.foxconnect.kr/fox/cls/clsView6996.html]
[class.foxconnect.kr/fox/cls/clsView6ae6.html]
[class.foxconnect.kr/fox/cls/clsViewc535.html]
[class.foxconnect.kr/fox/cls/clsViewb932.html]
[class.foxconnect.kr/fox/cls/clsView5fb6.html]
[class.foxconnect.kr/fox/cls/clsViewbda6.html]
[class.foxconnect.kr/fox/cls/clsViewd01a.html]
[class.foxconnect.kr/fox/cls/clsView3742.html]
[class.foxconnect.kr/fox/cls/clsView926b.html]
[class.foxconnect.kr/fox/cls/clsView9bdf.html]
[class.foxconnect.kr/fox/cls/clsView6e26-2.html]
[class.foxconnect.kr/fox/cls/clsView115f.html]
[class.foxconnect.kr/fox/cls/clsView26d9.html]
[class.foxconnect.kr/fox/cls/clsView254f.html]
[class.foxconnect.kr/fox/cls/clsViewbc15.html]
[class.foxconnect.kr/fox/cls/clsView85b7.html]
[class.foxconnect.kr/fox/cls/clsViewf06f.html]
[class.foxconnect.kr/fox/cls/clsView319f.html]
[class.foxconnect.kr/fox/cls/clsViewced9.html]
[class.foxconnect.kr/fox/cls/clsView9f9a.html]
[class.foxconnect.kr/fox/cls/clsView260f.html]
[class.foxconnect.kr/fox/cls/clsViewbeb8.html]
[class.foxconnect.kr/fox/cls/clsView741f.html]
[class.foxconnect.kr/fox/cls/clsView395f.html]
[class.foxconnect.kr/fox/cls/clsView3936.html]
[class.foxconnect.kr/fox/cls/clsViewf80e.html]
[class.foxconnect.kr/fox/cls/clsViewe6f6.html]
[class.foxconnect.kr/fox/cls/clsView0abe-2.html]
[class.foxconnect.kr/fox/cls/clsView4809.html]
[class.foxconnect.kr/fox/cls/clsViewc82d.html]
[class.foxconnect.kr/fox/cls/clsView6abd.html]
[class.foxconnect.kr/fox/cls/clsView09f3.html]
[class.foxconnect.kr/fox/cls/clsView4c27.html]
[class.foxconnect.kr/fox/cls/clsViewf758.html]
[class.foxconnect.kr/fox/cls/clsView3bec.html]
[class.foxconnect.kr/fox/cls/clsViewc0d4.html]
[class.foxconnect.kr/fox/cls/clsView9667.html]
[class.foxconnect.kr/fox/cls/clsViewcd8e.html]
[class.foxconnect.kr/fox/cls/clsViewc8c2.html]
[class.foxconnect.kr/fox/cls/clsViewfd7d.html]
[class.foxconnect.kr/fox/cls/clsViewd3f7.html]
[class.foxconnect.kr/fox/cls/clsViewf7a7.html]
[class.foxconnect.kr/fox/cls/clsViewc8b1.html]
[class.foxconnect.kr/fox/cls/clsViewe63e.html]
[class.foxconnect.kr/fox/cls/clsView714d.html]
[class.foxconnect.kr/fox/cls/clsViewfc14.html]
[class.foxconnect.kr/fox/cls/clsView3a2a.html]
[class.foxconnect.kr/fox/cls/clsView0f18.html]
[class.foxconnect.kr/fox/cls/clsViewded5.html]
[class.foxconnect.kr/fox/cls/clsView1604.html]
[class.foxconnect.kr/fox/cls/clsView3e53.html]
[class.foxconnect.kr/fox/cls/clsViewdb3f.html]
[class.foxconnect.kr/fox/cls/clsViewb485.html]
[class.foxconnect.kr/fox/cls/clsView2ced.html]
[class.foxconnect.kr/fox/cls/clsViewe562.html]
[class.foxconnect.kr/fox/cls/clsView358a.html]
[class.foxconnect.kr/fox/cls/clsView6bf6.html]
[class.foxconnect.kr/fox/cls/clsView5047.html]
[class.foxconnect.kr/fox/cls/clsViewb0bf.html]
[class.foxconnect.kr/fox/cls/clsView7a52.html]
[class.foxconnect.kr/fox/cls/clsView5d30.html]
[class.foxconnect.kr/fox/cls/clsViewc9ab.html]
[class.foxconnect.kr/fox/cls/clsViewfe14.html]
[class.foxconnect.kr/fox/cls/clsView4353.html]
[class.foxconnect.kr/fox/cls/clsView2a1a.html]
[class.foxconnect.kr/fox/cls/clsVieweb89.html]
[class.foxconnect.kr/fox/cls/clsView4917.html]
[class.foxconnect.kr/fox/cls/clsViewaa63.html]
[class.foxconnect.kr/fox/cls/clsViewaec4.html]
[class.foxconnect.kr/fox/cls/clsViewd2fe.html]
[class.foxconnect.kr/fox/cls/clsViewfefe.html]
[class.foxconnect.kr/fox/cls/clsViewa0e3.html]
[class.foxconnect.kr/fox/cls/clsView95e5.html]
[class.foxconnect.kr/fox/cls/clsViewa08e.html]
[class.foxconnect.kr/fox/cls/clsView09bc.html]
[class.foxconnect.kr/fox/cls/clsView7e01.html]
[class.foxconnect.kr/fox/cls/clsViewdc76.html]
[class.foxconnect.kr/fox/cls/clsViewe747.html]
[class.foxconnect.kr/fox/cls/clsView9df6.html]
[class.foxconnect.kr/fox/cls/clsView9d5b.html]
[class.foxconnect.kr/fox/cls/clsView272a.html]
[class.foxconnect.kr/fox/cls/clsView5973.html]
[class.foxconnect.kr/fox/cls/clsView63a5.html]
[class.foxconnect.kr/fox/cls/clsViewfee5.html]
[class.foxconnect.kr/fox/cls/clsView1aaf.html]
[class.foxconnect.kr/fox/cls/clsViewb7f7.html]
[class.foxconnect.kr/fox/cls/clsView5bf3.html]
[class.foxconnect.kr/fox/cls/clsView9e15.html]
[class.foxconnect.kr/fox/cls/clsViewf77e.html]
[class.foxconnect.kr/fox/cls/clsView4934.html]
[class.foxconnect.kr/fox/cls/clsViewa913.html]
[class.foxconnect.kr/fox/cls/clsView519d.html]
[class.foxconnect.kr/fox/cls/clsView9c2c.html]
[class.foxconnect.kr/fox/cls/clsView49ae.html]
[class.foxconnect.kr/fox/cls/clsView676f.html]
[class.foxconnect.kr/fox/cls/clsViewe18b.html]
[class.foxconnect.kr/fox/cls/clsView0d5b.html]
[class.foxconnect.kr/fox/cls/clsView1184.html]
[class.foxconnect.kr/fox/cls/clsView0337.html]
[class.foxconnect.kr/fox/cls/clsView7cee.html]
[class.foxconnect.kr/fox/cls/clsView1aa2.html]
[class.foxconnect.kr/fox/cls/clsViewf0c4-2.html]
[class.foxconnect.kr/fox/cls/clsView600c.html]
[class.foxconnect.kr/fox/cls/clsViewce04.html]
[class.foxconnect.kr/fox/cls/clsViewe331.html]
[class.foxconnect.kr/fox/cls/clsView79a3.html]
[class.foxconnect.kr/fox/cls/clsView229d.html]
[class.foxconnect.kr/fox/cls/clsView7859.html]
[class.foxconnect.kr/fox/cls/clsView2ce3.html]
[class.foxconnect.kr/fox/cls/clsView8895.html]
[class.foxconnect.kr/fox/cls/clsViewe9fa.html]
[class.foxconnect.kr/fox/cls/clsViewb54e.html]
[class.foxconnect.kr/fox/cls/clsView573c.html]
[class.foxconnect.kr/fox/cls/clsViewb5c6.html]
[class.foxconnect.kr/fox/cls/clsViewfc01.html]
[class.foxconnect.kr/fox/cls/clsView3442.html]
[class.foxconnect.kr/fox/cls/clsView1780.html]
[class.foxconnect.kr/fox/cls/clsView16d9.html]
[class.foxconnect.kr/fox/cls/clsViewcc51.html]
[class.foxconnect.kr/fox/cls/clsView93f9.html]
[class.foxconnect.kr/fox/cls/clsView752c.html]
[class.foxconnect.kr/fox/cls/clsView1f1b.html]
[class.foxconnect.kr/fox/cls/clsViewdee0.html]
[class.foxconnect.kr/fox/cls/clsViewe88b.html]
[class.foxconnect.kr/fox/cls/clsViewaa0f-2.html]
[class.foxconnect.kr/fox/cls/clsView4dd7.html]
[class.foxconnect.kr/fox/cls/clsView4fa6.html]
[class.foxconnect.kr/fox/cls/clsViewd0d5.html]
[class.foxconnect.kr/fox/cls/clsView7f38.html]
[class.foxconnect.kr/fox/cls/clsView305e.html]
[class.foxconnect.kr/fox/cls/clsView1d6d.html]
[class.foxconnect.kr/fox/cls/clsView81e4.html]
[class.foxconnect.kr/fox/cls/clsView9ad4.html]
[class.foxconnect.kr/fox/cls/clsView1e6a.html]
[class.foxconnect.kr/fox/cls/clsViewd168.html]
[class.foxconnect.kr/fox/cls/clsViewfc14-2.html]
[class.foxconnect.kr/fox/cls/clsView8e20.html]
[class.foxconnect.kr/fox/cls/clsViewbcd6.html]
[class.foxconnect.kr/fox/cls/clsView0ca0.html]
[class.foxconnect.kr/fox/cls/clsViewe1b6.html]
[class.foxconnect.kr/fox/cls/clsViewa7b1.html]
[class.foxconnect.kr/fox/cls/clsViewab04-2.html]
[class.foxconnect.kr/fox/cls/clsView0e77.html]
[class.foxconnect.kr/fox/cls/clsView4a98.html]
[class.foxconnect.kr/fox/cls/clsView3441.html]
[class.foxconnect.kr/fox/cls/clsView15fc.html]
[class.foxconnect.kr/fox/cls/clsView8519.html]
[class.foxconnect.kr/fox/cls/clsViewea3c.html]
[class.foxconnect.kr/fox/cls/clsView2b8e.html]
[class.foxconnect.kr/fox/cls/clsView8df8.html]
[class.foxconnect.kr/fox/cls/clsView8c73.html]
[class.foxconnect.kr/fox/cls/clsView65fe.html]
[class.foxconnect.kr/fox/cls/clsView8e59.html]
[class.foxconnect.kr/fox/cls/clsView5c3f.html]
[class.foxconnect.kr/fox/cls/clsViewe8b2.html]
[class.foxconnect.kr/fox/cls/clsView7666.html]
[class.foxconnect.kr/fox/cls/clsView17c7.html]
[class.foxconnect.kr/fox/cls/clsView3eb1.html]
[class.foxconnect.kr/fox/cls/clsView99f7.html]
[class.foxconnect.kr/fox/cls/clsView0038.html]
[class.foxconnect.kr/fox/cls/clsView5078.html]
[class.foxconnect.kr/fox/cls/clsViewf84f.html]
[class.foxconnect.kr/fox/cls/clsViewb6f0.html]
[class.foxconnect.kr/fox/cls/clsView0915-2.html]
[class.foxconnect.kr/fox/cls/globalSearch738b.html]
[class.foxconnect.kr/fox/cls/globalSearch8226.html]
[class.foxconnect.kr/fox/cls/globalSearch6456.html]
[class.foxconnect.kr/fox/cls/clsViewf4dc.html]
[class.foxconnect.kr/contents/CLASS/THUMB/20240503/20240503094025980_thumb_1920x1080.jpg]
[class.foxconnect.kr/fox/cls/clsViewf895.html]
[class.foxconnect.kr/contents/CLASS/THUMB/20231207/20231207083106328_thumb_1920x1080.jpg]
[class.foxconnect.kr/fox/cls/clsView704d.html]
[class.foxconnect.kr/contents/CLASS/THUMB/20231206/20231206124730883_thumb_1920x1080.jpg]
[class.foxconnect.kr/fox/cls/clsViewa6f1.html]
[class.foxconnect.kr/contents/CLASS/THUMB/20231204/20231204023855576_thumb_1920x1080.jpg]
[class.foxconnect.kr/fox/cls/clsView647f.html]
[class.foxconnect.kr/contents/CLASS/THUMB/20231204/20231204104813167_thumb_1920x1080.jpg]
[class.foxconnect.kr/fox/cls/clsView7f4d.html]
[class.foxconnect.kr/contents/CLASS/THUMB/20231126/20231126084854542_thumb_1920x1080.jpg]
[class.foxconnect.kr/fox/cls/clsVieweaf3.html]
[class.foxconnect.kr/contents/CLASS/THUMB/20231126/20231126062937048_thumb_1920x1080.jpg]
[class.foxconnect.kr/fox/cls/clsView1741.html]
[class.foxconnect.kr/contents/CLASS/THUMB/20231125/20231125111720396_thumb_1920x1080.jpg]
[class.foxconnect.kr/fox/cls/clsView87d2.html]
[class.foxconnect.kr/fox/cls/globalSearchb9ba.html]
[class.foxconnect.kr/contents/CLASS/THUMB/20231125/20231125091014285_thumb_1920x1080.jpg]
[class.foxconnect.kr/fox/cls/clsViewf583.html]
[class.foxconnect.kr/contents/CLASS/THUMB/20231125/20231125085116802_thumb_1920x1080.jpg]
[class.foxconnect.kr/fox/cls/clsViewc672.html]
[class.foxconnect.kr/contents/CLASS/THUMB/20231125/20231125082738077_thumb_1920x1080.jpg]
[class.foxconnect.kr/fox/cls/clsView9b8b.html]
[class.foxconnect.kr/contents/CLASS/THUMB/20231122/20231122091612591_thumb_1920x1080.jpg]
[class.foxconnect.kr/fox/cls/clsView005e.html]
[class.foxconnect.kr/contents/CLASS/THUMB/20231122/20231122080410584_thumb_1920x1080.jpg]
[class.foxconnect.kr/fox/cls/clsViewbc09.html]
[class.foxconnect.kr/contents/CLASS/THUMB/20231112/20231112051752439_thumb_1920x1080.jpg]
[class.foxconnect.kr/fox/cls/clsView0ffc.html]
[class.foxconnect.kr/contents/CLASS/THUMB/20231030/20231030120345708_thumb_1920x1080.jpg]
[class.foxconnect.kr/fox/cls/clsViewcf58.html]
[class.foxconnect.kr/contents/CLASS/THUMB/20231028/20231028111946677_thumb_1920x1080.jpg]
[class.foxconnect.kr/fox/cls/clsViewc24d.html]
[class.foxconnect.kr/contents/CLASS/THUMB/20231028/20231028120311704_thumb_1920x1080.jpg]
[class.foxconnect.kr/fox/cls/clsView22de.html]
[class.foxconnect.kr/contents/CLASS/THUMB/20231021/20231021041334222_thumb_1920x1080.jpg]
[class.foxconnect.kr/fox/cls/clsView5d68.html]
[class.foxconnect.kr/fox/cls/globalSearch1e5a.html]
[class.foxconnect.kr/contents/CLASS/THUMB/20231004/20231004085528289_thumb_1920x1080.jpg]
[class.foxconnect.kr/fox/cls/clsView6692.html]
[class.foxconnect.kr/contents/CLASS/THUMB/20230629/20230629030702054_thumb_1920x1080.jpg]
[class.foxconnect.kr/fox/cls/clsViewa9cb.html]
[class.foxconnect.kr/contents/CLASS/THUMB/20230629/20230629023618850_thumb_1920x1080.jpg]
[class.foxconnect.kr/fox/cls/clsViewcf9e.html]
[class.foxconnect.kr/contents/CLASS/THUMB/20230629/20230629014455459_thumb_1920x1080.jpg]
[class.foxconnect.kr/fox/cls/clsView71ae.html]
[class.foxconnect.kr/contents/CLASS/THUMB/20240802/20240802021657580_thumb_1920x1080.jpg]
[class.foxconnect.kr/fox/cls/clsViewfdaa.html]
[class.foxconnect.kr/fox/cls/clsView71d5.html]
[class.foxconnect.kr/fox/cls/clsView651e.html]
[class.foxconnect.kr/fox/cls/clsView1461.html]
[class.foxconnect.kr/fox/cls/clsView1f5e.html]
[class.foxconnect.kr/fox/cls/clsView73be.html]
[class.foxconnect.kr/fox/cls/clsViewd198.html]
[class.foxconnect.kr/fox/cls/clsView008d.html]
[class.foxconnect.kr/fox/cls/clsView9052.html]
[class.foxconnect.kr/contents/CLASS/THUMB/20241216/20241216091654713_thumb_1920x1080.jpg]
[class.foxconnect.kr/fox/cls/clsView192f.html]
[class.foxconnect.kr/fox/cls/globalSearch6085.html]
[class.foxconnect.kr/contents/CLASS/THUMB/20241216/20241216103218035_thumb_1920x1080.jpg]
[class.foxconnect.kr/fox/cls/clsViewa77d.html]
[class.foxconnect.kr/contents/CLASS/THUMB/20241216/20241216104730799_thumb_1920x1080.jpg]
[class.foxconnect.kr/fox/cls/clsViewcc85.html]
[class.foxconnect.kr/contents/CLASS/THUMB/20241216/20241216105017971_thumb_1920x1080.jpg]
[class.foxconnect.kr/fox/cls/clsViewc36c.html]
[class.foxconnect.kr/contents/CLASS/THUMB/20241216/20241216105050105_thumb_1920x1080.jpg]
[class.foxconnect.kr/fox/cls/clsView9738.html]
[class.foxconnect.kr/contents/CLASS/THUMB/20241216/20241216105124494_thumb_1920x1080.jpg]
[class.foxconnect.kr/fox/cls/clsViewfdd3.html]
[class.foxconnect.kr/contents/CLASS/THUMB/20241216/20241216105158132_thumb_1920x1080.jpg]
[class.foxconnect.kr/fox/cls/clsView070c.html]
[class.foxconnect.kr/contents/CLASS/THUMB/20241216/20241216105248690_thumb_1920x1080.jpg]
[class.foxconnect.kr/fox/cls/clsVieweec9.html]
[class.foxconnect.kr/contents/CLASS/THUMB/20241216/20241216105322329_thumb_1920x1080.jpg]
[class.foxconnect.kr/fox/cls/clsView4631.html]
[class.foxconnect.kr/contents/CLASS/THUMB/20241216/20241216105356952_thumb_1920x1080.jpg]
[class.foxconnect.kr/fox/cls/clsViewf893.html]
[class.foxconnect.kr/contents/CLASS/THUMB/20241216/20241216105639456_thumb_1920x1080.jpg]
[class.foxconnect.kr/fox/cls/clsView13eb.html]
[class.foxconnect.kr/contents/CLASS/THUMB/20241216/20241216105758505_thumb_1920x1080.jpg]
[class.foxconnect.kr/fox/cls/clsView98ed.html]
[class.foxconnect.kr/contents/CLASS/THUMB/20241216/20241216105834155_thumb_1920x1080.jpg]
[class.foxconnect.kr/fox/cls/clsView4ecc.html]
[class.foxconnect.kr/contents/CLASS/THUMB/20241216/20241216110025972_thumb_1920x1080.jpg]
[class.foxconnect.kr/fox/cls/clsView5020.html]
[class.foxconnect.kr/contents/CLASS/THUMB/20241216/20241216110259507_thumb_1920x1080.jpg]
[class.foxconnect.kr/fox/cls/clsViewe48f.html]
[class.foxconnect.kr/contents/CLASS/THUMB/20241216/20241216110333056_thumb_1920x1080.jpg]
[class.foxconnect.kr/fox/cls/clsView9b27.html]
[class.foxconnect.kr/contents/CLASS/THUMB/20241216/20241216110405496_thumb_1920x1080.jpg]
[class.foxconnect.kr/fox/cls/clsView8974.html]
[class.foxconnect.kr/contents/CLASS/THUMB/20241216/20241216110436715_thumb_1920x1080.jpg]
[class.foxconnect.kr/fox/cls/clsView410b.html]
[class.foxconnect.kr/contents/CLASS/THUMB/20241216/20241216110508897_thumb_1920x1080.jpg]
[class.foxconnect.kr/fox/cls/clsView7183.html]
[class.foxconnect.kr/contents/CLASS/THUMB/20241216/20241216110616733_thumb_1920x1080.jpg]
[class.foxconnect.kr/fox/cls/clsView9b5e.html]
[class.foxconnect.kr/contents/CLASS/THUMB/20241216/20241216110751204_thumb_1920x1080.jpg]
[class.foxconnect.kr/fox/cls/clsViewde56.html]
[class.foxconnect.kr/fox/cls/globalSearch7c6a.html]
[class.foxconnect.kr/contents/CLASS/THUMB/20241216/20241216110825018_thumb_1920x1080.jpg]
[class.foxconnect.kr/fox/cls/clsView8994.html]
[class.foxconnect.kr/contents/CLASS/THUMB/20241216/20241216110900278_thumb_1920x1080.jpg]
[class.foxconnect.kr/fox/cls/clsViewdab5.html]
[class.foxconnect.kr/contents/CLASS/THUMB/20241216/20241216110932502_thumb_1920x1080.jpg]
[class.foxconnect.kr/fox/cls/clsViewb05b.html]
[class.foxconnect.kr/contents/CLASS/THUMB/20241216/20241216111003666_thumb_1920x1080.jpg]
[class.foxconnect.kr/fox/cls/clsViewb748.html]
[class.foxconnect.kr/contents/CLASS/THUMB/20241216/20241216112625099_thumb_1920x1080.jpg]
[class.foxconnect.kr/fox/cls/clsView04a2.html]
[class.foxconnect.kr/contents/CLASS/THUMB/20241216/20241216112717078_thumb_1920x1080.jpg]
[class.foxconnect.kr/fox/cls/clsViewc293.html]
[class.foxconnect.kr/contents/CLASS/THUMB/20241216/20241216123446676_thumb_1920x1080.jpg]
[class.foxconnect.kr/fox/cls/clsView2ac3.html]
[class.foxconnect.kr/contents/CLASS/THUMB/20241216/20241216123552943_thumb_1920x1080.jpg]
[class.foxconnect.kr/fox/cls/clsViewa4a8.html]
[class.foxconnect.kr/contents/CLASS/THUMB/20241216/20241216123623035_thumb_1920x1080.jpg]
[class.foxconnect.kr/fox/cls/clsView6e8d.html]
[class.foxconnect.kr/contents/CLASS/THUMB/20241216/20241216123655560_thumb_1920x1080.jpg]
[class.foxconnect.kr/fox/cls/clsView46c6.html]
[class.foxconnect.kr/contents/CLASS/THUMB/20241216/20241216124413701_thumb_1920x1080.jpg]
[class.foxconnect.kr/fox/cls/clsViewd511.html]
[class.foxconnect.kr/contents/CLASS/THUMB/20241216/20241216124447425_thumb_1920x1080.jpg]
[class.foxconnect.kr/fox/cls/clsViewd89f.html]
[class.foxconnect.kr/contents/CLASS/THUMB/20241216/20241216124519611_thumb_1920x1080.jpg]
[class.foxconnect.kr/fox/cls/clsView8342.html]
[class.foxconnect.kr/contents/CLASS/THUMB/20241216/20241216124552417_thumb_1920x1080.jpg]
[class.foxconnect.kr/fox/cls/clsView4455.html]
[class.foxconnect.kr/contents/CLASS/THUMB/20241216/20241216124626192_thumb_1920x1080.jpg]
[class.foxconnect.kr/fox/cls/clsViewda52.html]
[class.foxconnect.kr/contents/CLASS/THUMB/20241216/20241216124656654_thumb_1920x1080.jpg]
[class.foxconnect.kr/fox/cls/clsView8a15.html]
[class.foxconnect.kr/contents/CLASS/THUMB/20241216/20241216124857890_thumb_1920x1080.jpg]
[class.foxconnect.kr/fox/cls/clsView964b.html]
[class.foxconnect.kr/contents/CLASS/THUMB/20241216/20241216124928177_thumb_1920x1080.jpg]
[class.foxconnect.kr/fox/cls/clsView4993.html]
[class.foxconnect.kr/contents/CLASS/THUMB/20241216/20241216124959211_thumb_1920x1080.jpg]
[class.foxconnect.kr/fox/cls/globalSearch5eb0.html]
[class.foxconnect.kr/fox/cls/clsView27d7.html]
[class.foxconnect.kr/contents/CLASS/THUMB/20241216/20241216125120156_thumb_1920x1080.jpg]
[class.foxconnect.kr/fox/cls/clsView5a00.html]
[class.foxconnect.kr/contents/CLASS/THUMB/20241216/20241216125218825_thumb_1920x1080.jpg]
[class.foxconnect.kr/fox/cls/clsView7a39.html]
[class.foxconnect.kr/contents/CLASS/THUMB/20241216/20241216125301516_thumb_1920x1080.jpg]
[class.foxconnect.kr/fox/cls/clsView2485.html]
[class.foxconnect.kr/contents/CLASS/THUMB/20241216/20241216125347082_thumb_1920x1080.jpg]
[class.foxconnect.kr/fox/cls/clsView021a.html]
[class.foxconnect.kr/contents/CLASS/THUMB/20241216/20241216125616258_thumb_1920x1080.jpg]
[class.foxconnect.kr/fox/cls/clsView01e7.html]
[class.foxconnect.kr/contents/CLASS/THUMB/20241216/20241216125720254_thumb_1920x1080.jpg]
[class.foxconnect.kr/fox/cls/clsView33ca.html]
[class.foxconnect.kr/contents/CLASS/THUMB/20241216/20241216125803080_thumb_1920x1080.jpg]
[class.foxconnect.kr/fox/cls/clsViewaa14.html]
[class.foxconnect.kr/contents/CLASS/THUMB/20241216/20241216125834060_thumb_1920x1080.jpg]
[class.foxconnect.kr/fox/cls/clsViewaa09.html]
[class.foxconnect.kr/contents/CLASS/THUMB/20241216/20241216125908375_thumb_1920x1080.jpg]
[class.foxconnect.kr/fox/cls/clsViewe048.html]
[class.foxconnect.kr/contents/CLASS/THUMB/20241216/20241216125938964_thumb_1920x1080.jpg]
[class.foxconnect.kr/fox/cls/clsView5615.html]
[class.foxconnect.kr/contents/CLASS/THUMB/20241216/20241216010008393_thumb_1920x1080.jpg]
[class.foxconnect.kr/fox/cls/clsView188b.html]
[class.foxconnect.kr/contents/CLASS/THUMB/20241216/20241216010036517_thumb_1920x1080.jpg]
[class.foxconnect.kr/fox/cls/clsViewcfe0.html]
[class.foxconnect.kr/contents/CLASS/THUMB/20241216/20241216010112952_thumb_1920x1080.jpg]
[class.foxconnect.kr/fox/cls/clsViewfa82.html]
[class.foxconnect.kr/contents/CLASS/THUMB/20241216/20241216010143819_thumb_1920x1080.jpg]
[class.foxconnect.kr/fox/cls/clsView76e0.html]
[class.foxconnect.kr/contents/CLASS/THUMB/20241216/20241216010211548_thumb_1920x1080.jpg]
[class.foxconnect.kr/fox/cls/clsView3613.html]
[class.foxconnect.kr/contents/CLASS/THUMB/20241216/20241216010244892_thumb_1920x1080.jpg]
[class.foxconnect.kr/fox/cls/clsView146f.html]
[class.foxconnect.kr/contents/CLASS/THUMB/20241216/20241216010315810_thumb_1920x1080.jpg]
[class.foxconnect.kr/fox/cls/clsView8c16.html]
[class.foxconnect.kr/contents/CLASS/THUMB/20241216/20241216010345387_thumb_1920x1080.jpg]
[class.foxconnect.kr/fox/cls/clsViewb706.html]
[class.foxconnect.kr/contents/CLASS/THUMB/20241216/20241216010417933_thumb_1920x1080.jpg]
[class.foxconnect.kr/fox/cls/clsView1b62.html]
[class.foxconnect.kr/fox/cls/globalSearchbbc1.html]
[class.foxconnect.kr/contents/CLASS/THUMB/20241216/20241216010450060_thumb_1920x1080.jpg]
[class.foxconnect.kr/fox/cls/clsViewccbb.html]
[class.foxconnect.kr/contents/CLASS/THUMB/20241216/20241216010519977_thumb_1920x1080.jpg]
[class.foxconnect.kr/fox/cls/clsView29af.html]
[class.foxconnect.kr/contents/CLASS/THUMB/20241216/20241216010549411_thumb_1920x1080.jpg]
[class.foxconnect.kr/fox/cls/clsView240e.html]
[class.foxconnect.kr/contents/CLASS/THUMB/20241216/20241216010619347_thumb_1920x1080.jpg]
[class.foxconnect.kr/fox/cls/clsView29f7-2.html]
[class.foxconnect.kr/contents/CLASS/THUMB/20241216/20241216010649547_thumb_1920x1080.jpg]
[class.foxconnect.kr/fox/cls/clsView13c7.html]
[class.foxconnect.kr/contents/CLASS/THUMB/20241216/20241216010723243_thumb_1920x1080.jpg]
[class.foxconnect.kr/fox/cls/clsViewf4b7.html]
[class.foxconnect.kr/contents/CLASS/THUMB/20241216/20241216012310555_thumb_1920x1080.jpg]
[class.foxconnect.kr/fox/cls/clsViewecfd.html]
[class.foxconnect.kr/contents/CLASS/THUMB/20241216/20241216012343780_thumb_1920x1080.jpg]
[class.foxconnect.kr/fox/cls/clsView313c.html]
[class.foxconnect.kr/contents/CLASS/THUMB/20241216/20241216012558946_thumb_1920x1080.jpg]
[class.foxconnect.kr/fox/cls/clsView14f1.html]
[class.foxconnect.kr/contents/CLASS/THUMB/20241216/20241216012633022_thumb_1920x1080.jpg]
[class.foxconnect.kr/fox/cls/clsView6fc4.html]
[class.foxconnect.kr/contents/CLASS/THUMB/20241216/20241216012855146_thumb_1920x1080.jpg]
[class.foxconnect.kr/fox/cls/clsView926a.html]
[class.foxconnect.kr/contents/CLASS/THUMB/20241216/20241216013757882_thumb_1920x1080.jpg]
[class.foxconnect.kr/fox/cls/clsView223c.html]
[class.foxconnect.kr/contents/CLASS/THUMB/20241216/20241216013828960_thumb_1920x1080.jpg]
[class.foxconnect.kr/fox/cls/clsView2527.html]
[class.foxconnect.kr/contents/CLASS/THUMB/20241216/20241216013857934_thumb_1920x1080.jpg]
[class.foxconnect.kr/fox/cls/clsView6450.html]
[class.foxconnect.kr/contents/CLASS/THUMB/20241216/20241216014114052_thumb_1920x1080.jpg]
[class.foxconnect.kr/fox/cls/clsView13f7.html]
[class.foxconnect.kr/contents/CLASS/THUMB/20241216/20241216014159443_thumb_1920x1080.jpg]
[class.foxconnect.kr/fox/cls/clsViewdb28.html]
[class.foxconnect.kr/contents/CLASS/THUMB/20241216/20241216014545695_thumb_1920x1080.jpg]
[class.foxconnect.kr/fox/cls/clsView3df0.html]
[class.foxconnect.kr/contents/CLASS/THUMB/20241216/20241216014618671_thumb_1920x1080.jpg]
[class.foxconnect.kr/fox/cls/clsView1839.html]
[class.foxconnect.kr/contents/CLASS/THUMB/20241216/20241216014648846_thumb_1920x1080.jpg]
[class.foxconnect.kr/fox/cls/clsView3567.html]
[class.foxconnect.kr/contents/CLASS/THUMB/20241216/20241216014834292_thumb_1920x1080.jpg]
[class.foxconnect.kr/fox/cls/clsView262f.html]
[class.foxconnect.kr/contents/CLASS/THUMB/20241216/20241216015037469_thumb_1920x1080.jpg]
[class.foxconnect.kr/fox/cls/globalSearch7338.html]
[class.foxconnect.kr/fox/cls/globalSearch198e.html]
[class.foxconnect.kr/fox/cls/globalSearch5911.html]
[class.foxconnect.kr/fox/cls/globalSearch6eaf.html]
[class.foxconnect.kr/fox/cls/globalSearch0103.html]
[class.foxconnect.kr/fox/cls/globalSearch7203.html]
[class.foxconnect.kr/fox/cls/globalSearch7d07.html]
[class.foxconnect.kr/fox/cls/globalSearch0647.html]
[class.foxconnect.kr/fox/cls/globalSearch7d55.html]
[class.foxconnect.kr/fox/cls/globalSearch13e5.html]
[class.foxconnect.kr/fox/cls/globalSearche3c7.html]
[class.foxconnect.kr/fox/cls/clsView1685.html]
[class.foxconnect.kr/fox/cls/clsView0390.html]
[class.foxconnect.kr/fox/cls/clsViewbfdf.html]
[class.foxconnect.kr/fox/cls/clsView777c.html]
[class.foxconnect.kr/fox/cls/clsView06e5.html]
[class.foxconnect.kr/fox/cls/clsView674d.html]
[class.foxconnect.kr/fox/cls/clsView6f5d.html]
[class.foxconnect.kr/fox/cls/clsView7b90.html]
[class.foxconnect.kr/fox/cls/clsView692e.html]
[class.foxconnect.kr/fox/cls/clsViewa03d.html]
[class.foxconnect.kr/fox/cls/clsView890e.html]
[class.foxconnect.kr/fox/cls/clsView85bc.html]
[class.foxconnect.kr/fox/cls/clsView26e7.html]
[class.foxconnect.kr/fox/cls/clsView9cad.html]
[class.foxconnect.kr/fox/cls/clsView21ac.html]
[class.foxconnect.kr/fox/cls/clsView54f4.html]
[class.foxconnect.kr/fox/cls/clsView46ae.html]
[class.foxconnect.kr/fox/cls/clsViewd576.html]
[class.foxconnect.kr/fox/cls/clsView1664.html]
[class.foxconnect.kr/fox/cls/clsView23aa.html]
[class.foxconnect.kr/fox/cls/clsView4708.html]
[class.foxconnect.kr/contents/CLASS/THUMB/20241218/20241218035540875_thumb_1920x1080.jpg]
[class.foxconnect.kr/fox/cls/clsViewb944.html]
[class.foxconnect.kr/contents/CLASS/THUMB/20241218/20241218035606988_thumb_1920x1080.jpg]
[class.foxconnect.kr/fox/cls/clsView683b.html]
[class.foxconnect.kr/contents/CLASS/THUMB/20241218/20241218035636277_thumb_1920x1080.jpg]
[class.foxconnect.kr/fox/cls/clsView9ca8.html]
[class.foxconnect.kr/contents/CLASS/THUMB/20241218/20241218035810941_thumb_1920x1080.jpg]
[class.foxconnect.kr/fox/cls/clsViewa67d.html]
[class.foxconnect.kr/contents/CLASS/THUMB/20241218/20241218035837614_thumb_1920x1080.jpg]
[class.foxconnect.kr/fox/cls/clsView8aa9.html]
[class.foxconnect.kr/contents/CLASS/THUMB/20241218/20241218035904535_thumb_1920x1080.jpg]
[class.foxconnect.kr/fox/cls/clsViewf97f.html]
[class.foxconnect.kr/contents/CLASS/THUMB/20241218/20241218035933389_thumb_1920x1080.jpg]
[class.foxconnect.kr/fox/cls/clsView21cc.html]
[class.foxconnect.kr/contents/CLASS/THUMB/20241218/20241218035959199_thumb_1920x1080.jpg]
[class.foxconnect.kr/fox/cls/clsViewb655-2.html]
[class.foxconnect.kr/contents/CLASS/THUMB/20241218/20241218040026472_thumb_1920x1080.jpg]
[class.foxconnect.kr/fox/cls/clsViewec44.html]
[class.foxconnect.kr/contents/CLASS/THUMB/20241218/20241218040103556_thumb_1920x1080.jpg]
[class.foxconnect.kr/fox/cls/clsView814e.html]
[class.foxconnect.kr/contents/CLASS/THUMB/20241218/20241218040202497_thumb_1920x1080.jpg]
[class.foxconnect.kr/fox/cls/clsView4389.html]
[class.foxconnect.kr/contents/CLASS/THUMB/20241218/20241218040426606_thumb_1920x1080.jpg]
[class.foxconnect.kr/fox/cls/clsViewfb8f.html]
[class.foxconnect.kr/contents/CLASS/THUMB/20241218/20241218040455006_thumb_1920x1080.jpg]
[class.foxconnect.kr/fox/cls/clsView6b0c.html]
[class.foxconnect.kr/contents/CLASS/THUMB/20241218/20241218040527815_thumb_1920x1080.jpg]
[class.foxconnect.kr/fox/cls/clsViewdd8e.html]
[class.foxconnect.kr/contents/CLASS/THUMB/20241218/20241218040555961_thumb_1920x1080.jpg]
[class.foxconnect.kr/fox/cls/clsViewefff.html]
[class.foxconnect.kr/contents/CLASS/THUMB/20241218/20241218040623936_thumb_1920x1080.jpg]
[class.foxconnect.kr/fox/cls/clsViewd6e1.html]
[class.foxconnect.kr/contents/CLASS/THUMB/20241218/20241218040655771_thumb_1920x1080.jpg]
[class.foxconnect.kr/fox/cls/clsView834c.html]
[class.foxconnect.kr/contents/CLASS/THUMB/20241218/20241218040724409_thumb_1920x1080.jpg]
[class.foxconnect.kr/fox/cls/clsView0505.html]
[class.foxconnect.kr/contents/CLASS/THUMB/20241218/20241218040750061_thumb_1920x1080.jpg]
[class.foxconnect.kr/fox/cls/clsView5976.html]
[class.foxconnect.kr/contents/CLASS/THUMB/20241218/20241218040817225_thumb_1920x1080.jpg]
[class.foxconnect.kr/fox/cls/globalSearch5813.html]
[class.foxconnect.kr/fox/cls/globalSearchd101.html]
[class.foxconnect.kr/fox/cls/globalSearch4fba.html]
[class.foxconnect.kr/fox/cls/globalSearche8fd.html]
[class.foxconnect.kr/fox/cls/globalSearch7b49.html]
[class.foxconnect.kr/fox/cls/globalSearch0550.html]
[class.foxconnect.kr/fox/cls/globalSearch6e8c.html]
[class.foxconnect.kr/fox/cls/globalSearch1d29.html]
[class.foxconnect.kr/fox/cls/globalSearch1fac.html]
[class.foxconnect.kr/fox/cls/globalSearch8137.html]
[class.foxconnect.kr/fox/cls/globalSearch3a09.html]
[class.foxconnect.kr/fox/cls/clsView16e7.html]
[class.foxconnect.kr/contents/CLASS/THUMB/20241218/20241218040845488_thumb_1920x1080.jpg]
[class.foxconnect.kr/fox/cls/clsView6ef1.html]
[class.foxconnect.kr/contents/CLASS/THUMB/20241218/20241218040911383_thumb_1920x1080.jpg]
[class.foxconnect.kr/fox/cls/clsViewbae9.html]
[class.foxconnect.kr/contents/CLASS/THUMB/20241218/20241218040943219_thumb_1920x1080.jpg]
[class.foxconnect.kr/fox/cls/clsViewf0a5.html]
[class.foxconnect.kr/fox/cls/globalSearche64f.html]
[class.foxconnect.kr/contents/CLASS/THUMB/20241218/20241218041011070_thumb_1920x1080.jpg]
[class.foxconnect.kr/fox/cls/clsView6f34.html]
[class.foxconnect.kr/contents/CLASS/THUMB/20240503/20240503094055262_thumb_1920x1080.jpg]
[class.foxconnect.kr/fox/cls/clsView4893.html]
[class.foxconnect.kr/contents/CLASS/THUMB/20231201/20231201095152548_thumb_1920x1080.jpg]
[class.foxconnect.kr/fox/cls/clsView773e.html]
[class.foxconnect.kr/contents/CLASS/THUMB/20231112/20231112084704266_thumb_1920x1080.jpg]
[class.foxconnect.kr/fox/cls/clsView1a54.html]
[class.foxconnect.kr/contents/CLASS/THUMB/20231112/20231112072036819_thumb_1920x1080.jpg]
[class.foxconnect.kr/fox/cls/clsView91c3.html]
[class.foxconnect.kr/contents/CLASS/THUMB/20231112/20231112070047120_thumb_1920x1080.jpg]
[class.foxconnect.kr/fox/cls/clsViewa795.html]
[class.foxconnect.kr/contents/CLASS/THUMB/20231201/20231201104717543_thumb_1920x1080.jpg]
[class.foxconnect.kr/fox/cls/clsViewc73b.html]
[class.foxconnect.kr/contents/CLASS/THUMB/20231112/20231112045059351_thumb_1920x1080.jpg]
[class.foxconnect.kr/fox/cls/clsViewa21a.html]
[class.foxconnect.kr/contents/CLASS/THUMB/20231028/20231028112734046_thumb_1920x1080.jpg]
[class.foxconnect.kr/fox/cls/clsView2131.html]
[class.foxconnect.kr/contents/CLASS/THUMB/20231028/20231028111824209_thumb_1920x1080.jpg]
[class.foxconnect.kr/fox/cls/clsViewb280.html]
[class.foxconnect.kr/fox/cls/globalSearch1a83.html]
[class.foxconnect.kr/contents/CLASS/THUMB/20231027/20231027111621270_thumb_1920x1080.jpg]
[class.foxconnect.kr/fox/cls/clsView4e67-2.html]
[class.foxconnect.kr/contents/CLASS/THUMB/20240326/20240326094432317_thumb_1920x1080.jpg]
[class.foxconnect.kr/fox/cls/clsView1e12.html]
[class.foxconnect.kr/contents/CLASS/THUMB/20231027/20231027093246220_thumb_1920x1080.jpg]
[class.foxconnect.kr/fox/cls/clsViewbcf9.html]
[class.foxconnect.kr/contents/CLASS/THUMB/20231201/20231201101812568_thumb_1920x1080.jpg]
[class.foxconnect.kr/fox/cls/clsViewb318.html]
[class.foxconnect.kr/contents/CLASS/THUMB/20231004/20231004121144626_thumb_1920x1080.jpg]
[class.foxconnect.kr/fox/cls/clsViewf8fd.html]
[class.foxconnect.kr/contents/CLASS/THUMB/20231004/20231004104645986_thumb_1920x1080.jpg]
[class.foxconnect.kr/fox/cls/clsViewa945.html]
[class.foxconnect.kr/contents/CLASS/THUMB/20240320/20240320032401873_thumb_1920x1080.jpg]
[class.foxconnect.kr/fox/cls/clsView3045.html]
[class.foxconnect.kr/contents/CLASS/THUMB/20231004/20231004082652536_thumb_1920x1080.jpg]
[class.foxconnect.kr/fox/cls/clsView3923.html]
[class.foxconnect.kr/contents/CLASS/THUMB/20231202/20231202030848451_thumb_1920x1080.jpg]
[class.foxconnect.kr/fox/cls/clsViewccee.html]
[class.foxconnect.kr/contents/CLASS/THUMB/20230901/20230901105938995_thumb_1920x1080.jpg]
[class.foxconnect.kr/fox/cls/clsViewe668.html]
[class.foxconnect.kr/contents/CLASS/THUMB/20240320/20240320022447550_thumb_1920x1080.jpg]
[class.foxconnect.kr/fox/cls/clsViewa8e1.html]
[class.foxconnect.kr/contents/CLASS/THUMB/20230901/20230901103918383_thumb_1920x1080.jpg]
[class.foxconnect.kr/fox/cls/clsView4c5e-2.html]
[class.foxconnect.kr/contents/CLASS/THUMB/20230901/20230901094358746_thumb_1920x1080.jpg]
[class.foxconnect.kr/fox/cls/clsViewe281.html]
[class.foxconnect.kr/contents/CLASS/THUMB/20240320/20240320022015741_thumb_1920x1080.jpg]
[class.foxconnect.kr/fox/cls/clsView37dc.html]
[class.foxconnect.kr/fox/cls/globalSearchc4f5.html]
[class.foxconnect.kr/contents/CLASS/THUMB/20230901/20230901093136443_thumb_1920x1080.jpg]
[class.foxconnect.kr/fox/cls/clsViewc356.html]
[class.foxconnect.kr/contents/CLASS/THUMB/20230830/20230830055155430_thumb_1920x1080.jpg]
[class.foxconnect.kr/fox/cls/clsView6e08.html]
[class.foxconnect.kr/contents/CLASS/THUMB/20230707/20230707105415905_thumb_1920x1080.jpg]
[class.foxconnect.kr/fox/cls/clsViewea19.html]
[class.foxconnect.kr/contents/CLASS/THUMB/20230628/20230628054158879_thumb_1920x1080.jpg]
[class.foxconnect.kr/fox/cls/clsViewea59.html]
[class.foxconnect.kr/contents/CLASS/THUMB/20230627/20230627054143200_thumb_1920x1080.jpg]
[class.foxconnect.kr/fox/cls/clsView94aa.html]
[class.foxconnect.kr/contents/CLASS/THUMB/20240320/20240320020140355_thumb_1920x1080.jpg]
[class.foxconnect.kr/fox/cls/clsViewa3d2.html]
[class.foxconnect.kr/contents/CLASS/THUMB/20240801/20240801015533646_thumb_1920x1080.jpg]
[class.foxconnect.kr/fox/cls/clsView1019-2.html]
[class.foxconnect.kr/contents/CLASS/THUMB/20240801/20240801054738076_thumb_1920x1080.jpg]
[class.foxconnect.kr/fox/cls/clsViewcb7a.html]
[class.foxconnect.kr/contents/CLASS/THUMB/20240801/20240801055324188_thumb_1920x1080.jpg]
[class.foxconnect.kr/fox/cls/clsViewded3.html]
[class.foxconnect.kr/contents/CLASS/THUMB/20240801/20240801055613671_thumb_1920x1080.jpg]
[class.foxconnect.kr/fox/cls/clsViewbdbf.html]
[class.foxconnect.kr/contents/CLASS/THUMB/20240801/20240801055920647_thumb_1920x1080.jpg]
[class.foxconnect.kr/fox/cls/clsView3175.html]
[class.foxconnect.kr/contents/CLASS/THUMB/20240802/20240802010227085_thumb_1920x1080.jpg]
[class.foxconnect.kr/fox/cls/clsView64a9.html]
[class.foxconnect.kr/contents/CLASS/THUMB/20240802/20240802011954568_thumb_1920x1080.jpg]
[class.foxconnect.kr/fox/cls/clsView219c.html]
[class.foxconnect.kr/contents/CLASS/THUMB/20240802/20240802014602126_thumb_1920x1080.jpg]
[class.foxconnect.kr/fox/cls/clsView741c.html]
[class.foxconnect.kr/contents/CLASS/THUMB/20240802/20240802021119073_thumb_1920x1080.jpg]
[class.foxconnect.kr/fox/cls/clsViewd2c6.html]
[class.foxconnect.kr/contents/CLASS/THUMB/20240802/20240802021623518_thumb_1920x1080.jpg]
[class.foxconnect.kr/fox/cls/clsViewaaaf.html]
[class.foxconnect.kr/fox/cls/globalSearchaa86.html]
[class.foxconnect.kr/contents/CLASS/THUMB/20241212/20241212124905837_thumb_1920x1080.jpg]
[class.foxconnect.kr/fox/cls/clsViewec6d.html]
[class.foxconnect.kr/contents/CLASS/THUMB/20241212/20241212125654548_thumb_1920x1080.jpg]
[class.foxconnect.kr/fox/cls/clsViewf626.html]
[class.foxconnect.kr/contents/CLASS/THUMB/20241212/20241212125748222_thumb_1920x1080.jpg]
[class.foxconnect.kr/fox/cls/clsViewc88a.html]
[class.foxconnect.kr/contents/CLASS/THUMB/20241212/20241212125835928_thumb_1920x1080.jpg]
[class.foxconnect.kr/fox/cls/clsView566d.html]
[class.foxconnect.kr/contents/CLASS/THUMB/20241212/20241212125916768_thumb_1920x1080.jpg]
[class.foxconnect.kr/fox/cls/clsView2b24.html]
[class.foxconnect.kr/contents/CLASS/THUMB/20241212/20241212125956524_thumb_1920x1080.jpg]
[class.foxconnect.kr/fox/cls/clsView46b3.html]
[class.foxconnect.kr/contents/CLASS/THUMB/20241212/20241212010155115_thumb_1920x1080.jpg]
[class.foxconnect.kr/fox/cls/clsViewdd9b.html]
[class.foxconnect.kr/contents/CLASS/THUMB/20241212/20241212010423045_thumb_1920x1080.jpg]
[class.foxconnect.kr/fox/cls/clsView65d0.html]
[class.foxconnect.kr/contents/CLASS/THUMB/20241212/20241212010520158_thumb_1920x1080.jpg]
[class.foxconnect.kr/fox/cls/clsView585b.html]
[class.foxconnect.kr/contents/CLASS/THUMB/20241212/20241212010644976_thumb_1920x1080.jpg]
[class.foxconnect.kr/fox/cls/clsView1195.html]
[class.foxconnect.kr/contents/CLASS/THUMB/20241212/20241212010730869_thumb_1920x1080.jpg]
[class.foxconnect.kr/fox/cls/clsView90c6.html]
[class.foxconnect.kr/contents/CLASS/THUMB/20241212/20241212010816737_thumb_1920x1080.jpg]
[class.foxconnect.kr/fox/cls/clsViewd2f1.html]
[class.foxconnect.kr/contents/CLASS/THUMB/20241212/20241212010942084_thumb_1920x1080.jpg]
[class.foxconnect.kr/fox/cls/clsView0bea.html]
[class.foxconnect.kr/contents/CLASS/THUMB/20241212/20241212011158782_thumb_1920x1080.jpg]
[class.foxconnect.kr/fox/cls/clsView8261.html]
[class.foxconnect.kr/contents/CLASS/THUMB/20241212/20241212011252407_thumb_1920x1080.jpg]
[class.foxconnect.kr/fox/cls/clsView4e0d.html]
[class.foxconnect.kr/contents/CLASS/THUMB/20241212/20241212011428978_thumb_1920x1080.jpg]
[class.foxconnect.kr/fox/cls/clsView7241.html]
[class.foxconnect.kr/contents/CLASS/THUMB/20241212/20241212011544370_thumb_1920x1080.jpg]
[class.foxconnect.kr/fox/cls/clsViewd8f5.html]
[class.foxconnect.kr/contents/CLASS/THUMB/20241212/20241212011626439_thumb_1920x1080.jpg]
[class.foxconnect.kr/fox/cls/clsView99d3.html]
[class.foxconnect.kr/contents/CLASS/THUMB/20241212/20241212011714212_thumb_1920x1080.jpg]
[class.foxconnect.kr/fox/cls/clsView5ecb.html]
[class.foxconnect.kr/contents/CLASS/THUMB/20241212/20241212011958142_thumb_1920x1080.jpg]
[class.foxconnect.kr/fox/cls/clsViewfb4b-2.html]
[class.foxconnect.kr/fox/cls/globalSearch4b0e.html]
[class.foxconnect.kr/contents/CLASS/THUMB/20241212/20241212012619747_thumb_1920x1080.jpg]
[class.foxconnect.kr/fox/cls/clsViewf5f6.html]
[class.foxconnect.kr/contents/CLASS/THUMB/20241212/20241212012757022_thumb_1920x1080.jpg]
[class.foxconnect.kr/fox/cls/clsView1501.html]
[class.foxconnect.kr/contents/CLASS/THUMB/20241212/20241212013107795_thumb_1920x1080.jpg]
[class.foxconnect.kr/fox/cls/clsView8087.html]
[class.foxconnect.kr/contents/CLASS/THUMB/20241212/20241212013254408_thumb_1920x1080.jpg]
[class.foxconnect.kr/fox/cls/clsView9526.html]
[class.foxconnect.kr/contents/CLASS/THUMB/20241212/20241212013536696_thumb_1920x1080.jpg]
[class.foxconnect.kr/fox/cls/clsView20ff.html]
[class.foxconnect.kr/contents/CLASS/THUMB/20241212/20241212013722637_thumb_1920x1080.jpg]
[class.foxconnect.kr/fox/cls/clsView07a7.html]
[class.foxconnect.kr/contents/CLASS/THUMB/20241212/20241212014036715_thumb_1920x1080.jpg]
[class.foxconnect.kr/fox/cls/clsView7469.html]
[class.foxconnect.kr/contents/CLASS/THUMB/20241212/20241212015928760_thumb_1920x1080.jpg]
[class.foxconnect.kr/fox/cls/clsViewfa2c.html]
[class.foxconnect.kr/contents/CLASS/THUMB/20241212/20241212020643068_thumb_1920x1080.jpg]
[class.foxconnect.kr/fox/cls/clsViewc785.html]
[class.foxconnect.kr/contents/CLASS/THUMB/20241212/20241212020747968_thumb_1920x1080.jpg]
[class.foxconnect.kr/fox/cls/clsView47d5.html]
[class.foxconnect.kr/contents/CLASS/THUMB/20241212/20241212022010125_thumb_1920x1080.jpg]
[class.foxconnect.kr/fox/cls/clsView78fe.html]
[class.foxconnect.kr/contents/CLASS/THUMB/20241212/20241212022120838_thumb_1920x1080.jpg]
[class.foxconnect.kr/fox/cls/clsView02a3.html]
[class.foxconnect.kr/contents/CLASS/THUMB/20241212/20241212022228872_thumb_1920x1080.jpg]
[class.foxconnect.kr/fox/cls/clsViewdc6c.html]
[class.foxconnect.kr/contents/CLASS/THUMB/20241212/20241212022351599_thumb_1920x1080.jpg]
[class.foxconnect.kr/fox/cls/clsViewba16.html]
[class.foxconnect.kr/contents/CLASS/THUMB/20241212/20241212022509090_thumb_1920x1080.jpg]
[class.foxconnect.kr/fox/cls/clsView76bc.html]
[class.foxconnect.kr/contents/CLASS/THUMB/20241212/20241212022558139_thumb_1920x1080.jpg]
[class.foxconnect.kr/fox/cls/clsView20f5.html]
[class.foxconnect.kr/contents/CLASS/THUMB/20241212/20241212022704206_thumb_1920x1080.jpg]
[class.foxconnect.kr/fox/cls/clsView7036.html]
[class.foxconnect.kr/contents/CLASS/THUMB/20241212/20241212022803405_thumb_1920x1080.jpg]
[class.foxconnect.kr/fox/cls/clsViewd7be.html]
[class.foxconnect.kr/contents/CLASS/THUMB/20241212/20241212023535013_thumb_1920x1080.jpg]
[class.foxconnect.kr/fox/cls/clsView98dc.html]
[class.foxconnect.kr/contents/CLASS/THUMB/20241212/20241212023756404_thumb_1920x1080.jpg]
[class.foxconnect.kr/fox/cls/clsView24bb.html]
[class.foxconnect.kr/fox/cls/globalSearchaa02.html]
[class.foxconnect.kr/contents/CLASS/THUMB/20241212/20241212024052718_thumb_1920x1080.jpg]
[class.foxconnect.kr/fox/cls/clsView680c.html]
[class.foxconnect.kr/contents/CLASS/THUMB/20241212/20241212025033890_thumb_1920x1080.jpg]
[class.foxconnect.kr/fox/cls/clsViewa447-2.html]
[class.foxconnect.kr/contents/CLASS/THUMB/20241212/20241212025508777_thumb_1920x1080.jpg]
[class.foxconnect.kr/fox/cls/clsView8e6f.html]
[class.foxconnect.kr/contents/CLASS/THUMB/20241212/20241212025607012_thumb_1920x1080.jpg]
[class.foxconnect.kr/fox/cls/clsView2cf3.html]
[class.foxconnect.kr/contents/CLASS/THUMB/20241212/20241212025714834_thumb_1920x1080.jpg]
[class.foxconnect.kr/fox/cls/clsView8a4d-2.html]
[class.foxconnect.kr/contents/CLASS/THUMB/20241212/20241212025812781_thumb_1920x1080.jpg]
[class.foxconnect.kr/fox/cls/clsViewb879.html]
[class.foxconnect.kr/contents/CLASS/THUMB/20241212/20241212031428063_thumb_1920x1080.jpg]
[class.foxconnect.kr/fox/cls/clsView02c3.html]
[class.foxconnect.kr/contents/CLASS/THUMB/20241212/20241212035108371_thumb_1920x1080.jpg]
[class.foxconnect.kr/fox/cls/clsView79b9.html]
[class.foxconnect.kr/contents/CLASS/THUMB/20241212/20241212035558390_thumb_1920x1080.jpg]
[class.foxconnect.kr/fox/cls/clsViewd774.html]
[class.foxconnect.kr/contents/CLASS/THUMB/20241212/20241212035821740_thumb_1920x1080.jpg]
[class.foxconnect.kr/fox/cls/clsViewa093.html]
[class.foxconnect.kr/contents/CLASS/THUMB/20241212/20241212040042177_thumb_1920x1080.jpg]
[class.foxconnect.kr/fox/cls/clsView895a.html]
[class.foxconnect.kr/contents/CLASS/THUMB/20241212/20241212040216516_thumb_1920x1080.jpg]
[class.foxconnect.kr/fox/cls/clsView5e39.html]
[class.foxconnect.kr/contents/CLASS/THUMB/20241212/20241212040843417_thumb_1920x1080.jpg]
[class.foxconnect.kr/fox/cls/clsView940b.html]
[class.foxconnect.kr/fox/cls/globalSearch06e6.html]
[class.foxconnect.kr/contents/CLASS/THUMB/20241212/20241212041739349_thumb_1920x1080.jpg]
[class.foxconnect.kr/fox/cls/clsViewda13.html]
[class.foxconnect.kr/contents/CLASS/THUMB/20241212/20241212042833525_thumb_1920x1080.jpg]
[class.foxconnect.kr/fox/cls/clsView22db.html]
[class.foxconnect.kr/contents/CLASS/THUMB/20241212/20241212043225622_thumb_1920x1080.jpg]
[class.foxconnect.kr/fox/cls/clsViewfd46.html]
[class.foxconnect.kr/contents/CLASS/THUMB/20241212/20241212043422902_thumb_1920x1080.jpg]
[class.foxconnect.kr/fox/cls/clsView6656.html]
[class.foxconnect.kr/contents/CLASS/THUMB/20241212/20241212043607042_thumb_1920x1080.jpg]
[class.foxconnect.kr/fox/cls/clsView75f7.html]
[class.foxconnect.kr/contents/CLASS/THUMB/20241212/20241212050028592_thumb_1920x1080.jpg]
[class.foxconnect.kr/fox/cls/clsView68a6.html]
[class.foxconnect.kr/contents/CLASS/THUMB/20241212/20241212050209658_thumb_1920x1080.jpg]
[class.foxconnect.kr/fox/cls/clsViewf29f.html]
[class.foxconnect.kr/contents/CLASS/THUMB/20241212/20241212050520762_thumb_1920x1080.jpg]
[class.foxconnect.kr/fox/cls/clsViewd788.html]
[class.foxconnect.kr/contents/CLASS/THUMB/20241212/20241212050706291_thumb_1920x1080.jpg]
[class.foxconnect.kr/fox/cls/clsViewd6f8.html]
[class.foxconnect.kr/contents/CLASS/THUMB/20241212/20241212050913389_thumb_1920x1080.jpg]
[class.foxconnect.kr/fox/cls/clsViewb894-2.html]
[class.foxconnect.kr/contents/CLASS/THUMB/20241212/20241212051220069_thumb_1920x1080.jpg]
[class.foxconnect.kr/fox/cls/clsViewc977.html]
[class.foxconnect.kr/contents/CLASS/THUMB/20241212/20241212051257452_thumb_1920x1080.jpg]
[class.foxconnect.kr/fox/cls/clsView3faa.html]
[class.foxconnect.kr/contents/CLASS/THUMB/20241212/20241212051738382_thumb_1920x1080.jpg]
[class.foxconnect.kr/fox/cls/clsView0b36.html]
[class.foxconnect.kr/contents/CLASS/THUMB/20241212/20241212051847469_thumb_1920x1080.jpg]
[class.foxconnect.kr/fox/cls/clsView3468.html]
[class.foxconnect.kr/contents/CLASS/THUMB/20241212/20241212051925645_thumb_1920x1080.jpg]
[class.foxconnect.kr/fox/cls/clsViewbdc2.html]
[class.foxconnect.kr/contents/CLASS/THUMB/20241212/20241212053552780_thumb_1920x1080.jpg]
[class.foxconnect.kr/fox/cls/clsViewecc3.html]
[class.foxconnect.kr/contents/CLASS/THUMB/20241212/20241212054255982_thumb_1920x1080.jpg]
[class.foxconnect.kr/fox/cls/clsView0cea.html]
[class.foxconnect.kr/fox/cls/globalSearcha698.html]
[class.foxconnect.kr/contents/CLASS/THUMB/20241212/20241212054431573_thumb_1920x1080.jpg]
[class.foxconnect.kr/fox/cls/clsViewd73c.html]
[class.foxconnect.kr/contents/CLASS/THUMB/20241212/20241212054836887_thumb_1920x1080.jpg]
[class.foxconnect.kr/fox/cls/clsViewb64b.html]
[class.foxconnect.kr/contents/CLASS/THUMB/20241213/20241213093021679_thumb_1920x1080.jpg]
[class.foxconnect.kr/fox/cls/clsViewdfca.html]
[class.foxconnect.kr/contents/CLASS/THUMB/20241213/20241213093131613_thumb_1920x1080.jpg]
[class.foxconnect.kr/fox/cls/clsView7661.html]
[class.foxconnect.kr/contents/CLASS/THUMB/20241213/20241213093254383_thumb_1920x1080.jpg]
[class.foxconnect.kr/fox/cls/clsViewc426.html]
[class.foxconnect.kr/contents/CLASS/THUMB/20241213/20241213093450044_thumb_1920x1080.jpg]
[class.foxconnect.kr/fox/cls/clsViewfca8.html]
[class.foxconnect.kr/contents/CLASS/THUMB/20241213/20241213095228977_thumb_1920x1080.jpg]
[class.foxconnect.kr/fox/cls/clsView3616.html]
[class.foxconnect.kr/contents/CLASS/THUMB/20241213/20241213095446988_thumb_1920x1080.jpg]
[class.foxconnect.kr/fox/cls/clsView179e.html]
[class.foxconnect.kr/contents/CLASS/THUMB/20241213/20241213101111933_thumb_1920x1080.jpg]
[class.foxconnect.kr/fox/cls/clsView8859.html]
[class.foxconnect.kr/contents/CLASS/THUMB/20241213/20241213101341809_thumb_1920x1080.jpg]
[class.foxconnect.kr/fox/cls/clsView2f5e.html]
[class.foxconnect.kr/contents/CLASS/THUMB/20241213/20241213101458221_thumb_1920x1080.jpg]
[class.foxconnect.kr/fox/cls/clsView004a-2.html]
[class.foxconnect.kr/contents/CLASS/THUMB/20241213/20241213101639856_thumb_1920x1080.jpg]
[class.foxconnect.kr/fox/cls/clsView1e6f.html]
[class.foxconnect.kr/contents/CLASS/THUMB/20241213/20241213101751946_thumb_1920x1080.jpg]
[class.foxconnect.kr/fox/cls/clsViewa473.html]
[class.foxconnect.kr/contents/CLASS/THUMB/20241213/20241213101917029_thumb_1920x1080.jpg]
[class.foxconnect.kr/fox/cls/clsView42fb.html]
[class.foxconnect.kr/contents/CLASS/THUMB/20241213/20241213102020960_thumb_1920x1080.jpg]
[class.foxconnect.kr/fox/cls/clsView0032.html]
[class.foxconnect.kr/contents/CLASS/THUMB/20241213/20241213102131920_thumb_1920x1080.jpg]
[class.foxconnect.kr/fox/cls/clsView3ed3.html]
[class.foxconnect.kr/contents/CLASS/THUMB/20241213/20241213102315622_thumb_1920x1080.jpg]
[class.foxconnect.kr/fox/cls/clsViewec3b.html]
[class.foxconnect.kr/contents/CLASS/THUMB/20241213/20241213102721319_thumb_1920x1080.jpg]
[class.foxconnect.kr/fox/cls/clsViewb0f7.html]
[class.foxconnect.kr/contents/CLASS/THUMB/20241213/20241213102828067_thumb_1920x1080.jpg]
[class.foxconnect.kr/fox/cls/clsView3b9d.html]
[class.foxconnect.kr/contents/CLASS/THUMB/20241213/20241213103055994_thumb_1920x1080.jpg]
[class.foxconnect.kr/fox/cls/clsViewd8c8.html]
[class.foxconnect.kr/fox/cls/globalSearchbf0f.html]
[class.foxconnect.kr/contents/CLASS/THUMB/20241213/20241213103144355_thumb_1920x1080.jpg]
[class.foxconnect.kr/fox/cls/clsView22df.html]
[class.foxconnect.kr/fox/cls/clsView8bff.html]
[class.foxconnect.kr/fox/cls/clsViewdad7.html]
[class.foxconnect.kr/fox/cls/clsViewddd3.html]
[class.foxconnect.kr/fox/cls/clsView860c.html]
[class.foxconnect.kr/fox/cls/clsView2b01.html]
[class.foxconnect.kr/fox/cls/clsViewd03e.html]
[class.foxconnect.kr/fox/cls/clsView94c7.html]
[class.foxconnect.kr/fox/cls/clsView5ee6.html]
[class.foxconnect.kr/fox/cls/clsView9645.html]
[class.foxconnect.kr/fox/cls/clsView1626.html]
[class.foxconnect.kr/fox/cls/clsViewb415.html]
[class.foxconnect.kr/fox/cls/clsView07b3.html]
[class.foxconnect.kr/fox/cls/clsViewa028.html]
[class.foxconnect.kr/fox/cls/clsView89d5.html]
[class.foxconnect.kr/fox/cls/clsView253e.html]
[class.foxconnect.kr/fox/cls/clsView2110.html]
[class.foxconnect.kr/fox/cls/clsView9252.html]
[class.foxconnect.kr/fox/cls/clsViewb89b.html]
[class.foxconnect.kr/fox/cls/clsView891d.html]
[class.foxconnect.kr/fox/cls/clsView4def-2.html]
[class.foxconnect.kr/fox/cls/clsViewab63.html]
[class.foxconnect.kr/fox/cls/clsViewb03a.html]
[class.foxconnect.kr/fox/cls/clsView4511.html]
[class.foxconnect.kr/fox/cls/clsViewf662-2.html]
[class.foxconnect.kr/fox/cls/clsView6190.html]
[class.foxconnect.kr/fox/cls/clsView2256.html]
[class.foxconnect.kr/fox/cls/clsView1a7b.html]
[class.foxconnect.kr/fox/cls/clsView7601.html]
[class.foxconnect.kr/fox/cls/clsViewd47d.html]
[class.foxconnect.kr/fox/cls/clsView8453.html]
[class.foxconnect.kr/fox/cls/clsViewc1d2.html]
[class.foxconnect.kr/fox/cls/clsView9af8.html]
[class.foxconnect.kr/fox/cls/clsView5a6a.html]
[class.foxconnect.kr/fox/cls/clsViewe7bd.html]
[class.foxconnect.kr/fox/cls/clsViewb57b.html]
[class.foxconnect.kr/fox/cls/clsView5564.html]
[class.foxconnect.kr/fox/cls/clsView139e.html]
[class.foxconnect.kr/fox/cls/clsView5d2c.html]
[class.foxconnect.kr/fox/cls/clsView4033.html]
[class.foxconnect.kr/fox/cls/clsView0867.html]
[class.foxconnect.kr/fox/cls/clsViewf8c9.html]
[class.foxconnect.kr/fox/cls/clsVieweebe.html]
[class.foxconnect.kr/fox/cls/clsViewb3d8.html]
[class.foxconnect.kr/fox/cls/clsViewb6f2.html]
[class.foxconnect.kr/fox/cls/clsView2168.html]
[class.foxconnect.kr/fox/cls/clsView01f1.html]
[class.foxconnect.kr/fox/cls/clsViewa187.html]
[class.foxconnect.kr/fox/cls/clsView564d.html]
[class.foxconnect.kr/fox/cls/clsView9310.html]
[class.foxconnect.kr/fox/cls/clsViewb5f9.html]
[class.foxconnect.kr/fox/cls/clsView5c4f.html]
[class.foxconnect.kr/fox/cls/clsViewd377.html]
[class.foxconnect.kr/fox/cls/clsVieweeca.html]
[class.foxconnect.kr/fox/cls/clsView2759-2.html]
[class.foxconnect.kr/fox/cls/clsView073b.html]
[class.foxconnect.kr/fox/cls/clsView8dc2.html]
[class.foxconnect.kr/fox/cls/clsView2c4a.html]
[class.foxconnect.kr/fox/cls/clsViewb22b.html]
[class.foxconnect.kr/fox/cls/clsView06de.html]
[class.foxconnect.kr/fox/cls/clsView71c6.html]
[class.foxconnect.kr/fox/cls/clsView109b.html]
[class.foxconnect.kr/fox/cls/clsView0587.html]
[class.foxconnect.kr/fox/cls/clsView6c7f.html]
[class.foxconnect.kr/fox/cls/clsView92d0.html]
[class.foxconnect.kr/fox/cls/clsViewb450.html]
[class.foxconnect.kr/fox/cls/clsViewb527.html]
[class.foxconnect.kr/fox/cls/clsView71c2.html]
[class.foxconnect.kr/fox/cls/clsViewf524.html]
[class.foxconnect.kr/fox/cls/clsView566e.html]
[class.foxconnect.kr/fox/cls/clsViewa0e2.html]
[class.foxconnect.kr/fox/cls/clsView3f18.html]
[class.foxconnect.kr/fox/cls/clsView335e.html]
[class.foxconnect.kr/fox/cls/clsView35c4.html]
[class.foxconnect.kr/fox/cls/clsView2c56.html]
[class.foxconnect.kr/fox/cls/clsViewb475.html]
[class.foxconnect.kr/fox/cls/clsViewd3d6.html]
[class.foxconnect.kr/fox/cls/clsViewc368.html]
[class.foxconnect.kr/fox/cls/clsView64f2.html]
[class.foxconnect.kr/fox/cls/clsView2bca.html]
[class.foxconnect.kr/fox/cls/clsViewb01a.html]
[class.foxconnect.kr/fox/cls/clsViewe47e.html]
[class.foxconnect.kr/fox/cls/clsView9913.html]
[class.foxconnect.kr/fox/cls/clsViewb255.html]
[class.foxconnect.kr/fox/cls/clsViewd873.html]
[class.foxconnect.kr/fox/cls/clsViewc4e7.html]
[class.foxconnect.kr/fox/cls/clsView8c33.html]
[class.foxconnect.kr/fox/cls/clsViewefeb.html]
[class.foxconnect.kr/fox/cls/clsViewe638.html]
[class.foxconnect.kr/fox/cls/clsView7ffb.html]
[class.foxconnect.kr/fox/cls/clsView7ec5.html]
[class.foxconnect.kr/fox/cls/clsView8089.html]
[class.foxconnect.kr/fox/cls/clsView9570.html]
[class.foxconnect.kr/fox/cls/clsViewf4a6.html]
[class.foxconnect.kr/fox/cls/clsView20f0.html]
[class.foxconnect.kr/fox/cls/clsViewa673.html]
[class.foxconnect.kr/fox/cls/clsView1eb5.html]
[class.foxconnect.kr/fox/cls/clsView053d.html]
[class.foxconnect.kr/fox/cls/clsView8002.html]
[class.foxconnect.kr/fox/cls/clsView774b.html]
[class.foxconnect.kr/fox/cls/clsView8cd3.html]
[class.foxconnect.kr/fox/cls/clsViewbbad.html]
[class.foxconnect.kr/fox/cls/clsView4c11.html]
[class.foxconnect.kr/fox/cls/clsViewe658.html]
[class.foxconnect.kr/fox/cls/clsViewc689.html]
[class.foxconnect.kr/fox/cls/clsView6b10.html]
[class.foxconnect.kr/fox/cls/clsView5e59.html]
[class.foxconnect.kr/fox/cls/clsView652d.html]
[class.foxconnect.kr/fox/cls/clsView99a9.html]
[class.foxconnect.kr/fox/cls/clsView8ab3.html]
[class.foxconnect.kr/fox/cls/clsView01a6.html]
[class.foxconnect.kr/fox/cls/clsView3f82.html]
[class.foxconnect.kr/fox/cls/clsView2bfd.html]
[class.foxconnect.kr/fox/cls/clsView80b1.html]
[class.foxconnect.kr/fox/cls/clsView9ae1.html]
[class.foxconnect.kr/fox/cls/clsView5be4.html]
[class.foxconnect.kr/fox/cls/clsViewb636.html]
[class.foxconnect.kr/fox/cls/clsView1dc8.html]
[class.foxconnect.kr/fox/cls/clsViewbe40-2.html]
[class.foxconnect.kr/fox/cls/clsView1a9f.html]
[class.foxconnect.kr/fox/cls/clsViewb0cf.html]
[class.foxconnect.kr/fox/cls/clsView909b.html]
[class.foxconnect.kr/fox/cls/clsViewcb8a.html]
[class.foxconnect.kr/fox/cls/clsViewfe6b.html]
[class.foxconnect.kr/fox/cls/clsViewf559.html]
[class.foxconnect.kr/fox/cls/clsView489c.html]
[class.foxconnect.kr/fox/cls/clsViewee05.html]
[class.foxconnect.kr/fox/cls/clsView58aa.html]
[class.foxconnect.kr/fox/cls/clsView7dca-2.html]
[class.foxconnect.kr/fox/cls/clsView9b0c.html]
[class.foxconnect.kr/fox/cls/clsViewe2f3.html]
[class.foxconnect.kr/fox/cls/clsView98e4.html]
[class.foxconnect.kr/fox/cls/clsViewbc85.html]
[class.foxconnect.kr/fox/cls/clsViewf06e.html]
[class.foxconnect.kr/fox/cls/clsView5fb8.html]
[class.foxconnect.kr/fox/cls/clsView0783.html]
[class.foxconnect.kr/fox/cls/clsViewb633.html]
[class.foxconnect.kr/fox/cls/clsView2304.html]
[class.foxconnect.kr/fox/cls/clsViewb7de.html]
[class.foxconnect.kr/fox/cls/clsViewd6fe.html]
[class.foxconnect.kr/fox/cls/clsView109b-2.html]
[class.foxconnect.kr/fox/cls/clsView5dfa.html]
[class.foxconnect.kr/fox/cls/clsView872a.html]
[class.foxconnect.kr/fox/cls/clsViewfe82-2.html]
[class.foxconnect.kr/fox/cls/clsView95a5.html]
[class.foxconnect.kr/fox/cls/clsViewcf7d.html]
[class.foxconnect.kr/fox/cls/clsView0848.html]
[class.foxconnect.kr/fox/cls/clsViewf938.html]
[class.foxconnect.kr/fox/cls/clsView23d4.html]
[class.foxconnect.kr/fox/cls/clsViewd0a8.html]
[class.foxconnect.kr/fox/cls/clsView1182.html]
[class.foxconnect.kr/fox/cls/clsView4995.html]
[class.foxconnect.kr/fox/cls/clsView31d7.html]
[class.foxconnect.kr/fox/cls/clsView1dba.html]
[class.foxconnect.kr/fox/cls/clsView7b7f.html]
[class.foxconnect.kr/fox/cls/clsView8623.html]
[class.foxconnect.kr/fox/cls/clsViewa2aa.html]
[class.foxconnect.kr/fox/cls/clsView7eb5.html]
[class.foxconnect.kr/fox/cls/clsViewad04-2.html]
[class.foxconnect.kr/fox/cls/clsViewa8a0.html]
[class.foxconnect.kr/fox/cls/clsView5e7d.html]
[class.foxconnect.kr/fox/cls/clsView6f6c.html]
[class.foxconnect.kr/fox/cls/clsView43cd.html]
[class.foxconnect.kr/fox/cls/clsView9da8.html]
[class.foxconnect.kr/fox/cls/clsViewe883.html]
[class.foxconnect.kr/fox/cls/clsViewd4e7.html]
[class.foxconnect.kr/fox/cls/clsViewd759.html]
[class.foxconnect.kr/fox/cls/clsView2c37.html]
[class.foxconnect.kr/fox/cls/clsView69d3.html]
[class.foxconnect.kr/fox/cls/clsViewd59f.html]
[class.foxconnect.kr/fox/cls/clsView6541.html]
[class.foxconnect.kr/fox/cls/clsViewe322-2.html]
[class.foxconnect.kr/fox/cls/clsView1c35.html]
[class.foxconnect.kr/fox/cls/clsView844f.html]
[class.foxconnect.kr/fox/cls/clsView47dc.html]
[class.foxconnect.kr/fox/cls/clsVieweeae.html]
[class.foxconnect.kr/fox/cls/clsView38ad.html]
[class.foxconnect.kr/fox/cls/clsView9427.html]
[class.foxconnect.kr/fox/cls/clsViewa036-2.html]
[class.foxconnect.kr/fox/cls/clsView4483.html]
[class.foxconnect.kr/fox/cls/clsViewc1f4.html]
[class.foxconnect.kr/fox/cls/clsView104b.html]
[class.foxconnect.kr/fox/cls/clsView7944.html]
[class.foxconnect.kr/fox/cls/clsView81c1.html]
[class.foxconnect.kr/fox/cls/clsView3e66.html]
[class.foxconnect.kr/fox/cls/clsView11a6.html]
[class.foxconnect.kr/fox/cls/clsViewa686.html]
[class.foxconnect.kr/fox/cls/clsView2287.html]
[class.foxconnect.kr/fox/cls/clsViewc83e.html]
[class.foxconnect.kr/fox/cls/clsView2a34.html]
[class.foxconnect.kr/fox/cls/clsView6433.html]
[class.foxconnect.kr/fox/cls/globalSearch4f87.html]
[class.foxconnect.kr/fox/cls/globalSearch2308.html]
[class.foxconnect.kr/fox/cls/globalSearch0763.html]
[class.foxconnect.kr/fox/cls/globalSearch096e.html]
[class.foxconnect.kr/fox/cls/globalSearch1fa2.html]
[class.foxconnect.kr/fox/cls/globalSearchb9c0.html]
[class.foxconnect.kr/fox/cls/globalSearch4776.html]
[class.foxconnect.kr/fox/cls/globalSearchd14e.html]
[class.foxconnect.kr/fox/cls/globalSearch8104.html]
[class.foxconnect.kr/fox/cls/globalSearchfae5.html]
[class.foxconnect.kr/fox/cls/globalSearch48ea.html]
[class.foxconnect.kr/fox/cls/globalSearchd560.html]
[class.foxconnect.kr/fox/cls/globalSearch8aff.html]
[class.foxconnect.kr/fox/cls/globalSearchabdb.html]
[class.foxconnect.kr/fox/cls/globalSearche890.html]
[class.foxconnect.kr/fox/cls/globalSearch2146.html]
[class.foxconnect.kr/fox/cls/globalSearch148e.html]
[class.foxconnect.kr/fox/cls/globalSearchcf22.html]
[class.foxconnect.kr/fox/cls/globalSearch79b4.html]
[class.foxconnect.kr/fox/cls/globalSearch6b7c.html]
[class.foxconnect.kr/fox/cls/globalSearchd972.html]
[class.foxconnect.kr/fox/cls/globalSearch3e10.html]
[class.foxconnect.kr/fox/cls/globalSearch3405.html]
[class.foxconnect.kr/fox/cls/globalSearchffed.html]
[class.foxconnect.kr/fox/cls/globalSearchf214.html]
[class.foxconnect.kr/fox/cls/globalSearch9acd.html]
[class.foxconnect.kr/fox/cls/globalSearch8977.html]
[class.foxconnect.kr/fox/cls/globalSearchb5b4.html]
[class.foxconnect.kr/fox/cls/globalSearchd165.html]
[class.foxconnect.kr/fox/cls/globalSearch8f5e.html]
[class.foxconnect.kr/fox/cls/globalSearchac65.html]
[class.foxconnect.kr/fox/cls/globalSearchf53c.html]
[class.foxconnect.kr/fox/cls/globalSearch06ae.html]
[class.foxconnect.kr/fox/cls/globalSearchb606.html]
[class.foxconnect.kr/fox/cls/globalSearch308c.html]
[class.foxconnect.kr/fox/cls/globalSearchdf25.html]
[class.foxconnect.kr/fox/cls/globalSearch0acb.html]
[class.foxconnect.kr/fox/cls/globalSearchc67f.html]
[class.foxconnect.kr/fox/cls/globalSearch1d1a.html]
[class.foxconnect.kr/fox/cls/globalSearchcd37.html]
[class.foxconnect.kr/fox/cls/clsViewceec.html]
[class.foxconnect.kr/fox/cls/clsView26f8.html]
[class.foxconnect.kr/fox/cls/clsView5e0c.html]
[class.foxconnect.kr/fox/cls/clsViewb440.html]
[class.foxconnect.kr/fox/cls/clsViewac47.html]
[class.foxconnect.kr/fox/cls/clsViewc52e.html]
[class.foxconnect.kr/fox/cls/clsView82f5.html]
[class.foxconnect.kr/fox/cls/clsView30b9.html]
[class.foxconnect.kr/fox/cls/clsView8f24.html]
[class.foxconnect.kr/fox/cls/clsView8601.html]
[class.foxconnect.kr/fox/cls/clsView1fad.html]
[class.foxconnect.kr/fox/cls/clsViewbc14.html]
[class.foxconnect.kr/fox/cls/clsViewf4dc.html]
[class.foxconnect.kr/fox/cls/clsViewf895.html]
[class.foxconnect.kr/fox/cls/clsView704d.html]
[class.foxconnect.kr/fox/cls/clsViewa6f1.html]
[class.foxconnect.kr/fox/cls/clsView647f.html]
[class.foxconnect.kr/fox/cls/clsView7f4d.html]
[class.foxconnect.kr/fox/cls/clsVieweaf3.html]
[class.foxconnect.kr/fox/cls/clsView1741.html]
[class.foxconnect.kr/fox/cls/clsView87d2.html]
[class.foxconnect.kr/fox/cls/clsViewf583.html]
[class.foxconnect.kr/fox/cls/clsViewc672.html]
[class.foxconnect.kr/fox/cls/clsView9b8b.html]
[class.foxconnect.kr/fox/cls/clsView005e.html]
[class.foxconnect.kr/fox/cls/clsViewbc09.html]
[class.foxconnect.kr/fox/cls/clsView0ffc.html]
[class.foxconnect.kr/fox/cls/clsViewcf58.html]
[class.foxconnect.kr/fox/cls/clsViewc24d.html]
[class.foxconnect.kr/fox/cls/clsView22de.html]
[class.foxconnect.kr/fox/cls/clsView5d68.html]
[class.foxconnect.kr/fox/cls/clsView6692.html]
[class.foxconnect.kr/fox/cls/clsViewa9cb.html]
[class.foxconnect.kr/fox/cls/clsViewcf9e.html]
[class.foxconnect.kr/fox/cls/clsView71ae.html]
[class.foxconnect.kr/fox/cls/clsViewfdaa.html]
[class.foxconnect.kr/fox/cls/clsView71d5.html]
[class.foxconnect.kr/fox/cls/clsView651e.html]
[class.foxconnect.kr/fox/cls/clsView1461.html]
[class.foxconnect.kr/fox/cls/clsView1f5e.html]
[class.foxconnect.kr/fox/cls/clsView73be.html]
[class.foxconnect.kr/fox/cls/clsViewd198.html]
[class.foxconnect.kr/fox/cls/clsView008d.html]
[class.foxconnect.kr/fox/cls/clsView9052.html]
[class.foxconnect.kr/fox/cls/clsView192f.html]
[class.foxconnect.kr/fox/cls/clsViewa77d.html]
[class.foxconnect.kr/fox/cls/clsViewcc85.html]
[class.foxconnect.kr/fox/cls/clsViewc36c.html]
[class.foxconnect.kr/fox/cls/clsView9738.html]
[class.foxconnect.kr/fox/cls/clsViewfdd3.html]
[class.foxconnect.kr/fox/cls/clsView070c.html]
[class.foxconnect.kr/fox/cls/clsVieweec9.html]
[class.foxconnect.kr/fox/cls/clsView4631.html]
[class.foxconnect.kr/fox/cls/clsViewf893.html]
[class.foxconnect.kr/fox/cls/clsView13eb.html]
[class.foxconnect.kr/fox/cls/clsView98ed.html]
[class.foxconnect.kr/fox/cls/clsView4ecc.html]
[class.foxconnect.kr/fox/cls/clsView5020.html]
[class.foxconnect.kr/fox/cls/clsViewe48f.html]
[class.foxconnect.kr/fox/cls/clsView9b27.html]
[class.foxconnect.kr/fox/cls/clsView8974.html]
[class.foxconnect.kr/fox/cls/clsView410b.html]
[class.foxconnect.kr/fox/cls/clsView7183.html]
[class.foxconnect.kr/fox/cls/clsView9b5e.html]
[class.foxconnect.kr/fox/cls/clsViewde56.html]
[class.foxconnect.kr/fox/cls/clsView8994.html]
[class.foxconnect.kr/fox/cls/clsViewdab5.html]
[class.foxconnect.kr/fox/cls/clsViewb05b.html]
[class.foxconnect.kr/fox/cls/clsViewb748.html]
[class.foxconnect.kr/fox/cls/clsView04a2.html]
[class.foxconnect.kr/fox/cls/clsViewc293.html]
[class.foxconnect.kr/fox/cls/clsView2ac3.html]
[class.foxconnect.kr/fox/cls/clsViewa4a8.html]
[class.foxconnect.kr/fox/cls/clsView6e8d.html]
[class.foxconnect.kr/fox/cls/clsView46c6.html]
[class.foxconnect.kr/fox/cls/clsViewd511.html]
[class.foxconnect.kr/fox/cls/clsViewd89f.html]
[class.foxconnect.kr/fox/cls/clsView8342.html]
[class.foxconnect.kr/fox/cls/clsView4455.html]
[class.foxconnect.kr/fox/cls/clsViewda52.html]
[class.foxconnect.kr/fox/cls/clsView8a15.html]
[class.foxconnect.kr/fox/cls/clsView964b.html]
[class.foxconnect.kr/fox/cls/clsView4993.html]
[class.foxconnect.kr/fox/cls/clsView27d7.html]
[class.foxconnect.kr/fox/cls/clsView5a00.html]
[class.foxconnect.kr/fox/cls/clsView7a39.html]
[class.foxconnect.kr/fox/cls/clsView2485.html]
[class.foxconnect.kr/fox/cls/clsView021a.html]
[class.foxconnect.kr/fox/cls/clsView01e7.html]
[class.foxconnect.kr/fox/cls/clsView33ca.html]
[class.foxconnect.kr/fox/cls/clsViewaa14.html]
[class.foxconnect.kr/fox/cls/clsViewaa09.html]
[class.foxconnect.kr/fox/cls/clsViewe048.html]
[class.foxconnect.kr/fox/cls/clsView5615.html]
[class.foxconnect.kr/fox/cls/clsView188b.html]
[class.foxconnect.kr/fox/cls/clsViewcfe0.html]
[class.foxconnect.kr/fox/cls/clsViewfa82.html]
[class.foxconnect.kr/fox/cls/clsView76e0.html]
[class.foxconnect.kr/fox/cls/clsView3613.html]
[class.foxconnect.kr/fox/cls/clsView146f.html]
[class.foxconnect.kr/fox/cls/clsView8c16.html]
[class.foxconnect.kr/fox/cls/clsViewb706.html]
[class.foxconnect.kr/fox/cls/clsView1b62.html]
[class.foxconnect.kr/fox/cls/clsViewccbb.html]
[class.foxconnect.kr/fox/cls/clsView29af.html]
[class.foxconnect.kr/fox/cls/clsView240e.html]
[class.foxconnect.kr/fox/cls/clsView29f7-2.html]
[class.foxconnect.kr/fox/cls/clsView13c7.html]
[class.foxconnect.kr/fox/cls/clsViewf4b7.html]
[class.foxconnect.kr/fox/cls/clsViewecfd.html]
[class.foxconnect.kr/fox/cls/clsView313c.html]
[class.foxconnect.kr/fox/cls/clsView14f1.html]
[class.foxconnect.kr/fox/cls/clsView6fc4.html]
[class.foxconnect.kr/fox/cls/clsView926a.html]
[class.foxconnect.kr/fox/cls/clsView223c.html]
[class.foxconnect.kr/fox/cls/clsView2527.html]
[class.foxconnect.kr/fox/cls/clsView6450.html]
[class.foxconnect.kr/fox/cls/clsView13f7.html]
[class.foxconnect.kr/fox/cls/clsViewdb28.html]
[class.foxconnect.kr/fox/cls/clsView3df0.html]
[class.foxconnect.kr/fox/cls/clsView1839.html]
[class.foxconnect.kr/fox/cls/clsView3567.html]
[class.foxconnect.kr/fox/cls/clsView262f.html]
[class.foxconnect.kr/fox/cls/clsViewe3e6.html]
[class.foxconnect.kr/contents/CLASS/THUMB/20241216/20241216015342247_thumb_1920x1080.jpg]
[class.foxconnect.kr/fox/cls/clsView2f78.html]
[class.foxconnect.kr/contents/CLASS/THUMB/20241216/20241216015904110_thumb_1920x1080.jpg]
[class.foxconnect.kr/fox/cls/clsViewc422.html]
[class.foxconnect.kr/contents/CLASS/THUMB/20241216/20241216015945752_thumb_1920x1080.jpg]
[class.foxconnect.kr/fox/cls/clsView4e93.html]
[class.foxconnect.kr/contents/CLASS/THUMB/20241216/20241216020018608_thumb_1920x1080.jpg]
[class.foxconnect.kr/fox/cls/clsView16d0.html]
[class.foxconnect.kr/contents/CLASS/THUMB/20241216/20241216020119298_thumb_1920x1080.jpg]
[class.foxconnect.kr/fox/cls/clsView4991.html]
[class.foxconnect.kr/contents/CLASS/THUMB/20241216/20241216021546518_thumb_1920x1080.jpg]
[class.foxconnect.kr/fox/cls/clsViewc76e.html]
[class.foxconnect.kr/contents/CLASS/THUMB/20241216/20241216021705095_thumb_1920x1080.jpg]
[class.foxconnect.kr/fox/cls/clsView8712.html]
[class.foxconnect.kr/contents/CLASS/THUMB/20241216/20241216021756039_thumb_1920x1080.jpg]
[class.foxconnect.kr/fox/cls/clsView101c.html]
[class.foxconnect.kr/contents/CLASS/THUMB/20241216/20241216022003522_thumb_1920x1080.jpg]
[class.foxconnect.kr/fox/cls/clsViewfbfa.html]
[class.foxconnect.kr/contents/CLASS/THUMB/20241216/20241216022138633_thumb_1920x1080.jpg]
[class.foxconnect.kr/fox/cls/clsView83b0.html]
[class.foxconnect.kr/contents/CLASS/THUMB/20241216/20241216022254015_thumb_1920x1080.jpg]
[class.foxconnect.kr/fox/cls/clsView9cee.html]
[class.foxconnect.kr/contents/CLASS/THUMB/20241216/20241216022326988_thumb_1920x1080.jpg]
[class.foxconnect.kr/fox/cls/clsView75b6.html]
[class.foxconnect.kr/contents/CLASS/THUMB/20241216/20241216022420773_thumb_1920x1080.jpg]
[class.foxconnect.kr/fox/cls/clsView6e7a.html]
[class.foxconnect.kr/contents/CLASS/THUMB/20241216/20241216023217193_thumb_1920x1080.jpg]
[class.foxconnect.kr/fox/cls/clsView94a5-2.html]
[class.foxconnect.kr/contents/CLASS/THUMB/20241216/20241216023248399_thumb_1920x1080.jpg]
[class.foxconnect.kr/fox/cls/clsViewfc83.html]
[class.foxconnect.kr/contents/CLASS/THUMB/20241216/20241216023333490_thumb_1920x1080.jpg]
[class.foxconnect.kr/fox/cls/clsView633e-3.html]
[class.foxconnect.kr/contents/CLASS/THUMB/20241216/20241216023405331_thumb_1920x1080.jpg]
[class.foxconnect.kr/fox/cls/clsViewa802.html]
[class.foxconnect.kr/contents/CLASS/THUMB/20241216/20241216024806343_thumb_1920x1080.jpg]
[class.foxconnect.kr/fox/cls/clsView540d.html]
[class.foxconnect.kr/contents/CLASS/THUMB/20241216/20241216024840032_thumb_1920x1080.jpg]
[class.foxconnect.kr/fox/cls/clsView43b1.html]
[class.foxconnect.kr/fox/cls/globalSearch7338.html]
[class.foxconnect.kr/contents/CLASS/THUMB/20241216/20241216025453076_thumb_1920x1080.jpg]
[class.foxconnect.kr/fox/cls/clsView2d49.html]
[class.foxconnect.kr/contents/CLASS/THUMB/20241216/20241216030456652_thumb_1920x1080.jpg]
[class.foxconnect.kr/fox/cls/clsViewe3f4.html]
[class.foxconnect.kr/contents/CLASS/THUMB/20241216/20241216030603990_thumb_1920x1080.jpg]
[class.foxconnect.kr/fox/cls/clsViewa36a.html]
[class.foxconnect.kr/contents/CLASS/THUMB/20241216/20241216030644983_thumb_1920x1080.jpg]
[class.foxconnect.kr/fox/cls/clsView52a3.html]
[class.foxconnect.kr/contents/CLASS/THUMB/20241216/20241216030715689_thumb_1920x1080.jpg]
[class.foxconnect.kr/fox/cls/clsViewccfe.html]
[class.foxconnect.kr/contents/CLASS/THUMB/20241216/20241216030745029_thumb_1920x1080.jpg]
[class.foxconnect.kr/fox/cls/clsView2216.html]
[class.foxconnect.kr/contents/CLASS/THUMB/20241217/20241217043758653_thumb_1920x1080.jpg]
[class.foxconnect.kr/fox/cls/clsViewebb9.html]
[class.foxconnect.kr/contents/CLASS/THUMB/20241216/20241216030915575_thumb_1920x1080.jpg]
[class.foxconnect.kr/fox/cls/clsView6811.html]
[class.foxconnect.kr/contents/CLASS/THUMB/20241216/20241216030948420_thumb_1920x1080.jpg]
[class.foxconnect.kr/fox/cls/clsViewd933.html]
[class.foxconnect.kr/contents/CLASS/THUMB/20241216/20241216031016782_thumb_1920x1080.jpg]
[class.foxconnect.kr/fox/cls/clsView48ad.html]
[class.foxconnect.kr/contents/CLASS/THUMB/20241216/20241216031142377_thumb_1920x1080.jpg]
[class.foxconnect.kr/fox/cls/clsView5ed6.html]
[class.foxconnect.kr/contents/CLASS/THUMB/20241216/20241216031342769_thumb_1920x1080.jpg]
[class.foxconnect.kr/fox/cls/clsViewb6f3.html]
[class.foxconnect.kr/contents/CLASS/THUMB/20241216/20241216031414468_thumb_1920x1080.jpg]
[class.foxconnect.kr/fox/cls/clsView2c02.html]
[class.foxconnect.kr/contents/CLASS/THUMB/20241216/20241216031444868_thumb_1920x1080.jpg]
[class.foxconnect.kr/fox/cls/clsView0f2c.html]
[class.foxconnect.kr/contents/CLASS/THUMB/20241216/20241216031520553_thumb_1920x1080.jpg]
[class.foxconnect.kr/fox/cls/clsViewde99.html]
[class.foxconnect.kr/contents/CLASS/THUMB/20241216/20241216031553021_thumb_1920x1080.jpg]
[class.foxconnect.kr/fox/cls/clsView6bc9.html]
[class.foxconnect.kr/contents/CLASS/THUMB/20241216/20241216031623732_thumb_1920x1080.jpg]
[class.foxconnect.kr/fox/cls/clsView4dbe.html]
[class.foxconnect.kr/contents/CLASS/THUMB/20241216/20241216032122227_thumb_1920x1080.jpg]
[class.foxconnect.kr/fox/cls/clsViewf577.html]
[class.foxconnect.kr/fox/cls/globalSearch198e.html]
[class.foxconnect.kr/contents/CLASS/THUMB/20241216/20241216032154813_thumb_1920x1080.jpg]
[class.foxconnect.kr/fox/cls/clsView73c0.html]
[class.foxconnect.kr/contents/CLASS/THUMB/20241216/20241216032224873_thumb_1920x1080.jpg]
[class.foxconnect.kr/fox/cls/clsViewa03e.html]
[class.foxconnect.kr/contents/CLASS/THUMB/20241216/20241216032255722_thumb_1920x1080.jpg]
[class.foxconnect.kr/fox/cls/clsViewfe95.html]
[class.foxconnect.kr/contents/CLASS/THUMB/20241216/20241216032327234_thumb_1920x1080.jpg]
[class.foxconnect.kr/fox/cls/clsViewf08c.html]
[class.foxconnect.kr/contents/CLASS/THUMB/20241216/20241216032356615_thumb_1920x1080.jpg]
[class.foxconnect.kr/fox/cls/clsView8b00.html]
[class.foxconnect.kr/contents/CLASS/THUMB/20241216/20241216032428255_thumb_1920x1080.jpg]
[class.foxconnect.kr/fox/cls/clsView1d45.html]
[class.foxconnect.kr/contents/CLASS/THUMB/20241216/20241216032832393_thumb_1920x1080.jpg]
[class.foxconnect.kr/fox/cls/clsView0c5a.html]
[class.foxconnect.kr/contents/CLASS/THUMB/20241216/20241216032859920_thumb_1920x1080.jpg]
[class.foxconnect.kr/fox/cls/clsView15c7.html]
[class.foxconnect.kr/contents/CLASS/THUMB/20241216/20241216032932523_thumb_1920x1080.jpg]
[class.foxconnect.kr/fox/cls/clsViewfc0d.html]
[class.foxconnect.kr/contents/CLASS/THUMB/20241216/20241216033000964_thumb_1920x1080.jpg]
[class.foxconnect.kr/fox/cls/clsView2720.html]
[class.foxconnect.kr/contents/CLASS/THUMB/20241216/20241216033134987_thumb_1920x1080.jpg]
[class.foxconnect.kr/fox/cls/clsView82c2.html]
[class.foxconnect.kr/contents/CLASS/THUMB/20241216/20241216033205823_thumb_1920x1080.jpg]
[class.foxconnect.kr/fox/cls/clsView7c42.html]
[class.foxconnect.kr/contents/CLASS/THUMB/20241216/20241216033307135_thumb_1920x1080.jpg]
[class.foxconnect.kr/fox/cls/clsView3f07.html]
[class.foxconnect.kr/contents/CLASS/THUMB/20241216/20241216033336662_thumb_1920x1080.jpg]
[class.foxconnect.kr/fox/cls/clsView99bf.html]
[class.foxconnect.kr/contents/CLASS/THUMB/20241216/20241216033417527_thumb_1920x1080.jpg]
[class.foxconnect.kr/fox/cls/clsViewd65a-2.html]
[class.foxconnect.kr/contents/CLASS/THUMB/20241216/20241216033503197_thumb_1920x1080.jpg]
[class.foxconnect.kr/fox/cls/clsView58c0.html]
[class.foxconnect.kr/contents/CLASS/THUMB/20241216/20241216033538219_thumb_1920x1080.jpg]
[class.foxconnect.kr/fox/cls/clsView6efe.html]
[class.foxconnect.kr/contents/CLASS/THUMB/20241216/20241216033612976_thumb_1920x1080.jpg]
[class.foxconnect.kr/fox/cls/clsView5947.html]
[class.foxconnect.kr/contents/CLASS/THUMB/20241216/20241216033656333_thumb_1920x1080.jpg]
[class.foxconnect.kr/fox/cls/clsViewa48d.html]
[class.foxconnect.kr/fox/cls/globalSearch5911.html]
[class.foxconnect.kr/contents/CLASS/THUMB/20241216/20241216041204443_thumb_1920x1080.jpg]
[class.foxconnect.kr/fox/cls/clsView0f27.html]
[class.foxconnect.kr/contents/CLASS/THUMB/20241216/20241216041314761_thumb_1920x1080.jpg]
[class.foxconnect.kr/fox/cls/clsView6d23.html]
[class.foxconnect.kr/contents/CLASS/THUMB/20241216/20241216041345033_thumb_1920x1080.jpg]
[class.foxconnect.kr/fox/cls/clsView5b30.html]
[class.foxconnect.kr/contents/CLASS/THUMB/20241216/20241216041414758_thumb_1920x1080.jpg]
[class.foxconnect.kr/fox/cls/clsView9f47.html]
[class.foxconnect.kr/contents/CLASS/THUMB/20241216/20241216041558312_thumb_1920x1080.jpg]
[class.foxconnect.kr/fox/cls/clsView7d02.html]
[class.foxconnect.kr/contents/CLASS/THUMB/20241216/20241216041638585_thumb_1920x1080.jpg]
[class.foxconnect.kr/fox/cls/clsView09cd.html]
[class.foxconnect.kr/contents/CLASS/THUMB/20241216/20241216041716886_thumb_1920x1080.jpg]
[class.foxconnect.kr/fox/cls/clsView8730.html]
[class.foxconnect.kr/contents/CLASS/THUMB/20241216/20241216041816564_thumb_1920x1080.jpg]
[class.foxconnect.kr/fox/cls/clsViewdd05.html]
[class.foxconnect.kr/contents/CLASS/THUMB/20241216/20241216041850502_thumb_1920x1080.jpg]
[class.foxconnect.kr/fox/cls/clsView267c.html]
[class.foxconnect.kr/contents/CLASS/THUMB/20241216/20241216041921967_thumb_1920x1080.jpg]
[class.foxconnect.kr/fox/cls/clsViewd38a.html]
[class.foxconnect.kr/contents/CLASS/THUMB/20241216/20241216041953825_thumb_1920x1080.jpg]
[class.foxconnect.kr/fox/cls/clsView8dc6.html]
[class.foxconnect.kr/contents/CLASS/THUMB/20241216/20241216042037898_thumb_1920x1080.jpg]
[class.foxconnect.kr/fox/cls/clsViewb3e4.html]
[class.foxconnect.kr/contents/CLASS/THUMB/20241216/20241216042253510_thumb_1920x1080.jpg]
[class.foxconnect.kr/fox/cls/clsView079f-2.html]
[class.foxconnect.kr/contents/CLASS/THUMB/20241216/20241216042326506_thumb_1920x1080.jpg]
[class.foxconnect.kr/fox/cls/clsView458c.html]
[class.foxconnect.kr/contents/CLASS/THUMB/20241216/20241216042356196_thumb_1920x1080.jpg]
[class.foxconnect.kr/fox/cls/clsView1cbc.html]
[class.foxconnect.kr/contents/CLASS/THUMB/20241216/20241216042538523_thumb_1920x1080.jpg]
[class.foxconnect.kr/fox/cls/clsView92f1.html]
[class.foxconnect.kr/contents/CLASS/THUMB/20241216/20241216042612578_thumb_1920x1080.jpg]
[class.foxconnect.kr/fox/cls/globalSearch6eaf.html]
[class.foxconnect.kr/fox/cls/clsViewc8d6.html]
[class.foxconnect.kr/contents/CLASS/THUMB/20241216/20241216042650727_thumb_1920x1080.jpg]
[class.foxconnect.kr/fox/cls/clsView1ee6.html]
[class.foxconnect.kr/contents/CLASS/THUMB/20241217/20241217043921742_thumb_1920x1080.jpg]
[class.foxconnect.kr/fox/cls/clsView37a6.html]
[class.foxconnect.kr/contents/CLASS/THUMB/20241216/20241216050453612_thumb_1920x1080.jpg]
[class.foxconnect.kr/fox/cls/clsViewc49b.html]
[class.foxconnect.kr/contents/CLASS/THUMB/20241216/20241216050957433_thumb_1920x1080.jpg]
[class.foxconnect.kr/fox/cls/clsView905d.html]
[class.foxconnect.kr/contents/CLASS/THUMB/20241216/20241216051111793_thumb_1920x1080.jpg]
[class.foxconnect.kr/fox/cls/clsView9235.html]
[class.foxconnect.kr/contents/CLASS/THUMB/20241216/20241216052125395_thumb_1920x1080.jpg]
[class.foxconnect.kr/fox/cls/clsView9c16.html]
[class.foxconnect.kr/contents/CLASS/THUMB/20241216/20241216052326939_thumb_1920x1080.jpg]
[class.foxconnect.kr/fox/cls/clsView6560.html]
[class.foxconnect.kr/contents/CLASS/THUMB/20241216/20241216052356180_thumb_1920x1080.jpg]
[class.foxconnect.kr/fox/cls/clsView0790.html]
[class.foxconnect.kr/contents/CLASS/THUMB/20241216/20241216052643431_thumb_1920x1080.jpg]
[class.foxconnect.kr/fox/cls/clsViewad49.html]
[class.foxconnect.kr/contents/CLASS/THUMB/20241216/20241216052759294_thumb_1920x1080.jpg]
[class.foxconnect.kr/fox/cls/clsViewd21f.html]
[class.foxconnect.kr/contents/CLASS/THUMB/20241216/20241216052829179_thumb_1920x1080.jpg]
[class.foxconnect.kr/fox/cls/clsView45f8.html]
[class.foxconnect.kr/contents/CLASS/THUMB/20241216/20241216052858288_thumb_1920x1080.jpg]
[class.foxconnect.kr/fox/cls/clsViewad5b.html]
[class.foxconnect.kr/contents/CLASS/THUMB/20241216/20241216052929673_thumb_1920x1080.jpg]
[class.foxconnect.kr/fox/cls/clsViewc2f5.html]
[class.foxconnect.kr/contents/CLASS/THUMB/20241216/20241216052959459_thumb_1920x1080.jpg]
[class.foxconnect.kr/fox/cls/clsViewcb9d.html]
[class.foxconnect.kr/contents/CLASS/THUMB/20241216/20241216053029263_thumb_1920x1080.jpg]
[class.foxconnect.kr/fox/cls/clsView0162.html]
[class.foxconnect.kr/contents/CLASS/THUMB/20241216/20241216053102881_thumb_1920x1080.jpg]
[class.foxconnect.kr/fox/cls/clsViewc784.html]
[class.foxconnect.kr/fox/cls/globalSearch0103.html]
[class.foxconnect.kr/contents/CLASS/THUMB/20241216/20241216053949842_thumb_1920x1080.jpg]
[class.foxconnect.kr/fox/cls/clsView3ec9.html]
[class.foxconnect.kr/contents/CLASS/THUMB/20241216/20241216054050224_thumb_1920x1080.jpg]
[class.foxconnect.kr/fox/cls/clsViewa4e7.html]
[class.foxconnect.kr/contents/CLASS/THUMB/20241216/20241216054119574_thumb_1920x1080.jpg]
[class.foxconnect.kr/fox/cls/clsViewf095.html]
[class.foxconnect.kr/contents/CLASS/THUMB/20241216/20241216054150926_thumb_1920x1080.jpg]
[class.foxconnect.kr/fox/cls/clsView147b.html]
[class.foxconnect.kr/contents/CLASS/THUMB/20241216/20241216054220024_thumb_1920x1080.jpg]
[class.foxconnect.kr/fox/cls/clsViewbb8d.html]
[class.foxconnect.kr/contents/CLASS/THUMB/20241216/20241216054252736_thumb_1920x1080.jpg]
[class.foxconnect.kr/fox/cls/clsViewecc6.html]
[class.foxconnect.kr/contents/CLASS/THUMB/20241216/20241216054321134_thumb_1920x1080.jpg]
[class.foxconnect.kr/fox/cls/clsView6ac3.html]
[class.foxconnect.kr/contents/CLASS/THUMB/20241216/20241216054351139_thumb_1920x1080.jpg]
[class.foxconnect.kr/fox/cls/clsView139e-2.html]
[class.foxconnect.kr/contents/CLASS/THUMB/20241216/20241216054451357_thumb_1920x1080.jpg]
[class.foxconnect.kr/fox/cls/clsView7b00.html]
[class.foxconnect.kr/contents/CLASS/THUMB/20241216/20241216054519371_thumb_1920x1080.jpg]
[class.foxconnect.kr/fox/cls/clsView70cb.html]
[class.foxconnect.kr/contents/CLASS/THUMB/20241216/20241216054549619_thumb_1920x1080.jpg]
[class.foxconnect.kr/fox/cls/clsView0dc6-2.html]
[class.foxconnect.kr/contents/CLASS/THUMB/20241216/20241216054618665_thumb_1920x1080.jpg]
[class.foxconnect.kr/fox/cls/clsViewe2d6-2.html]
[class.foxconnect.kr/contents/CLASS/THUMB/20241216/20241216054648351_thumb_1920x1080.jpg]
[class.foxconnect.kr/fox/cls/clsViewd674.html]
[class.foxconnect.kr/contents/CLASS/THUMB/20241216/20241216054727534_thumb_1920x1080.jpg]
[class.foxconnect.kr/fox/cls/clsViewe512.html]
[class.foxconnect.kr/contents/CLASS/THUMB/20241216/20241216054800428_thumb_1920x1080.jpg]
[class.foxconnect.kr/fox/cls/clsViewe59c.html]
[class.foxconnect.kr/contents/CLASS/THUMB/20241216/20241216054833134_thumb_1920x1080.jpg]
[class.foxconnect.kr/fox/cls/clsViewd045.html]
[class.foxconnect.kr/contents/CLASS/THUMB/20241216/20241216054903826_thumb_1920x1080.jpg]
[class.foxconnect.kr/fox/cls/clsView3040.html]
[class.foxconnect.kr/contents/CLASS/THUMB/20241216/20241216054933279_thumb_1920x1080.jpg]
[class.foxconnect.kr/fox/cls/clsView0d3f.html]
[class.foxconnect.kr/contents/CLASS/THUMB/20241216/20241216055149302_thumb_1920x1080.jpg]
[class.foxconnect.kr/fox/cls/clsVieweb13.html]
[class.foxconnect.kr/fox/cls/globalSearch7203.html]
[class.foxconnect.kr/contents/CLASS/THUMB/20241216/20241216055222032_thumb_1920x1080.jpg]
[class.foxconnect.kr/fox/cls/clsView4e52.html]
[class.foxconnect.kr/contents/CLASS/THUMB/20241216/20241216055251908_thumb_1920x1080.jpg]
[class.foxconnect.kr/fox/cls/clsViewe738.html]
[class.foxconnect.kr/contents/CLASS/THUMB/20241216/20241216055324850_thumb_1920x1080.jpg]
[class.foxconnect.kr/fox/cls/clsViewa195.html]
[class.foxconnect.kr/contents/CLASS/THUMB/20241216/20241216055422633_thumb_1920x1080.jpg]
[class.foxconnect.kr/fox/cls/clsViewa6ec.html]
[class.foxconnect.kr/contents/CLASS/THUMB/20241216/20241216055453917_thumb_1920x1080.jpg]
[class.foxconnect.kr/fox/cls/clsViewa9b6.html]
[class.foxconnect.kr/contents/CLASS/THUMB/20241216/20241216055522668_thumb_1920x1080.jpg]
[class.foxconnect.kr/fox/cls/clsViewd814.html]
[class.foxconnect.kr/contents/CLASS/THUMB/20241216/20241216055551216_thumb_1920x1080.jpg]
[class.foxconnect.kr/fox/cls/clsViewb9c9.html]
[class.foxconnect.kr/contents/CLASS/THUMB/20241216/20241216055618181_thumb_1920x1080.jpg]
[class.foxconnect.kr/fox/cls/clsViewfc51.html]
[class.foxconnect.kr/contents/CLASS/THUMB/20241216/20241216055643755_thumb_1920x1080.jpg]
[class.foxconnect.kr/fox/cls/clsView2564.html]
[class.foxconnect.kr/contents/CLASS/THUMB/20241216/20241216055723853_thumb_1920x1080.jpg]
[class.foxconnect.kr/fox/cls/clsView9c5d-2.html]
[class.foxconnect.kr/contents/CLASS/THUMB/20241216/20241216055756377_thumb_1920x1080.jpg]
[class.foxconnect.kr/fox/cls/clsViewa26d.html]
[class.foxconnect.kr/contents/CLASS/THUMB/20241216/20241216055828006_thumb_1920x1080.jpg]
[class.foxconnect.kr/fox/cls/clsView6202-2.html]
[class.foxconnect.kr/contents/CLASS/THUMB/20241216/20241216055900220_thumb_1920x1080.jpg]
[class.foxconnect.kr/fox/cls/clsView11fd.html]
[class.foxconnect.kr/contents/CLASS/THUMB/20241216/20241216055940046_thumb_1920x1080.jpg]
[class.foxconnect.kr/fox/cls/clsView29a0.html]
[class.foxconnect.kr/contents/CLASS/THUMB/20241216/20241216060012925_thumb_1920x1080.jpg]
[class.foxconnect.kr/fox/cls/clsViewf16b.html]
[class.foxconnect.kr/contents/CLASS/THUMB/20241216/20241216060040516_thumb_1920x1080.jpg]
[class.foxconnect.kr/fox/cls/clsViewf501.html]
[class.foxconnect.kr/contents/CLASS/THUMB/20241216/20241216060110697_thumb_1920x1080.jpg]
[class.foxconnect.kr/fox/cls/clsView9c42.html]
[class.foxconnect.kr/contents/CLASS/THUMB/20241216/20241216060141483_thumb_1920x1080.jpg]
[class.foxconnect.kr/fox/cls/clsView841f.html]
[class.foxconnect.kr/contents/CLASS/THUMB/20241217/20241217091637705_thumb_1920x1080.jpg]
[class.foxconnect.kr/fox/cls/clsViewa524.html]
[class.foxconnect.kr/fox/cls/globalSearch7d07.html]
[class.foxconnect.kr/contents/CLASS/THUMB/20241217/20241217091719373_thumb_1920x1080.jpg]
[class.foxconnect.kr/fox/cls/clsViewf0c0.html]
[class.foxconnect.kr/contents/CLASS/THUMB/20241217/20241217091753134_thumb_1920x1080.jpg]
[class.foxconnect.kr/fox/cls/clsView64e8.html]
[class.foxconnect.kr/contents/CLASS/THUMB/20241217/20241217091826259_thumb_1920x1080.jpg]
[class.foxconnect.kr/fox/cls/clsView0bf0.html]
[class.foxconnect.kr/contents/CLASS/THUMB/20241217/20241217091857095_thumb_1920x1080.jpg]
[class.foxconnect.kr/fox/cls/clsView0ac4.html]
[class.foxconnect.kr/contents/CLASS/THUMB/20241217/20241217091932617_thumb_1920x1080.jpg]
[class.foxconnect.kr/fox/cls/clsView208e.html]
[class.foxconnect.kr/contents/CLASS/THUMB/20241217/20241217092005929_thumb_1920x1080.jpg]
[class.foxconnect.kr/fox/cls/clsView5dba.html]
[class.foxconnect.kr/contents/CLASS/THUMB/20241217/20241217092347149_thumb_1920x1080.jpg]
[class.foxconnect.kr/fox/cls/clsView4e89.html]
[class.foxconnect.kr/contents/CLASS/THUMB/20241217/20241217092419838_thumb_1920x1080.jpg]
[class.foxconnect.kr/fox/cls/clsViewf7fe.html]
[class.foxconnect.kr/contents/CLASS/THUMB/20241217/20241217092521622_thumb_1920x1080.jpg]
[class.foxconnect.kr/fox/cls/clsView6828.html]
[class.foxconnect.kr/contents/CLASS/THUMB/20241217/20241217094053291_thumb_1920x1080.jpg]
[class.foxconnect.kr/fox/cls/clsView0a0d.html]
[class.foxconnect.kr/contents/CLASS/THUMB/20241217/20241217094125393_thumb_1920x1080.jpg]
[class.foxconnect.kr/fox/cls/clsViewe142.html]
[class.foxconnect.kr/contents/CLASS/THUMB/20241217/20241217094155031_thumb_1920x1080.jpg]
[class.foxconnect.kr/fox/cls/clsView23bc.html]
[class.foxconnect.kr/contents/CLASS/THUMB/20241217/20241217094254884_thumb_1920x1080.jpg]
[class.foxconnect.kr/fox/cls/clsView2b95.html]
[class.foxconnect.kr/contents/CLASS/THUMB/20241217/20241217094329209_thumb_1920x1080.jpg]
[class.foxconnect.kr/fox/cls/clsViewed2e.html]
[class.foxconnect.kr/contents/CLASS/THUMB/20241217/20241217094402059_thumb_1920x1080.jpg]
[class.foxconnect.kr/fox/cls/clsViewba6f.html]
[class.foxconnect.kr/contents/CLASS/THUMB/20241217/20241217094449639_thumb_1920x1080.jpg]
[class.foxconnect.kr/fox/cls/clsView7c8e.html]
[class.foxconnect.kr/contents/CLASS/THUMB/20241217/20241217094525580_thumb_1920x1080.jpg]
[class.foxconnect.kr/fox/cls/clsView4e9a.html]
[class.foxconnect.kr/contents/CLASS/THUMB/20241217/20241217094556411_thumb_1920x1080.jpg]
[class.foxconnect.kr/fox/cls/clsView79c0.html]
[class.foxconnect.kr/contents/CLASS/THUMB/20241217/20241217094633505_thumb_1920x1080.jpg]
[class.foxconnect.kr/fox/cls/clsViewa090.html]
[class.foxconnect.kr/contents/CLASS/THUMB/20241217/20241217094831520_thumb_1920x1080.jpg]
[class.foxconnect.kr/fox/cls/clsViewd9b5.html]
[class.foxconnect.kr/fox/cls/globalSearch0647.html]
[class.foxconnect.kr/contents/CLASS/THUMB/20241217/20241217094909895_thumb_1920x1080.jpg]
[class.foxconnect.kr/fox/cls/clsView9815.html]
[class.foxconnect.kr/contents/CLASS/THUMB/20241217/20241217094944387_thumb_1920x1080.jpg]
[class.foxconnect.kr/fox/cls/clsView9328.html]
[class.foxconnect.kr/contents/CLASS/THUMB/20241217/20241217095019966_thumb_1920x1080.jpg]
[class.foxconnect.kr/fox/cls/clsView006d.html]
[class.foxconnect.kr/contents/CLASS/THUMB/20241217/20241217095054275_thumb_1920x1080.jpg]
[class.foxconnect.kr/fox/cls/clsViewddf3.html]
[class.foxconnect.kr/contents/CLASS/THUMB/20241217/20241217123639391_thumb_1920x1080.jpg]
[class.foxconnect.kr/fox/cls/clsView2b98.html]
[class.foxconnect.kr/contents/CLASS/THUMB/20241217/20241217123712755_thumb_1920x1080.jpg]
[class.foxconnect.kr/fox/cls/clsView6093.html]
[class.foxconnect.kr/contents/CLASS/THUMB/20241217/20241217123742902_thumb_1920x1080.jpg]
[class.foxconnect.kr/fox/cls/clsView2b1e.html]
[class.foxconnect.kr/contents/CLASS/THUMB/20241217/20241217123815096_thumb_1920x1080.jpg]
[class.foxconnect.kr/fox/cls/clsViewfcdd.html]
[class.foxconnect.kr/contents/CLASS/THUMB/20241217/20241217123856755_thumb_1920x1080.jpg]
[class.foxconnect.kr/fox/cls/clsView9610.html]
[class.foxconnect.kr/contents/CLASS/THUMB/20241217/20241217123934701_thumb_1920x1080.jpg]
[class.foxconnect.kr/fox/cls/clsView86b1.html]
[class.foxconnect.kr/contents/CLASS/THUMB/20241217/20241217124005903_thumb_1920x1080.jpg]
[class.foxconnect.kr/fox/cls/clsViewe0d5.html]
[class.foxconnect.kr/contents/CLASS/THUMB/20241217/20241217124036486_thumb_1920x1080.jpg]
[class.foxconnect.kr/fox/cls/clsView710b.html]
[class.foxconnect.kr/contents/CLASS/THUMB/20241217/20241217124109700_thumb_1920x1080.jpg]
[class.foxconnect.kr/fox/cls/clsView0bfe.html]
[class.foxconnect.kr/contents/CLASS/THUMB/20241217/20241217124140585_thumb_1920x1080.jpg]
[class.foxconnect.kr/fox/cls/clsViewee20.html]
[class.foxconnect.kr/contents/CLASS/THUMB/20241217/20241217124211594_thumb_1920x1080.jpg]
[class.foxconnect.kr/fox/cls/clsViewf63e-2.html]
[class.foxconnect.kr/contents/CLASS/THUMB/20241217/20241217124245780_thumb_1920x1080.jpg]
[class.foxconnect.kr/fox/cls/clsViewe221.html]
[class.foxconnect.kr/contents/CLASS/THUMB/20241217/20241217124316829_thumb_1920x1080.jpg]
[class.foxconnect.kr/fox/cls/clsView5d7c.html]
[class.foxconnect.kr/contents/CLASS/THUMB/20241217/20241217124349941_thumb_1920x1080.jpg]
[class.foxconnect.kr/fox/cls/clsViewbff0.html]
[class.foxconnect.kr/contents/CLASS/THUMB/20241217/20241217124422042_thumb_1920x1080.jpg]
[class.foxconnect.kr/fox/cls/clsView75b8.html]
[class.foxconnect.kr/contents/CLASS/THUMB/20241217/20241217124457144_thumb_1920x1080.jpg]
[class.foxconnect.kr/fox/cls/clsView83a5.html]
[class.foxconnect.kr/fox/cls/globalSearch7d55.html]
[class.foxconnect.kr/contents/CLASS/THUMB/20241217/20241217014142081_thumb_1920x1080.jpg]
[class.foxconnect.kr/fox/cls/clsView9461.html]
[class.foxconnect.kr/contents/CLASS/THUMB/20241217/20241217014324227_thumb_1920x1080.jpg]
[class.foxconnect.kr/fox/cls/clsView4427.html]
[class.foxconnect.kr/contents/CLASS/THUMB/20241217/20241217014431264_thumb_1920x1080.jpg]
[class.foxconnect.kr/fox/cls/clsView8e23.html]
[class.foxconnect.kr/contents/CLASS/THUMB/20241217/20241217014511116_thumb_1920x1080.jpg]
[class.foxconnect.kr/fox/cls/clsView4e86.html]
[class.foxconnect.kr/contents/CLASS/THUMB/20241217/20241217014547046_thumb_1920x1080.jpg]
[class.foxconnect.kr/fox/cls/clsViewe112.html]
[class.foxconnect.kr/contents/CLASS/THUMB/20241217/20241217014711584_thumb_1920x1080.jpg]
[class.foxconnect.kr/fox/cls/clsViewe6cf.html]
[class.foxconnect.kr/contents/CLASS/THUMB/20241217/20241217014741834_thumb_1920x1080.jpg]
[class.foxconnect.kr/fox/cls/clsView8e90.html]
[class.foxconnect.kr/contents/CLASS/THUMB/20241217/20241217014811337_thumb_1920x1080.jpg]
[class.foxconnect.kr/fox/cls/clsView7df2.html]
[class.foxconnect.kr/contents/CLASS/THUMB/20241217/20241217014844533_thumb_1920x1080.jpg]
[class.foxconnect.kr/fox/cls/clsViewaa29.html]
[class.foxconnect.kr/contents/CLASS/THUMB/20241217/20241217014930232_thumb_1920x1080.jpg]
[class.foxconnect.kr/fox/cls/clsView6624.html]
[class.foxconnect.kr/contents/CLASS/THUMB/20241217/20241217015152985_thumb_1920x1080.jpg]
[class.foxconnect.kr/fox/cls/clsView0f5a.html]
[class.foxconnect.kr/contents/CLASS/THUMB/20241217/20241217015222787_thumb_1920x1080.jpg]
[class.foxconnect.kr/fox/cls/clsView9110.html]
[class.foxconnect.kr/contents/CLASS/THUMB/20241217/20241217015255242_thumb_1920x1080.jpg]
[class.foxconnect.kr/fox/cls/clsView3573.html]
[class.foxconnect.kr/contents/CLASS/THUMB/20241217/20241217015325442_thumb_1920x1080.jpg]
[class.foxconnect.kr/fox/cls/clsView109b-3.html]
[class.foxconnect.kr/contents/CLASS/THUMB/20241217/20241217015357221_thumb_1920x1080.jpg]
[class.foxconnect.kr/fox/cls/clsView3680.html]
[class.foxconnect.kr/contents/CLASS/THUMB/20241217/20241217015426998_thumb_1920x1080.jpg]
[class.foxconnect.kr/fox/cls/clsViewe04b.html]
[class.foxconnect.kr/contents/CLASS/THUMB/20241217/20241217015457949_thumb_1920x1080.jpg]
[class.foxconnect.kr/fox/cls/clsView20f9.html]
[class.foxconnect.kr/contents/CLASS/THUMB/20241217/20241217015527533_thumb_1920x1080.jpg]
[class.foxconnect.kr/fox/cls/clsView2d57.html]
[class.foxconnect.kr/contents/CLASS/THUMB/20241217/20241217015557036_thumb_1920x1080.jpg]
[class.foxconnect.kr/fox/cls/clsViewd4fc.html]
[class.foxconnect.kr/contents/CLASS/THUMB/20241217/20241217015628782_thumb_1920x1080.jpg]
[class.foxconnect.kr/fox/cls/clsView52e7.html]
[class.foxconnect.kr/contents/CLASS/THUMB/20241217/20241217015656962_thumb_1920x1080.jpg]
[class.foxconnect.kr/fox/cls/globalSearch9e6f.html]
[class.foxconnect.kr/fox/cls/globalSearch3686.html]
[class.foxconnect.kr/fox/cls/globalSearchb266.html]
[class.foxconnect.kr/fox/cls/globalSearchfebe.html]
[class.foxconnect.kr/fox/cls/globalSearch85c9.html]
[class.foxconnect.kr/fox/cls/globalSearchabe5.html]
[class.foxconnect.kr/fox/cls/globalSearch337f.html]
[class.foxconnect.kr/fox/cls/globalSearch1783.html]
[class.foxconnect.kr/fox/cls/globalSearch13e5.html]
[class.foxconnect.kr/fox/cls/clsView4708.html]
[class.foxconnect.kr/fox/cls/clsViewb944.html]
[class.foxconnect.kr/fox/cls/clsView683b.html]
[class.foxconnect.kr/fox/cls/clsView9ca8.html]
[class.foxconnect.kr/fox/cls/clsViewa67d.html]
[class.foxconnect.kr/fox/cls/clsView8aa9.html]
[class.foxconnect.kr/fox/cls/clsViewf97f.html]
[class.foxconnect.kr/fox/cls/clsView21cc.html]
[class.foxconnect.kr/fox/cls/clsViewb655-2.html]
[class.foxconnect.kr/fox/cls/clsViewec44.html]
[class.foxconnect.kr/fox/cls/clsView814e.html]
[class.foxconnect.kr/fox/cls/clsView4389.html]
[class.foxconnect.kr/fox/cls/clsViewfb8f.html]
[class.foxconnect.kr/fox/cls/clsView6b0c.html]
[class.foxconnect.kr/fox/cls/clsViewdd8e.html]
[class.foxconnect.kr/fox/cls/clsViewefff.html]
[class.foxconnect.kr/fox/cls/clsViewd6e1.html]
[class.foxconnect.kr/fox/cls/clsView834c.html]
[class.foxconnect.kr/fox/cls/clsView0505.html]
[class.foxconnect.kr/fox/cls/clsView5976.html]
[class.foxconnect.kr/fox/cls/clsViewbd5e.html]
[class.foxconnect.kr/contents/CLASS/THUMB/20241218/20241218125454553_thumb_1920x1080.jpg]
[class.foxconnect.kr/fox/cls/clsView7dbd.html]
[class.foxconnect.kr/contents/CLASS/THUMB/20241218/20241218125520558_thumb_1920x1080.jpg]
[class.foxconnect.kr/fox/cls/clsView4900.html]
[class.foxconnect.kr/contents/CLASS/THUMB/20241218/20241218125548568_thumb_1920x1080.jpg]
[class.foxconnect.kr/fox/cls/clsViewb908.html]
[class.foxconnect.kr/contents/CLASS/THUMB/20241218/20241218125614896_thumb_1920x1080.jpg]
[class.foxconnect.kr/fox/cls/clsView77d2.html]
[class.foxconnect.kr/contents/CLASS/THUMB/20241218/20241218125644296_thumb_1920x1080.jpg]
[class.foxconnect.kr/fox/cls/clsView30cf.html]
[class.foxconnect.kr/contents/CLASS/THUMB/20241218/20241218125718677_thumb_1920x1080.jpg]
[class.foxconnect.kr/fox/cls/clsView2cfd.html]
[class.foxconnect.kr/contents/CLASS/THUMB/20241218/20241218125745961_thumb_1920x1080.jpg]
[class.foxconnect.kr/fox/cls/clsView9650.html]
[class.foxconnect.kr/contents/CLASS/THUMB/20241218/20241218125812148_thumb_1920x1080.jpg]
[class.foxconnect.kr/fox/cls/clsViewab07.html]
[class.foxconnect.kr/contents/CLASS/THUMB/20241218/20241218125839870_thumb_1920x1080.jpg]
[class.foxconnect.kr/fox/cls/clsViewfd05.html]
[class.foxconnect.kr/contents/CLASS/THUMB/20241218/20241218125906014_thumb_1920x1080.jpg]
[class.foxconnect.kr/fox/cls/clsViewe1e3.html]
[class.foxconnect.kr/contents/CLASS/THUMB/20241218/20241218125933810_thumb_1920x1080.jpg]
[class.foxconnect.kr/fox/cls/clsView1f0b.html]
[class.foxconnect.kr/contents/CLASS/THUMB/20241218/20241218010003132_thumb_1920x1080.jpg]
[class.foxconnect.kr/fox/cls/clsViewb4f1.html]
[class.foxconnect.kr/contents/CLASS/THUMB/20241218/20241218010029507_thumb_1920x1080.jpg]
[class.foxconnect.kr/fox/cls/clsView690f.html]
[class.foxconnect.kr/contents/CLASS/THUMB/20241218/20241218010057415_thumb_1920x1080.jpg]
[class.foxconnect.kr/fox/cls/clsView9fca.html]
[class.foxconnect.kr/contents/CLASS/THUMB/20241218/20241218010123654_thumb_1920x1080.jpg]
[class.foxconnect.kr/fox/cls/clsView3371.html]
[class.foxconnect.kr/contents/CLASS/THUMB/20241218/20241218010152873_thumb_1920x1080.jpg]
[class.foxconnect.kr/fox/cls/clsView6ccf-2.html]
[class.foxconnect.kr/contents/CLASS/THUMB/20241218/20241218010556458_thumb_1920x1080.jpg]
[class.foxconnect.kr/fox/cls/clsViewf435.html]
[class.foxconnect.kr/contents/CLASS/THUMB/20241218/20241218011942236_thumb_1920x1080.jpg]
[class.foxconnect.kr/fox/cls/clsView5c8b.html]
[class.foxconnect.kr/contents/CLASS/THUMB/20241218/20241218012017872_thumb_1920x1080.jpg]
[class.foxconnect.kr/fox/cls/clsViewf9a4.html]
[class.foxconnect.kr/fox/cls/globalSearch5813.html]
[class.foxconnect.kr/contents/CLASS/THUMB/20241218/20241218012054521_thumb_1920x1080.jpg]
[class.foxconnect.kr/fox/cls/clsView023b.html]
[class.foxconnect.kr/contents/CLASS/THUMB/20241218/20241218012129351_thumb_1920x1080.jpg]
[class.foxconnect.kr/fox/cls/clsViewa862.html]
[class.foxconnect.kr/contents/CLASS/THUMB/20241218/20241218012202480_thumb_1920x1080.jpg]
[class.foxconnect.kr/fox/cls/clsView93d6.html]
[class.foxconnect.kr/contents/CLASS/THUMB/20241218/20241218012234815_thumb_1920x1080.jpg]
[class.foxconnect.kr/fox/cls/clsViewaada.html]
[class.foxconnect.kr/contents/CLASS/THUMB/20241218/20241218012303695_thumb_1920x1080.jpg]
[class.foxconnect.kr/fox/cls/clsView3fa1.html]
[class.foxconnect.kr/contents/CLASS/THUMB/20241218/20241218012338651_thumb_1920x1080.jpg]
[class.foxconnect.kr/fox/cls/clsView687d.html]
[class.foxconnect.kr/contents/CLASS/THUMB/20241218/20241218012407079_thumb_1920x1080.jpg]
[class.foxconnect.kr/fox/cls/clsViewf040.html]
[class.foxconnect.kr/contents/CLASS/THUMB/20241218/20241218012436233_thumb_1920x1080.jpg]
[class.foxconnect.kr/fox/cls/clsView972c.html]
[class.foxconnect.kr/contents/CLASS/THUMB/20241218/20241218012509025_thumb_1920x1080.jpg]
[class.foxconnect.kr/fox/cls/clsView6b90.html]
[class.foxconnect.kr/contents/CLASS/THUMB/20241218/20241218012540916_thumb_1920x1080.jpg]
[class.foxconnect.kr/fox/cls/clsView98e7.html]
[class.foxconnect.kr/contents/CLASS/THUMB/20241218/20241218012611510_thumb_1920x1080.jpg]
[class.foxconnect.kr/fox/cls/clsView1424.html]
[class.foxconnect.kr/contents/CLASS/THUMB/20241218/20241218012640280_thumb_1920x1080.jpg]
[class.foxconnect.kr/fox/cls/clsView4c9d.html]
[class.foxconnect.kr/contents/CLASS/THUMB/20241218/20241218012708519_thumb_1920x1080.jpg]
[class.foxconnect.kr/fox/cls/clsView854c.html]
[class.foxconnect.kr/contents/CLASS/THUMB/20241218/20241218012752497_thumb_1920x1080.jpg]
[class.foxconnect.kr/fox/cls/clsViewea7c.html]
[class.foxconnect.kr/contents/CLASS/THUMB/20241218/20241218012821584_thumb_1920x1080.jpg]
[class.foxconnect.kr/fox/cls/clsView8be3.html]
[class.foxconnect.kr/contents/CLASS/THUMB/20241218/20241218012849102_thumb_1920x1080.jpg]
[class.foxconnect.kr/fox/cls/clsView578d.html]
[class.foxconnect.kr/contents/CLASS/THUMB/20241218/20241218012918053_thumb_1920x1080.jpg]
[class.foxconnect.kr/fox/cls/clsView570b.html]
[class.foxconnect.kr/contents/CLASS/THUMB/20241218/20241218012945554_thumb_1920x1080.jpg]
[class.foxconnect.kr/fox/cls/clsViewbb11.html]
[class.foxconnect.kr/contents/CLASS/THUMB/20241218/20241218013011128_thumb_1920x1080.jpg]
[class.foxconnect.kr/fox/cls/clsViewbc89.html]
[class.foxconnect.kr/contents/CLASS/THUMB/20241218/20241218013041083_thumb_1920x1080.jpg]
[class.foxconnect.kr/fox/cls/clsView9602.html]
[class.foxconnect.kr/fox/cls/globalSearchd101.html]
[class.foxconnect.kr/contents/CLASS/THUMB/20241218/20241218013108291_thumb_1920x1080.jpg]
[class.foxconnect.kr/fox/cls/clsViewf3ab.html]
[class.foxconnect.kr/contents/CLASS/THUMB/20241218/20241218013136925_thumb_1920x1080.jpg]
[class.foxconnect.kr/fox/cls/clsViewbf35.html]
[class.foxconnect.kr/contents/CLASS/THUMB/20241218/20241218013247576_thumb_1920x1080.jpg]
[class.foxconnect.kr/fox/cls/clsView526d.html]
[class.foxconnect.kr/contents/CLASS/THUMB/20241218/20241218013314727_thumb_1920x1080.jpg]
[class.foxconnect.kr/fox/cls/clsViewfec6.html]
[class.foxconnect.kr/contents/CLASS/THUMB/20241218/20241218013343814_thumb_1920x1080.jpg]
[class.foxconnect.kr/fox/cls/clsView5aa3.html]
[class.foxconnect.kr/contents/CLASS/THUMB/20241218/20241218013418876_thumb_1920x1080.jpg]
[class.foxconnect.kr/fox/cls/clsView9917.html]
[class.foxconnect.kr/contents/CLASS/THUMB/20241218/20241218013445607_thumb_1920x1080.jpg]
[class.foxconnect.kr/fox/cls/clsView82d0.html]
[class.foxconnect.kr/contents/CLASS/THUMB/20241218/20241218013511756_thumb_1920x1080.jpg]
[class.foxconnect.kr/fox/cls/clsViewf3fb.html]
[class.foxconnect.kr/contents/CLASS/THUMB/20241218/20241218013537855_thumb_1920x1080.jpg]
[class.foxconnect.kr/fox/cls/clsView9f00.html]
[class.foxconnect.kr/contents/CLASS/THUMB/20241218/20241218013604265_thumb_1920x1080.jpg]
[class.foxconnect.kr/fox/cls/clsView51cf.html]
[class.foxconnect.kr/contents/CLASS/THUMB/20241218/20241218013633338_thumb_1920x1080.jpg]
[class.foxconnect.kr/fox/cls/clsViewb315.html]
[class.foxconnect.kr/contents/CLASS/THUMB/20241218/20241218013702307_thumb_1920x1080.jpg]
[class.foxconnect.kr/fox/cls/clsView09ec-2.html]
[class.foxconnect.kr/contents/CLASS/THUMB/20241218/20241218013729341_thumb_1920x1080.jpg]
[class.foxconnect.kr/fox/cls/clsViewc493.html]
[class.foxconnect.kr/contents/CLASS/THUMB/20241218/20241218013757500_thumb_1920x1080.jpg]
[class.foxconnect.kr/fox/cls/clsView822a-2.html]
[class.foxconnect.kr/contents/CLASS/THUMB/20241218/20241218013826107_thumb_1920x1080.jpg]
[class.foxconnect.kr/fox/cls/clsView5f84.html]
[class.foxconnect.kr/contents/CLASS/THUMB/20241218/20241218013855233_thumb_1920x1080.jpg]
[class.foxconnect.kr/fox/cls/clsViewaf2a.html]
[class.foxconnect.kr/contents/CLASS/THUMB/20241218/20241218014105843_thumb_1920x1080.jpg]
[class.foxconnect.kr/fox/cls/clsViewd5a0.html]
[class.foxconnect.kr/contents/CLASS/THUMB/20241218/20241218014134647_thumb_1920x1080.jpg]
[class.foxconnect.kr/fox/cls/clsViewf122.html]
[class.foxconnect.kr/contents/CLASS/THUMB/20241218/20241218014201527_thumb_1920x1080.jpg]
[class.foxconnect.kr/fox/cls/clsViewe78d.html]
[class.foxconnect.kr/contents/CLASS/THUMB/20241218/20241218014233479_thumb_1920x1080.jpg]
[class.foxconnect.kr/fox/cls/clsViewdcac.html]
[class.foxconnect.kr/fox/cls/globalSearch4fba.html]
[class.foxconnect.kr/contents/CLASS/THUMB/20241218/20241218014301749_thumb_1920x1080.jpg]
[class.foxconnect.kr/fox/cls/clsView2e36.html]
[class.foxconnect.kr/contents/CLASS/THUMB/20241218/20241218014329294_thumb_1920x1080.jpg]
[class.foxconnect.kr/fox/cls/clsViewf26d.html]
[class.foxconnect.kr/contents/CLASS/THUMB/20241218/20241218014356139_thumb_1920x1080.jpg]
[class.foxconnect.kr/fox/cls/clsView2738.html]
[class.foxconnect.kr/contents/CLASS/THUMB/20241218/20241218014449691_thumb_1920x1080.jpg]
[class.foxconnect.kr/fox/cls/clsView1606.html]
[class.foxconnect.kr/contents/CLASS/THUMB/20241218/20241218014516724_thumb_1920x1080.jpg]
[class.foxconnect.kr/fox/cls/clsView7417.html]
[class.foxconnect.kr/contents/CLASS/THUMB/20241218/20241218014543283_thumb_1920x1080.jpg]
[class.foxconnect.kr/fox/cls/clsView711e.html]
[class.foxconnect.kr/contents/CLASS/THUMB/20241218/20241218014616724_thumb_1920x1080.jpg]
[class.foxconnect.kr/fox/cls/clsView932e.html]
[class.foxconnect.kr/contents/CLASS/THUMB/20241218/20241218014700709_thumb_1920x1080.jpg]
[class.foxconnect.kr/fox/cls/clsView84f9.html]
[class.foxconnect.kr/contents/CLASS/THUMB/20241218/20241218014728296_thumb_1920x1080.jpg]
[class.foxconnect.kr/fox/cls/clsView2c72.html]
[class.foxconnect.kr/contents/CLASS/THUMB/20241218/20241218014755829_thumb_1920x1080.jpg]
[class.foxconnect.kr/fox/cls/clsView34da.html]
[class.foxconnect.kr/contents/CLASS/THUMB/20241218/20241218014900765_thumb_1920x1080.jpg]
[class.foxconnect.kr/fox/cls/clsView78db.html]
[class.foxconnect.kr/contents/CLASS/THUMB/20241218/20241218015138889_thumb_1920x1080.jpg]
[class.foxconnect.kr/fox/cls/clsViewa3a6.html]
[class.foxconnect.kr/contents/CLASS/THUMB/20241218/20241218015209195_thumb_1920x1080.jpg]
[class.foxconnect.kr/fox/cls/clsViewb42b.html]
[class.foxconnect.kr/contents/CLASS/THUMB/20241218/20241218015239985_thumb_1920x1080.jpg]
[class.foxconnect.kr/fox/cls/clsView085e.html]
[class.foxconnect.kr/contents/CLASS/THUMB/20241218/20241218015309667_thumb_1920x1080.jpg]
[class.foxconnect.kr/fox/cls/clsViewc922.html]
[class.foxconnect.kr/contents/CLASS/THUMB/20241218/20241218015337040_thumb_1920x1080.jpg]
[class.foxconnect.kr/fox/cls/clsView0b66.html]
[class.foxconnect.kr/contents/CLASS/THUMB/20241218/20241218015405135_thumb_1920x1080.jpg]
[class.foxconnect.kr/fox/cls/clsViewfb58.html]
[class.foxconnect.kr/contents/CLASS/THUMB/20241218/20241218015431519_thumb_1920x1080.jpg]
[class.foxconnect.kr/fox/cls/clsViewc1eb.html]
[class.foxconnect.kr/contents/CLASS/THUMB/20241218/20241218015458158_thumb_1920x1080.jpg]
[class.foxconnect.kr/fox/cls/clsView45ac.html]
[class.foxconnect.kr/contents/CLASS/THUMB/20241218/20241218015526295_thumb_1920x1080.jpg]
[class.foxconnect.kr/fox/cls/clsView274f.html]
[class.foxconnect.kr/contents/CLASS/THUMB/20241218/20241218015555127_thumb_1920x1080.jpg]
[class.foxconnect.kr/fox/cls/globalSearche8fd.html]
[class.foxconnect.kr/fox/cls/clsView9d20.html]
[class.foxconnect.kr/contents/CLASS/THUMB/20241218/20241218015623062_thumb_1920x1080.jpg]
[class.foxconnect.kr/fox/cls/clsView980f.html]
[class.foxconnect.kr/contents/CLASS/THUMB/20241218/20241218021824693_thumb_1920x1080.jpg]
[class.foxconnect.kr/fox/cls/clsView5962.html]
[class.foxconnect.kr/contents/CLASS/THUMB/20241218/20241218021856955_thumb_1920x1080.jpg]
[class.foxconnect.kr/fox/cls/clsView277a.html]
[class.foxconnect.kr/contents/CLASS/THUMB/20241218/20241218021931674_thumb_1920x1080.jpg]
[class.foxconnect.kr/fox/cls/clsView9219.html]
[class.foxconnect.kr/contents/CLASS/THUMB/20241218/20241218021958837_thumb_1920x1080.jpg]
[class.foxconnect.kr/fox/cls/clsView403d-2.html]
[class.foxconnect.kr/contents/CLASS/THUMB/20241218/20241218022040958_thumb_1920x1080.jpg]
[class.foxconnect.kr/fox/cls/clsView3026.html]
[class.foxconnect.kr/contents/CLASS/THUMB/20241218/20241218022118891_thumb_1920x1080.jpg]
[class.foxconnect.kr/fox/cls/clsViewf9bd.html]
[class.foxconnect.kr/contents/CLASS/THUMB/20241218/20241218022145771_thumb_1920x1080.jpg]
[class.foxconnect.kr/fox/cls/clsView7ebf.html]
[class.foxconnect.kr/contents/CLASS/THUMB/20241218/20241218022211383_thumb_1920x1080.jpg]
[class.foxconnect.kr/fox/cls/clsView737d.html]
[class.foxconnect.kr/contents/CLASS/THUMB/20241218/20241218022251294_thumb_1920x1080.jpg]
[class.foxconnect.kr/fox/cls/clsViewe708-2.html]
[class.foxconnect.kr/contents/CLASS/THUMB/20241218/20241218022322774_thumb_1920x1080.jpg]
[class.foxconnect.kr/fox/cls/clsView0109-2.html]
[class.foxconnect.kr/contents/CLASS/THUMB/20241218/20241218022523564_thumb_1920x1080.jpg]
[class.foxconnect.kr/fox/cls/clsView599a.html]
[class.foxconnect.kr/contents/CLASS/THUMB/20241218/20241218022553893_thumb_1920x1080.jpg]
[class.foxconnect.kr/fox/cls/clsView85d9.html]
[class.foxconnect.kr/contents/CLASS/THUMB/20241218/20241218022627387_thumb_1920x1080.jpg]
[class.foxconnect.kr/fox/cls/clsView0947.html]
[class.foxconnect.kr/contents/CLASS/THUMB/20241218/20241218022718272_thumb_1920x1080.jpg]
[class.foxconnect.kr/fox/cls/clsViewd56d-3.html]
[class.foxconnect.kr/contents/CLASS/THUMB/20241218/20241218022810903_thumb_1920x1080.jpg]
[class.foxconnect.kr/fox/cls/clsView13b5.html]
[class.foxconnect.kr/contents/CLASS/THUMB/20241218/20241218022842125_thumb_1920x1080.jpg]
[class.foxconnect.kr/fox/cls/clsViewfbc8.html]
[class.foxconnect.kr/contents/CLASS/THUMB/20241218/20241218022914337_thumb_1920x1080.jpg]
[class.foxconnect.kr/fox/cls/clsView9b2f.html]
[class.foxconnect.kr/contents/CLASS/THUMB/20241218/20241218022941061_thumb_1920x1080.jpg]
[class.foxconnect.kr/fox/cls/clsViewa8ab.html]
[class.foxconnect.kr/fox/cls/globalSearch7b49.html]
[class.foxconnect.kr/contents/CLASS/THUMB/20241218/20241218023009581_thumb_1920x1080.jpg]
[class.foxconnect.kr/fox/cls/clsView126a.html]
[class.foxconnect.kr/contents/CLASS/THUMB/20241218/20241218023047886_thumb_1920x1080.jpg]
[class.foxconnect.kr/fox/cls/clsViewccac.html]
[class.foxconnect.kr/contents/CLASS/THUMB/20241218/20241218023113834_thumb_1920x1080.jpg]
[class.foxconnect.kr/fox/cls/clsView72bc.html]
[class.foxconnect.kr/contents/CLASS/THUMB/20241218/20241218023139780_thumb_1920x1080.jpg]
[class.foxconnect.kr/fox/cls/clsViewa7f6.html]
[class.foxconnect.kr/contents/CLASS/THUMB/20241218/20241218023236731_thumb_1920x1080.jpg]
[class.foxconnect.kr/fox/cls/clsViewf74e.html]
[class.foxconnect.kr/contents/CLASS/THUMB/20241218/20241218023304628_thumb_1920x1080.jpg]
[class.foxconnect.kr/fox/cls/clsView5b7f.html]
[class.foxconnect.kr/contents/CLASS/THUMB/20241218/20241218023335357_thumb_1920x1080.jpg]
[class.foxconnect.kr/fox/cls/clsViewdb78.html]
[class.foxconnect.kr/contents/CLASS/THUMB/20241218/20241218023403660_thumb_1920x1080.jpg]
[class.foxconnect.kr/fox/cls/clsViewd5ca.html]
[class.foxconnect.kr/contents/CLASS/THUMB/20241218/20241218023432256_thumb_1920x1080.jpg]
[class.foxconnect.kr/fox/cls/clsView1e2f.html]
[class.foxconnect.kr/contents/CLASS/THUMB/20241218/20241218023457924_thumb_1920x1080.jpg]
[class.foxconnect.kr/fox/cls/clsViewa918.html]
[class.foxconnect.kr/contents/CLASS/THUMB/20241218/20241218023527528_thumb_1920x1080.jpg]
[class.foxconnect.kr/fox/cls/clsView219e-2.html]
[class.foxconnect.kr/contents/CLASS/THUMB/20241218/20241218023616583_thumb_1920x1080.jpg]
[class.foxconnect.kr/fox/cls/clsViewf0d5.html]
[class.foxconnect.kr/contents/CLASS/THUMB/20241218/20241218023642347_thumb_1920x1080.jpg]
[class.foxconnect.kr/fox/cls/clsView5331.html]
[class.foxconnect.kr/contents/CLASS/THUMB/20241218/20241218023708324_thumb_1920x1080.jpg]
[class.foxconnect.kr/fox/cls/clsView0b8a.html]
[class.foxconnect.kr/contents/CLASS/THUMB/20241218/20241218023738369_thumb_1920x1080.jpg]
[class.foxconnect.kr/fox/cls/clsView0165.html]
[class.foxconnect.kr/contents/CLASS/THUMB/20241218/20241218023806282_thumb_1920x1080.jpg]
[class.foxconnect.kr/fox/cls/clsView6a5a.html]
[class.foxconnect.kr/contents/CLASS/THUMB/20241218/20241218023831227_thumb_1920x1080.jpg]
[class.foxconnect.kr/fox/cls/clsView7cfb-2.html]
[class.foxconnect.kr/contents/CLASS/THUMB/20241218/20241218023904051_thumb_1920x1080.jpg]
[class.foxconnect.kr/fox/cls/clsView8902.html]
[class.foxconnect.kr/contents/CLASS/THUMB/20241218/20241218023932121_thumb_1920x1080.jpg]
[class.foxconnect.kr/fox/cls/clsView2434.html]
[class.foxconnect.kr/contents/CLASS/THUMB/20241218/20241218024030592_thumb_1920x1080.jpg]
[class.foxconnect.kr/fox/cls/clsViewf7c1-2.html]
[class.foxconnect.kr/fox/cls/globalSearch0550.html]
[class.foxconnect.kr/contents/CLASS/THUMB/20241218/20241218024057990_thumb_1920x1080.jpg]
[class.foxconnect.kr/fox/cls/clsView207d.html]
[class.foxconnect.kr/contents/CLASS/THUMB/20241218/20241218024153231_thumb_1920x1080.jpg]
[class.foxconnect.kr/fox/cls/clsViewae6e.html]
[class.foxconnect.kr/contents/CLASS/THUMB/20241218/20241218024224283_thumb_1920x1080.jpg]
[class.foxconnect.kr/fox/cls/clsViewc888.html]
[class.foxconnect.kr/contents/CLASS/THUMB/20241218/20241218024252864_thumb_1920x1080.jpg]
[class.foxconnect.kr/fox/cls/clsView0458.html]
[class.foxconnect.kr/contents/CLASS/THUMB/20241218/20241218024321000_thumb_1920x1080.jpg]
[class.foxconnect.kr/fox/cls/clsViewf350.html]
[class.foxconnect.kr/contents/CLASS/THUMB/20241218/20241218024347178_thumb_1920x1080.jpg]
[class.foxconnect.kr/fox/cls/clsView0dfd.html]
[class.foxconnect.kr/contents/CLASS/THUMB/20241218/20241218024415689_thumb_1920x1080.jpg]
[class.foxconnect.kr/fox/cls/clsViewbf71.html]
[class.foxconnect.kr/contents/CLASS/THUMB/20241218/20241218024444029_thumb_1920x1080.jpg]
[class.foxconnect.kr/fox/cls/clsView629c.html]
[class.foxconnect.kr/contents/CLASS/THUMB/20241218/20241218024512116_thumb_1920x1080.jpg]
[class.foxconnect.kr/fox/cls/clsViewf5da.html]
[class.foxconnect.kr/contents/CLASS/THUMB/20241218/20241218024539734_thumb_1920x1080.jpg]
[class.foxconnect.kr/fox/cls/clsView4b5e.html]
[class.foxconnect.kr/contents/CLASS/THUMB/20241218/20241218024607235_thumb_1920x1080.jpg]
[class.foxconnect.kr/fox/cls/clsView8631.html]
[class.foxconnect.kr/contents/CLASS/THUMB/20241218/20241218024649448_thumb_1920x1080.jpg]
[class.foxconnect.kr/fox/cls/clsView08be.html]
[class.foxconnect.kr/contents/CLASS/THUMB/20241218/20241218024714911_thumb_1920x1080.jpg]
[class.foxconnect.kr/fox/cls/clsView49c4.html]
[class.foxconnect.kr/contents/CLASS/THUMB/20241218/20241218025944853_thumb_1920x1080.jpg]
[class.foxconnect.kr/fox/cls/clsView74e2.html]
[class.foxconnect.kr/contents/CLASS/THUMB/20241218/20241218030013829_thumb_1920x1080.jpg]
[class.foxconnect.kr/fox/cls/clsViewcc0c.html]
[class.foxconnect.kr/contents/CLASS/THUMB/20241218/20241218030042024_thumb_1920x1080.jpg]
[class.foxconnect.kr/fox/cls/clsView2b84.html]
[class.foxconnect.kr/contents/CLASS/THUMB/20241218/20241218030112330_thumb_1920x1080.jpg]
[class.foxconnect.kr/fox/cls/clsViewfa9b.html]
[class.foxconnect.kr/contents/CLASS/THUMB/20241218/20241218030140465_thumb_1920x1080.jpg]
[class.foxconnect.kr/fox/cls/clsView3558.html]
[class.foxconnect.kr/contents/CLASS/THUMB/20241218/20241218030209709_thumb_1920x1080.jpg]
[class.foxconnect.kr/fox/cls/clsView887b.html]
[class.foxconnect.kr/contents/CLASS/THUMB/20241218/20241218030238316_thumb_1920x1080.jpg]
[class.foxconnect.kr/fox/cls/clsView1b00.html]
[class.foxconnect.kr/fox/cls/globalSearch6e8c.html]
[class.foxconnect.kr/contents/CLASS/THUMB/20241218/20241218030306498_thumb_1920x1080.jpg]
[class.foxconnect.kr/fox/cls/clsView2f69.html]
[class.foxconnect.kr/contents/CLASS/THUMB/20241218/20241218030332893_thumb_1920x1080.jpg]
[class.foxconnect.kr/fox/cls/clsView1bb8.html]
[class.foxconnect.kr/contents/CLASS/THUMB/20241218/20241218030358029_thumb_1920x1080.jpg]
[class.foxconnect.kr/fox/cls/clsView6ffb.html]
[class.foxconnect.kr/contents/CLASS/THUMB/20241218/20241218030425814_thumb_1920x1080.jpg]
[class.foxconnect.kr/fox/cls/clsView31d9-2.html]
[class.foxconnect.kr/contents/CLASS/THUMB/20241218/20241218030453279_thumb_1920x1080.jpg]
[class.foxconnect.kr/fox/cls/clsViewefb6.html]
[class.foxconnect.kr/contents/CLASS/THUMB/20241218/20241218030519378_thumb_1920x1080.jpg]
[class.foxconnect.kr/fox/cls/clsView9cb1.html]
[class.foxconnect.kr/contents/CLASS/THUMB/20241218/20241218030548677_thumb_1920x1080.jpg]
[class.foxconnect.kr/fox/cls/clsViewc0c3.html]
[class.foxconnect.kr/contents/CLASS/THUMB/20241218/20241218030614080_thumb_1920x1080.jpg]
[class.foxconnect.kr/fox/cls/clsView6569.html]
[class.foxconnect.kr/contents/CLASS/THUMB/20241218/20241218030653867_thumb_1920x1080.jpg]
[class.foxconnect.kr/fox/cls/clsView34c1.html]
[class.foxconnect.kr/contents/CLASS/THUMB/20241218/20241218030722082_thumb_1920x1080.jpg]
[class.foxconnect.kr/fox/cls/clsView8f30.html]
[class.foxconnect.kr/contents/CLASS/THUMB/20241218/20241218030753110_thumb_1920x1080.jpg]
[class.foxconnect.kr/fox/cls/clsView9111.html]
[class.foxconnect.kr/contents/CLASS/THUMB/20241218/20241218030819721_thumb_1920x1080.jpg]
[class.foxconnect.kr/fox/cls/clsViewa456.html]
[class.foxconnect.kr/contents/CLASS/THUMB/20241218/20241218030847615_thumb_1920x1080.jpg]
[class.foxconnect.kr/fox/cls/clsView79bc.html]
[class.foxconnect.kr/contents/CLASS/THUMB/20241218/20241218030914528_thumb_1920x1080.jpg]
[class.foxconnect.kr/fox/cls/clsView0214.html]
[class.foxconnect.kr/contents/CLASS/THUMB/20241218/20241218030941139_thumb_1920x1080.jpg]
[class.foxconnect.kr/fox/cls/clsViewe6e9.html]
[class.foxconnect.kr/contents/CLASS/THUMB/20241218/20241218031010164_thumb_1920x1080.jpg]
[class.foxconnect.kr/fox/cls/clsViewfd66.html]
[class.foxconnect.kr/contents/CLASS/THUMB/20241218/20241218031035573_thumb_1920x1080.jpg]
[class.foxconnect.kr/fox/cls/clsVieweb80.html]
[class.foxconnect.kr/contents/CLASS/THUMB/20241218/20241218031103633_thumb_1920x1080.jpg]
[class.foxconnect.kr/fox/cls/clsViewce45.html]
[class.foxconnect.kr/contents/CLASS/THUMB/20241218/20241218031137449_thumb_1920x1080.jpg]
[class.foxconnect.kr/fox/cls/clsViewff97.html]
[class.foxconnect.kr/contents/CLASS/THUMB/20241218/20241218031218549_thumb_1920x1080.jpg]
[class.foxconnect.kr/fox/cls/clsView6e1e.html]
[class.foxconnect.kr/fox/cls/globalSearch1d29.html]
[class.foxconnect.kr/contents/CLASS/THUMB/20241218/20241218031249892_thumb_1920x1080.jpg]
[class.foxconnect.kr/fox/cls/clsViewc0c1.html]
[class.foxconnect.kr/contents/CLASS/THUMB/20241218/20241218031315935_thumb_1920x1080.jpg]
[class.foxconnect.kr/fox/cls/clsViewd041.html]
[class.foxconnect.kr/contents/CLASS/THUMB/20241218/20241218031341861_thumb_1920x1080.jpg]
[class.foxconnect.kr/fox/cls/clsView6f54.html]
[class.foxconnect.kr/contents/CLASS/THUMB/20241218/20241218031504897_thumb_1920x1080.jpg]
[class.foxconnect.kr/fox/cls/clsView13a3.html]
[class.foxconnect.kr/contents/CLASS/THUMB/20241218/20241218031531562_thumb_1920x1080.jpg]
[class.foxconnect.kr/fox/cls/clsViewd002.html]
[class.foxconnect.kr/contents/CLASS/THUMB/20241218/20241218031620165_thumb_1920x1080.jpg]
[class.foxconnect.kr/fox/cls/clsView76c4.html]
[class.foxconnect.kr/contents/CLASS/THUMB/20241218/20241218031707776_thumb_1920x1080.jpg]
[class.foxconnect.kr/fox/cls/clsView8ead.html]
[class.foxconnect.kr/contents/CLASS/THUMB/20241218/20241218031735287_thumb_1920x1080.jpg]
[class.foxconnect.kr/fox/cls/clsView0806.html]
[class.foxconnect.kr/contents/CLASS/THUMB/20241218/20241218031803576_thumb_1920x1080.jpg]
[class.foxconnect.kr/fox/cls/clsView0c9d.html]
[class.foxconnect.kr/contents/CLASS/THUMB/20241218/20241218031831695_thumb_1920x1080.jpg]
[class.foxconnect.kr/fox/cls/clsView0da8.html]
[class.foxconnect.kr/contents/CLASS/THUMB/20241218/20241218031859128_thumb_1920x1080.jpg]
[class.foxconnect.kr/fox/cls/clsViewfe19.html]
[class.foxconnect.kr/contents/CLASS/THUMB/20241218/20241218031924884_thumb_1920x1080.jpg]
[class.foxconnect.kr/fox/cls/clsViewcc36.html]
[class.foxconnect.kr/contents/CLASS/THUMB/20241218/20241218031953551_thumb_1920x1080.jpg]
[class.foxconnect.kr/fox/cls/clsView2539.html]
[class.foxconnect.kr/contents/CLASS/THUMB/20241218/20241218032025211_thumb_1920x1080.jpg]
[class.foxconnect.kr/fox/cls/clsView7ef3.html]
[class.foxconnect.kr/contents/CLASS/THUMB/20241218/20241218032058778_thumb_1920x1080.jpg]
[class.foxconnect.kr/fox/cls/clsView1216.html]
[class.foxconnect.kr/contents/CLASS/THUMB/20241218/20241218032129139_thumb_1920x1080.jpg]
[class.foxconnect.kr/fox/cls/clsView8c48.html]
[class.foxconnect.kr/contents/CLASS/THUMB/20241218/20241218032156721_thumb_1920x1080.jpg]
[class.foxconnect.kr/fox/cls/clsView89f6.html]
[class.foxconnect.kr/contents/CLASS/THUMB/20241218/20241218032223883_thumb_1920x1080.jpg]
[class.foxconnect.kr/fox/cls/clsVieweb38.html]
[class.foxconnect.kr/contents/CLASS/THUMB/20241218/20241218032252686_thumb_1920x1080.jpg]
[class.foxconnect.kr/fox/cls/clsView553e.html]
[class.foxconnect.kr/contents/CLASS/THUMB/20241218/20241218032454753_thumb_1920x1080.jpg]
[class.foxconnect.kr/fox/cls/clsView4aec.html]
[class.foxconnect.kr/contents/CLASS/THUMB/20241218/20241218032524195_thumb_1920x1080.jpg]
[class.foxconnect.kr/fox/cls/globalSearch1fac.html]
[class.foxconnect.kr/fox/cls/clsView752f.html]
[class.foxconnect.kr/contents/CLASS/THUMB/20241218/20241218032555770_thumb_1920x1080.jpg]
[class.foxconnect.kr/fox/cls/clsView20a3.html]
[class.foxconnect.kr/contents/CLASS/THUMB/20241218/20241218032624864_thumb_1920x1080.jpg]
[class.foxconnect.kr/fox/cls/clsView0dc4.html]
[class.foxconnect.kr/contents/CLASS/THUMB/20241218/20241218032657197_thumb_1920x1080.jpg]
[class.foxconnect.kr/fox/cls/clsView3151.html]
[class.foxconnect.kr/contents/CLASS/THUMB/20241218/20241218032730023_thumb_1920x1080.jpg]
[class.foxconnect.kr/fox/cls/clsView10c9.html]
[class.foxconnect.kr/contents/CLASS/THUMB/20241218/20241218032800201_thumb_1920x1080.jpg]
[class.foxconnect.kr/fox/cls/clsView3730.html]
[class.foxconnect.kr/contents/CLASS/THUMB/20241218/20241218032827997_thumb_1920x1080.jpg]
[class.foxconnect.kr/fox/cls/clsViewba0d.html]
[class.foxconnect.kr/contents/CLASS/THUMB/20241218/20241218032857076_thumb_1920x1080.jpg]
[class.foxconnect.kr/fox/cls/clsView098f.html]
[class.foxconnect.kr/contents/CLASS/THUMB/20241218/20241218033019518_thumb_1920x1080.jpg]
[class.foxconnect.kr/fox/cls/clsView5b4a.html]
[class.foxconnect.kr/contents/CLASS/THUMB/20241218/20241218033042634_thumb_1920x1080.jpg]
[class.foxconnect.kr/fox/cls/clsView9c8e.html]
[class.foxconnect.kr/contents/CLASS/THUMB/20241218/20241218033110160_thumb_1920x1080.jpg]
[class.foxconnect.kr/fox/cls/clsViewc586.html]
[class.foxconnect.kr/contents/CLASS/THUMB/20241218/20241218033137605_thumb_1920x1080.jpg]
[class.foxconnect.kr/fox/cls/clsView0430.html]
[class.foxconnect.kr/contents/CLASS/THUMB/20241218/20241218034949147_thumb_1920x1080.jpg]
[class.foxconnect.kr/fox/cls/clsView3146.html]
[class.foxconnect.kr/contents/CLASS/THUMB/20241218/20241218035031219_thumb_1920x1080.jpg]
[class.foxconnect.kr/fox/cls/clsViewdfff.html]
[class.foxconnect.kr/contents/CLASS/THUMB/20241218/20241218035113833_thumb_1920x1080.jpg]
[class.foxconnect.kr/fox/cls/clsView19ee.html]
[class.foxconnect.kr/contents/CLASS/THUMB/20241218/20241218035143679_thumb_1920x1080.jpg]
[class.foxconnect.kr/fox/cls/clsView8a59.html]
[class.foxconnect.kr/contents/CLASS/THUMB/20241218/20241218035210519_thumb_1920x1080.jpg]
[class.foxconnect.kr/fox/cls/clsView488e.html]
[class.foxconnect.kr/contents/CLASS/THUMB/20241218/20241218035243618_thumb_1920x1080.jpg]
[class.foxconnect.kr/fox/cls/clsView07bb.html]
[class.foxconnect.kr/contents/CLASS/THUMB/20241218/20241218035313618_thumb_1920x1080.jpg]
[class.foxconnect.kr/fox/cls/clsView96b0-2.html]
[class.foxconnect.kr/contents/CLASS/THUMB/20241218/20241218035444183_thumb_1920x1080.jpg]
[class.foxconnect.kr/fox/cls/clsViewbd63.html]
[class.foxconnect.kr/contents/CLASS/THUMB/20241218/20241218035510937_thumb_1920x1080.jpg]
[class.foxconnect.kr/fox/cls/globalSearch8137.html]
[class.foxconnect.kr/fox/cls/clsView16e7.html]
[class.foxconnect.kr/fox/cls/clsView6ef1.html]
[class.foxconnect.kr/fox/cls/clsViewbae9.html]
[class.foxconnect.kr/fox/cls/clsViewf0a5.html]
[class.foxconnect.kr/fox/cls/clsView6f34.html]
[class.foxconnect.kr/fox/cls/clsView4893.html]
[class.foxconnect.kr/fox/cls/clsView773e.html]
[class.foxconnect.kr/fox/cls/clsView1a54.html]
[class.foxconnect.kr/fox/cls/clsView91c3.html]
[class.foxconnect.kr/fox/cls/clsViewa795.html]
[class.foxconnect.kr/fox/cls/clsViewc73b.html]
[class.foxconnect.kr/fox/cls/clsViewa21a.html]
[class.foxconnect.kr/fox/cls/clsView2131.html]
[class.foxconnect.kr/fox/cls/clsViewb280.html]
[class.foxconnect.kr/fox/cls/clsView4e67-2.html]
[class.foxconnect.kr/fox/cls/clsView1e12.html]
[class.foxconnect.kr/fox/cls/clsViewbcf9.html]
[class.foxconnect.kr/fox/cls/clsViewb318.html]
[class.foxconnect.kr/fox/cls/clsViewf8fd.html]
[class.foxconnect.kr/fox/cls/clsViewa945.html]
[class.foxconnect.kr/fox/cls/clsView3045.html]
[class.foxconnect.kr/fox/cls/clsView3923.html]
[class.foxconnect.kr/fox/cls/clsViewccee.html]
[class.foxconnect.kr/fox/cls/clsViewe668.html]
[class.foxconnect.kr/fox/cls/clsViewa8e1.html]
[class.foxconnect.kr/fox/cls/clsView4c5e-2.html]
[class.foxconnect.kr/fox/cls/clsViewe281.html]
[class.foxconnect.kr/fox/cls/clsView37dc.html]
[class.foxconnect.kr/fox/cls/clsViewc356.html]
[class.foxconnect.kr/fox/cls/clsView6e08.html]
[class.foxconnect.kr/fox/cls/clsViewea19.html]
[class.foxconnect.kr/fox/cls/clsViewea59.html]
[class.foxconnect.kr/fox/cls/clsView94aa.html]
[class.foxconnect.kr/fox/cls/clsViewa3d2.html]
[class.foxconnect.kr/fox/cls/clsView1019-2.html]
[class.foxconnect.kr/fox/cls/clsViewcb7a.html]
[class.foxconnect.kr/fox/cls/clsViewded3.html]
[class.foxconnect.kr/fox/cls/clsViewbdbf.html]
[class.foxconnect.kr/fox/cls/clsView3175.html]
[class.foxconnect.kr/fox/cls/clsView64a9.html]
[class.foxconnect.kr/fox/cls/clsView219c.html]
[class.foxconnect.kr/fox/cls/clsView741c.html]
[class.foxconnect.kr/fox/cls/clsViewd2c6.html]
[class.foxconnect.kr/fox/cls/clsViewaaaf.html]
[class.foxconnect.kr/fox/cls/clsViewec6d.html]
[class.foxconnect.kr/fox/cls/clsViewf626.html]
[class.foxconnect.kr/fox/cls/clsViewc88a.html]
[class.foxconnect.kr/fox/cls/clsView566d.html]
[class.foxconnect.kr/fox/cls/clsView2b24.html]
[class.foxconnect.kr/fox/cls/clsView46b3.html]
[class.foxconnect.kr/fox/cls/clsViewdd9b.html]
[class.foxconnect.kr/fox/cls/clsView65d0.html]
[class.foxconnect.kr/fox/cls/clsView585b.html]
[class.foxconnect.kr/fox/cls/clsView1195.html]
[class.foxconnect.kr/fox/cls/clsView90c6.html]
[class.foxconnect.kr/fox/cls/clsViewd2f1.html]
[class.foxconnect.kr/fox/cls/clsView0bea.html]
[class.foxconnect.kr/fox/cls/clsView8261.html]
[class.foxconnect.kr/fox/cls/clsView4e0d.html]
[class.foxconnect.kr/fox/cls/clsView7241.html]
[class.foxconnect.kr/fox/cls/clsViewd8f5.html]
[class.foxconnect.kr/fox/cls/clsView99d3.html]
[class.foxconnect.kr/fox/cls/clsView5ecb.html]
[class.foxconnect.kr/fox/cls/clsViewfb4b-2.html]
[class.foxconnect.kr/fox/cls/clsViewf5f6.html]
[class.foxconnect.kr/fox/cls/clsView1501.html]
[class.foxconnect.kr/fox/cls/clsView8087.html]
[class.foxconnect.kr/fox/cls/clsView9526.html]
[class.foxconnect.kr/fox/cls/clsView20ff.html]
[class.foxconnect.kr/fox/cls/clsView07a7.html]
[class.foxconnect.kr/fox/cls/clsView7469.html]
[class.foxconnect.kr/fox/cls/clsViewfa2c.html]
[class.foxconnect.kr/fox/cls/clsViewc785.html]
[class.foxconnect.kr/fox/cls/clsView47d5.html]
[class.foxconnect.kr/fox/cls/clsView78fe.html]
[class.foxconnect.kr/fox/cls/clsView02a3.html]
[class.foxconnect.kr/fox/cls/clsViewdc6c.html]
[class.foxconnect.kr/fox/cls/clsViewba16.html]
[class.foxconnect.kr/fox/cls/clsView76bc.html]
[class.foxconnect.kr/fox/cls/clsView20f5.html]
[class.foxconnect.kr/fox/cls/clsView7036.html]
[class.foxconnect.kr/fox/cls/clsViewd7be.html]
[class.foxconnect.kr/fox/cls/clsView98dc.html]
[class.foxconnect.kr/fox/cls/clsView24bb.html]
[class.foxconnect.kr/fox/cls/clsView680c.html]
[class.foxconnect.kr/fox/cls/clsViewa447-2.html]
[class.foxconnect.kr/fox/cls/clsView8e6f.html]
[class.foxconnect.kr/fox/cls/clsView2cf3.html]
[class.foxconnect.kr/fox/cls/clsView8a4d-2.html]
[class.foxconnect.kr/fox/cls/clsViewb879.html]
[class.foxconnect.kr/fox/cls/clsView02c3.html]
[class.foxconnect.kr/fox/cls/clsView79b9.html]
[class.foxconnect.kr/fox/cls/clsViewd774.html]
[class.foxconnect.kr/fox/cls/clsViewa093.html]
[class.foxconnect.kr/fox/cls/clsView895a.html]
[class.foxconnect.kr/fox/cls/clsView5e39.html]
[class.foxconnect.kr/fox/cls/clsView940b.html]
[class.foxconnect.kr/fox/cls/clsViewda13.html]
[class.foxconnect.kr/fox/cls/clsView22db.html]
[class.foxconnect.kr/fox/cls/clsViewfd46.html]
[class.foxconnect.kr/fox/cls/clsView6656.html]
[class.foxconnect.kr/fox/cls/clsView75f7.html]
[class.foxconnect.kr/fox/cls/clsView68a6.html]
[class.foxconnect.kr/fox/cls/clsViewf29f.html]
[class.foxconnect.kr/fox/cls/clsViewd788.html]
[class.foxconnect.kr/fox/cls/clsViewd6f8.html]
[class.foxconnect.kr/fox/cls/clsViewb894-2.html]
[class.foxconnect.kr/fox/cls/clsViewc977.html]
[class.foxconnect.kr/fox/cls/clsView3faa.html]
[class.foxconnect.kr/fox/cls/clsView0b36.html]
[class.foxconnect.kr/fox/cls/clsView3468.html]
[class.foxconnect.kr/fox/cls/clsViewbdc2.html]
[class.foxconnect.kr/fox/cls/clsViewecc3.html]
[class.foxconnect.kr/fox/cls/clsView0cea.html]
[class.foxconnect.kr/fox/cls/clsViewd73c.html]
[class.foxconnect.kr/fox/cls/clsViewb64b.html]
[class.foxconnect.kr/fox/cls/clsViewdfca.html]
[class.foxconnect.kr/fox/cls/clsView7661.html]
[class.foxconnect.kr/fox/cls/clsViewc426.html]
[class.foxconnect.kr/fox/cls/clsViewfca8.html]
[class.foxconnect.kr/fox/cls/clsView3616.html]
[class.foxconnect.kr/fox/cls/clsView179e.html]
[class.foxconnect.kr/fox/cls/clsView8859.html]
[class.foxconnect.kr/fox/cls/clsView2f5e.html]
[class.foxconnect.kr/fox/cls/clsView004a-2.html]
[class.foxconnect.kr/fox/cls/clsView1e6f.html]
[class.foxconnect.kr/fox/cls/clsViewa473.html]
[class.foxconnect.kr/fox/cls/clsView42fb.html]
[class.foxconnect.kr/fox/cls/clsView0032.html]
[class.foxconnect.kr/fox/cls/clsView3ed3.html]
[class.foxconnect.kr/fox/cls/clsViewec3b.html]
[class.foxconnect.kr/fox/cls/clsViewb0f7.html]
[class.foxconnect.kr/fox/cls/clsView3b9d.html]
[class.foxconnect.kr/fox/cls/clsViewd8c8.html]
[class.foxconnect.kr/fox/cls/globalSearchfae5.html]
[class.foxconnect.kr/fox/cls/globalSearch48ea.html]
[class.foxconnect.kr/fox/cls/globalSearchd560.html]
[class.foxconnect.kr/fox/cls/globalSearch8aff.html]
[class.foxconnect.kr/fox/cls/globalSearchabdb.html]
[class.foxconnect.kr/fox/cls/globalSearche890.html]
[class.foxconnect.kr/fox/cls/globalSearch2146.html]
[class.foxconnect.kr/fox/cls/globalSearch148e.html]
[class.foxconnect.kr/fox/cls/clsView7b16.html]
[class.foxconnect.kr/contents/CLASS/THUMB/20240801/20240801124330312_thumb_1920x1080.jpg]
[class.foxconnect.kr/fox/cls/globalSearchcf22.html]
[class.foxconnect.kr/fox/cls/globalSearch81a4.html]
[class.foxconnect.kr/fox/cls/globalSearch5586.html]
[class.foxconnect.kr/fox/cls/globalSearch52e7.html]
[class.foxconnect.kr/fox/cls/globalSearch4c58.html]
[class.foxconnect.kr/fox/cls/globalSearch12a5.html]
[class.foxconnect.kr/fox/cls/globalSearch6e28.html]
[class.foxconnect.kr/fox/cls/globalSearche1c0.html]
[class.foxconnect.kr/fox/cls/globalSearch10a1.html]
[class.foxconnect.kr/fox/cls/globalSearch0cff.html]
[class.foxconnect.kr/fox/cls/globalSearchdcf3.html]
[class.foxconnect.kr/fox/cls/globalSearch79b4.html]
[class.foxconnect.kr/fox/cls/clsView19b7.html]
[class.foxconnect.kr/contents/CLASS/THUMB/20241212/20241212011808952_thumb_1920x1080.jpg]
[class.foxconnect.kr/fox/cls/clsView514f.html]
[class.foxconnect.kr/contents/CLASS/THUMB/20241212/20241212011921999_thumb_1920x1080.jpg]
[class.foxconnect.kr/fox/cls/clsViewca04.html]
[class.foxconnect.kr/contents/CLASS/THUMB/20241212/20241212012101654_thumb_1920x1080.jpg]
[class.foxconnect.kr/fox/cls/clsView4042.html]
[class.foxconnect.kr/contents/CLASS/THUMB/20241212/20241212012326339_thumb_1920x1080.jpg]
[class.foxconnect.kr/fox/cls/clsViewa463.html]
[class.foxconnect.kr/contents/CLASS/THUMB/20241212/20241212012704984_thumb_1920x1080.jpg]
[class.foxconnect.kr/fox/cls/clsView08c2.html]
[class.foxconnect.kr/contents/CLASS/THUMB/20241212/20241212012853990_thumb_1920x1080.jpg]
[class.foxconnect.kr/fox/cls/clsView7fbe.html]
[class.foxconnect.kr/contents/CLASS/THUMB/20241212/20241212012949142_thumb_1920x1080.jpg]
[class.foxconnect.kr/fox/cls/clsView3fac.html]
[class.foxconnect.kr/contents/CLASS/THUMB/20241212/20241212013223960_thumb_1920x1080.jpg]
[class.foxconnect.kr/fox/cls/clsViewfde1.html]
[class.foxconnect.kr/contents/CLASS/THUMB/20241212/20241212013411350_thumb_1920x1080.jpg]
[class.foxconnect.kr/fox/cls/clsView56d9.html]
[class.foxconnect.kr/contents/CLASS/THUMB/20241212/20241212013621318_thumb_1920x1080.jpg]
[class.foxconnect.kr/fox/cls/globalSearch7d05.html]
[class.foxconnect.kr/fox/cls/globalSearch38cf.html]
[class.foxconnect.kr/fox/cls/globalSearch6819.html]
[class.foxconnect.kr/fox/cls/globalSearchac3f.html]
[class.foxconnect.kr/fox/cls/globalSearchb272.html]
[class.foxconnect.kr/fox/cls/globalSearchccca.html]
[class.foxconnect.kr/fox/cls/globalSearch09a9.html]
[class.foxconnect.kr/fox/cls/globalSearch642f.html]
[class.foxconnect.kr/fox/cls/globalSearch71d4.html]
[class.foxconnect.kr/fox/cls/globalSearchcfbf.html]
[class.foxconnect.kr/fox/cls/globalSearchd972.html]
[class.foxconnect.kr/fox/cls/clsViewd266.html]
[class.foxconnect.kr/contents/CLASS/THUMB/20241212/20241212013847259_thumb_1920x1080.jpg]
[class.foxconnect.kr/fox/cls/clsView463c-2.html]
[class.foxconnect.kr/contents/CLASS/THUMB/20241212/20241212013957346_thumb_1920x1080.jpg]
[class.foxconnect.kr/fox/cls/clsViewb3aa.html]
[class.foxconnect.kr/contents/CLASS/THUMB/20241212/20241212014131196_thumb_1920x1080.jpg]
[class.foxconnect.kr/fox/cls/clsView3257.html]
[class.foxconnect.kr/contents/CLASS/THUMB/20241212/20241212014230018_thumb_1920x1080.jpg]
[class.foxconnect.kr/fox/cls/clsViewe553.html]
[class.foxconnect.kr/contents/CLASS/THUMB/20241212/20241212014330512_thumb_1920x1080.jpg]
[class.foxconnect.kr/fox/cls/clsViewf2b1.html]
[class.foxconnect.kr/contents/CLASS/THUMB/20241212/20241212014621887_thumb_1920x1080.jpg]
[class.foxconnect.kr/fox/cls/clsViewa76f.html]
[class.foxconnect.kr/contents/CLASS/THUMB/20241212/20241212015452417_thumb_1920x1080.jpg]
[class.foxconnect.kr/fox/cls/clsView9a14.html]
[class.foxconnect.kr/contents/CLASS/THUMB/20241212/20241212015550596_thumb_1920x1080.jpg]
[class.foxconnect.kr/fox/cls/clsViewcd9c.html]
[class.foxconnect.kr/contents/CLASS/THUMB/20241212/20241212015956998_thumb_1920x1080.jpg]
[class.foxconnect.kr/fox/cls/clsView28a7.html]
[class.foxconnect.kr/contents/CLASS/THUMB/20241212/20241212020115316_thumb_1920x1080.jpg]
[class.foxconnect.kr/fox/cls/globalSearch3e10.html]
[class.foxconnect.kr/fox/cls/clsView73f9.html]
[class.foxconnect.kr/contents/CLASS/THUMB/20241212/20241212022919727_thumb_1920x1080.jpg]
[class.foxconnect.kr/fox/cls/clsView22f0.html]
[class.foxconnect.kr/contents/CLASS/THUMB/20241212/20241212023039755_thumb_1920x1080.jpg]
[class.foxconnect.kr/fox/cls/clsView0896.html]
[class.foxconnect.kr/contents/CLASS/THUMB/20241212/20241212023144427_thumb_1920x1080.jpg]
[class.foxconnect.kr/fox/cls/clsView6ce0.html]
[class.foxconnect.kr/contents/CLASS/THUMB/20241212/20241212023235416_thumb_1920x1080.jpg]
[class.foxconnect.kr/fox/cls/clsView3944.html]
[class.foxconnect.kr/contents/CLASS/THUMB/20241212/20241212023402069_thumb_1920x1080.jpg]
[class.foxconnect.kr/fox/cls/clsView0b61.html]
[class.foxconnect.kr/contents/CLASS/THUMB/20241212/20241212023459047_thumb_1920x1080.jpg]
[class.foxconnect.kr/fox/cls/clsView65dc.html]
[class.foxconnect.kr/contents/CLASS/THUMB/20241212/20241212023639462_thumb_1920x1080.jpg]
[class.foxconnect.kr/fox/cls/clsView32c2.html]
[class.foxconnect.kr/contents/CLASS/THUMB/20241212/20241212023855563_thumb_1920x1080.jpg]
[class.foxconnect.kr/fox/cls/clsView34e1.html]
[class.foxconnect.kr/contents/CLASS/THUMB/20241212/20241212023931742_thumb_1920x1080.jpg]
[class.foxconnect.kr/fox/cls/clsView4b0f.html]
[class.foxconnect.kr/contents/CLASS/THUMB/20241212/20241212024153340_thumb_1920x1080.jpg]
[class.foxconnect.kr/fox/cls/clsView2688.html]
[class.foxconnect.kr/contents/CLASS/THUMB/20241212/20241212024252359_thumb_1920x1080.jpg]
[class.foxconnect.kr/fox/cls/clsView8232.html]
[class.foxconnect.kr/contents/CLASS/THUMB/20241212/20241212024343369_thumb_1920x1080.jpg]
[class.foxconnect.kr/fox/cls/clsViewc3e1.html]
[class.foxconnect.kr/contents/CLASS/THUMB/20241212/20241212024449451_thumb_1920x1080.jpg]
[class.foxconnect.kr/fox/cls/clsViewd538.html]
[class.foxconnect.kr/contents/CLASS/THUMB/20241212/20241212024545421_thumb_1920x1080.jpg]
[class.foxconnect.kr/fox/cls/globalSearch3405.html]
[class.foxconnect.kr/fox/cls/clsView62d9.html]
[class.foxconnect.kr/contents/CLASS/THUMB/20241212/20241212024645635_thumb_1920x1080.jpg]
[class.foxconnect.kr/fox/cls/clsView561e.html]
[class.foxconnect.kr/contents/CLASS/THUMB/20241212/20241212024758436_thumb_1920x1080.jpg]
[class.foxconnect.kr/fox/cls/clsView343b-2.html]
[class.foxconnect.kr/contents/CLASS/THUMB/20241212/20241212024926138_thumb_1920x1080.jpg]
[class.foxconnect.kr/fox/cls/clsView1231.html]
[class.foxconnect.kr/contents/CLASS/THUMB/20241212/20241212025141979_thumb_1920x1080.jpg]
[class.foxconnect.kr/fox/cls/clsView1362.html]
[class.foxconnect.kr/contents/CLASS/THUMB/20241212/20241212025329961_thumb_1920x1080.jpg]
[class.foxconnect.kr/fox/cls/clsViewb0fb.html]
[class.foxconnect.kr/contents/CLASS/THUMB/20241212/20241212025944489_thumb_1920x1080.jpg]
[class.foxconnect.kr/fox/cls/clsView2b4b.html]
[class.foxconnect.kr/contents/CLASS/THUMB/20241212/20241212030022495_thumb_1920x1080.jpg]
[class.foxconnect.kr/fox/cls/clsView0af6.html]
[class.foxconnect.kr/contents/CLASS/THUMB/20241212/20241212030243228_thumb_1920x1080.jpg]
[class.foxconnect.kr/fox/cls/clsView91ad.html]
[class.foxconnect.kr/contents/CLASS/THUMB/20241212/20241212030348792_thumb_1920x1080.jpg]
[class.foxconnect.kr/fox/cls/clsViewc2e9.html]
[class.foxconnect.kr/contents/CLASS/THUMB/20241212/20241212030839093_thumb_1920x1080.jpg]
[class.foxconnect.kr/fox/cls/clsView4277.html]
[class.foxconnect.kr/contents/CLASS/THUMB/20241212/20241212030950506_thumb_1920x1080.jpg]
[class.foxconnect.kr/fox/cls/clsView2c24.html]
[class.foxconnect.kr/contents/CLASS/THUMB/20241212/20241212031050470_thumb_1920x1080.jpg]
[class.foxconnect.kr/fox/cls/clsView1b0b.html]
[class.foxconnect.kr/contents/CLASS/THUMB/20241212/20241212031138149_thumb_1920x1080.jpg]
[class.foxconnect.kr/fox/cls/clsView4b74.html]
[class.foxconnect.kr/fox/cls/globalSearchffed.html]
[class.foxconnect.kr/contents/CLASS/THUMB/20241212/20241212031619044_thumb_1920x1080.jpg]
[class.foxconnect.kr/fox/cls/clsView3801.html]
[class.foxconnect.kr/contents/CLASS/THUMB/20241212/20241212031733929_thumb_1920x1080.jpg]
[class.foxconnect.kr/fox/cls/clsView2183.html]
[class.foxconnect.kr/contents/CLASS/THUMB/20241212/20241212031837115_thumb_1920x1080.jpg]
[class.foxconnect.kr/fox/cls/clsViewd1ee.html]
[class.foxconnect.kr/contents/CLASS/THUMB/20241212/20241212031946313_thumb_1920x1080.jpg]
[class.foxconnect.kr/fox/cls/clsView790e.html]
[class.foxconnect.kr/contents/CLASS/THUMB/20241212/20241212032011892_thumb_1920x1080.jpg]
[class.foxconnect.kr/fox/cls/clsViewe7be.html]
[class.foxconnect.kr/contents/CLASS/THUMB/20241212/20241212032116346_thumb_1920x1080.jpg]
[class.foxconnect.kr/fox/cls/clsView8b17.html]
[class.foxconnect.kr/contents/CLASS/THUMB/20241212/20241212032223198_thumb_1920x1080.jpg]
[class.foxconnect.kr/fox/cls/clsView0a17.html]
[class.foxconnect.kr/contents/CLASS/THUMB/20241212/20241212032407822_thumb_1920x1080.jpg]
[class.foxconnect.kr/fox/cls/clsView2c7b.html]
[class.foxconnect.kr/contents/CLASS/THUMB/20241212/20241212035222802_thumb_1920x1080.jpg]
[class.foxconnect.kr/fox/cls/clsView7867-2.html]
[class.foxconnect.kr/contents/CLASS/THUMB/20241212/20241212035729203_thumb_1920x1080.jpg]
[class.foxconnect.kr/fox/cls/clsViewd1f9.html]
[class.foxconnect.kr/contents/CLASS/THUMB/20241212/20241212035924184_thumb_1920x1080.jpg]
[class.foxconnect.kr/fox/cls/clsView0db8.html]
[class.foxconnect.kr/contents/CLASS/THUMB/20241212/20241212040121061_thumb_1920x1080.jpg]
[class.foxconnect.kr/fox/cls/clsView5023.html]
[class.foxconnect.kr/contents/CLASS/THUMB/20241212/20241212040303685_thumb_1920x1080.jpg]
[class.foxconnect.kr/fox/cls/clsView4a5c.html]
[class.foxconnect.kr/contents/CLASS/THUMB/20241212/20241212040408934_thumb_1920x1080.jpg]
[class.foxconnect.kr/fox/cls/clsView67b8.html]
[class.foxconnect.kr/contents/CLASS/THUMB/20241212/20241212040536958_thumb_1920x1080.jpg]
[class.foxconnect.kr/fox/cls/clsView179f.html]
[class.foxconnect.kr/fox/cls/globalSearchf214.html]
[class.foxconnect.kr/contents/CLASS/THUMB/20241212/20241212040615926_thumb_1920x1080.jpg]
[class.foxconnect.kr/fox/cls/clsView5c4c.html]
[class.foxconnect.kr/contents/CLASS/THUMB/20241212/20241212040658240_thumb_1920x1080.jpg]
[class.foxconnect.kr/fox/cls/clsViewab35.html]
[class.foxconnect.kr/contents/CLASS/THUMB/20241212/20241212040941476_thumb_1920x1080.jpg]
[class.foxconnect.kr/fox/cls/clsView0f02.html]
[class.foxconnect.kr/contents/CLASS/THUMB/20241212/20241212041029982_thumb_1920x1080.jpg]
[class.foxconnect.kr/fox/cls/clsView5028.html]
[class.foxconnect.kr/contents/CLASS/THUMB/20241212/20241212041210096_thumb_1920x1080.jpg]
[class.foxconnect.kr/fox/cls/clsViewc26f.html]
[class.foxconnect.kr/contents/CLASS/THUMB/20241212/20241212041320731_thumb_1920x1080.jpg]
[class.foxconnect.kr/fox/cls/clsView7928.html]
[class.foxconnect.kr/contents/CLASS/THUMB/20241212/20241212041428899_thumb_1920x1080.jpg]
[class.foxconnect.kr/fox/cls/clsView0d75.html]
[class.foxconnect.kr/contents/CLASS/THUMB/20241212/20241212041825902_thumb_1920x1080.jpg]
[class.foxconnect.kr/fox/cls/clsView89e9.html]
[class.foxconnect.kr/contents/CLASS/THUMB/20241212/20241212041942858_thumb_1920x1080.jpg]
[class.foxconnect.kr/fox/cls/clsView7368.html]
[class.foxconnect.kr/contents/CLASS/THUMB/20241212/20241212042038345_thumb_1920x1080.jpg]
[class.foxconnect.kr/fox/cls/clsView6d8e.html]
[class.foxconnect.kr/contents/CLASS/THUMB/20241212/20241212042102288_thumb_1920x1080.jpg]
[class.foxconnect.kr/fox/cls/clsView8f8f.html]
[class.foxconnect.kr/contents/CLASS/THUMB/20241212/20241212042315274_thumb_1920x1080.jpg]
[class.foxconnect.kr/fox/cls/clsView41b3.html]
[class.foxconnect.kr/contents/CLASS/THUMB/20241212/20241212042414499_thumb_1920x1080.jpg]
[class.foxconnect.kr/fox/cls/clsView1d04.html]
[class.foxconnect.kr/contents/CLASS/THUMB/20241212/20241212042533657_thumb_1920x1080.jpg]
[class.foxconnect.kr/fox/cls/clsView751b.html]
[class.foxconnect.kr/contents/CLASS/THUMB/20241212/20241212042648344_thumb_1920x1080.jpg]
[class.foxconnect.kr/fox/cls/clsView6031.html]
[class.foxconnect.kr/contents/CLASS/THUMB/20241212/20241212042721205_thumb_1920x1080.jpg]
[class.foxconnect.kr/fox/cls/clsView950c.html]
[class.foxconnect.kr/contents/CLASS/THUMB/20241212/20241212042932144_thumb_1920x1080.jpg]
[class.foxconnect.kr/fox/cls/globalSearch9acd.html]
[class.foxconnect.kr/fox/cls/clsViewc90d.html]
[class.foxconnect.kr/contents/CLASS/THUMB/20241212/20241212043031193_thumb_1920x1080.jpg]
[class.foxconnect.kr/fox/cls/clsViewa732.html]
[class.foxconnect.kr/contents/CLASS/THUMB/20241212/20241212043059982_thumb_1920x1080.jpg]
[class.foxconnect.kr/fox/cls/clsView405f.html]
[class.foxconnect.kr/contents/CLASS/THUMB/20241212/20241212043319227_thumb_1920x1080.jpg]
[class.foxconnect.kr/fox/cls/clsView3060.html]
[class.foxconnect.kr/contents/CLASS/THUMB/20241212/20241212043502368_thumb_1920x1080.jpg]
[class.foxconnect.kr/fox/cls/clsView2499.html]
[class.foxconnect.kr/contents/CLASS/THUMB/20241212/20241212043658492_thumb_1920x1080.jpg]
[class.foxconnect.kr/fox/cls/clsView5cc0.html]
[class.foxconnect.kr/contents/CLASS/THUMB/20241212/20241212043825649_thumb_1920x1080.jpg]
[class.foxconnect.kr/fox/cls/clsView9a02.html]
[class.foxconnect.kr/contents/CLASS/THUMB/20241212/20241212045738849_thumb_1920x1080.jpg]
[class.foxconnect.kr/fox/cls/clsView59b1.html]
[class.foxconnect.kr/contents/CLASS/THUMB/20241212/20241212045841333_thumb_1920x1080.jpg]
[class.foxconnect.kr/fox/cls/clsViewf437.html]
[class.foxconnect.kr/contents/CLASS/THUMB/20241212/20241212045921670_thumb_1920x1080.jpg]
[class.foxconnect.kr/fox/cls/clsView6420.html]
[class.foxconnect.kr/contents/CLASS/THUMB/20241212/20241212050106456_thumb_1920x1080.jpg]
[class.foxconnect.kr/fox/cls/clsViewe80f.html]
[class.foxconnect.kr/contents/CLASS/THUMB/20241212/20241212050300327_thumb_1920x1080.jpg]
[class.foxconnect.kr/fox/cls/clsView83c6.html]
[class.foxconnect.kr/contents/CLASS/THUMB/20241212/20241212050420412_thumb_1920x1080.jpg]
[class.foxconnect.kr/fox/cls/clsView366f.html]
[class.foxconnect.kr/fox/cls/globalSearch8977.html]
[class.foxconnect.kr/contents/CLASS/THUMB/20241212/20241212050624069_thumb_1920x1080.jpg]
[class.foxconnect.kr/fox/cls/clsView4c17.html]
[class.foxconnect.kr/contents/CLASS/THUMB/20241212/20241212050817903_thumb_1920x1080.jpg]
[class.foxconnect.kr/fox/cls/clsView3e15.html]
[class.foxconnect.kr/contents/CLASS/THUMB/20241212/20241212051007382_thumb_1920x1080.jpg]
[class.foxconnect.kr/fox/cls/clsView6f93.html]
[class.foxconnect.kr/contents/CLASS/THUMB/20241212/20241212051033174_thumb_1920x1080.jpg]
[class.foxconnect.kr/fox/cls/clsView7106.html]
[class.foxconnect.kr/contents/CLASS/THUMB/20241212/20241212051116808_thumb_1920x1080.jpg]
[class.foxconnect.kr/fox/cls/clsView9d38.html]
[class.foxconnect.kr/contents/CLASS/THUMB/20241212/20241212051559269_thumb_1920x1080.jpg]
[class.foxconnect.kr/fox/cls/clsViewf9b6.html]
[class.foxconnect.kr/contents/CLASS/THUMB/20241212/20241212051656720_thumb_1920x1080.jpg]
[class.foxconnect.kr/fox/cls/clsView6f13.html]
[class.foxconnect.kr/contents/CLASS/THUMB/20241212/20241212052009902_thumb_1920x1080.jpg]
[class.foxconnect.kr/fox/cls/clsView3a4d.html]
[class.foxconnect.kr/contents/CLASS/THUMB/20241212/20241212052306105_thumb_1920x1080.jpg]
[class.foxconnect.kr/fox/cls/clsViewf030.html]
[class.foxconnect.kr/contents/CLASS/THUMB/20241212/20241212052510251_thumb_1920x1080.jpg]
[class.foxconnect.kr/fox/cls/clsViewe1e2.html]
[class.foxconnect.kr/contents/CLASS/THUMB/20241212/20241212052548114_thumb_1920x1080.jpg]
[class.foxconnect.kr/fox/cls/clsViewdf83.html]
[class.foxconnect.kr/contents/CLASS/THUMB/20241212/20241212052638619_thumb_1920x1080.jpg]
[class.foxconnect.kr/fox/cls/clsView562c.html]
[class.foxconnect.kr/fox/cls/globalSearchb5b4.html]
[class.foxconnect.kr/contents/CLASS/THUMB/20241212/20241212052740300_thumb_1920x1080.jpg]
[class.foxconnect.kr/fox/cls/clsView3488.html]
[class.foxconnect.kr/contents/CLASS/THUMB/20241212/20241212052826083_thumb_1920x1080.jpg]
[class.foxconnect.kr/fox/cls/clsView282f.html]
[class.foxconnect.kr/contents/CLASS/THUMB/20241212/20241212052916572_thumb_1920x1080.jpg]
[class.foxconnect.kr/fox/cls/clsView2861.html]
[class.foxconnect.kr/contents/CLASS/THUMB/20241212/20241212053028819_thumb_1920x1080.jpg]
[class.foxconnect.kr/fox/cls/clsViewac9c.html]
[class.foxconnect.kr/contents/CLASS/THUMB/20241212/20241212053111263_thumb_1920x1080.jpg]
[class.foxconnect.kr/fox/cls/clsView287a.html]
[class.foxconnect.kr/contents/CLASS/THUMB/20241212/20241212053707719_thumb_1920x1080.jpg]
[class.foxconnect.kr/fox/cls/clsViewb368.html]
[class.foxconnect.kr/contents/CLASS/THUMB/20241212/20241212053810403_thumb_1920x1080.jpg]
[class.foxconnect.kr/fox/cls/clsViewf30f.html]
[class.foxconnect.kr/contents/CLASS/THUMB/20241212/20241212053921821_thumb_1920x1080.jpg]
[class.foxconnect.kr/fox/cls/clsView6365.html]
[class.foxconnect.kr/contents/CLASS/THUMB/20241212/20241212054026812_thumb_1920x1080.jpg]
[class.foxconnect.kr/fox/cls/clsView0290.html]
[class.foxconnect.kr/contents/CLASS/THUMB/20241212/20241212054114359_thumb_1920x1080.jpg]
[class.foxconnect.kr/fox/cls/clsViewf808.html]
[class.foxconnect.kr/contents/CLASS/THUMB/20241212/20241212054215381_thumb_1920x1080.jpg]
[class.foxconnect.kr/fox/cls/clsView0abf.html]
[class.foxconnect.kr/contents/CLASS/THUMB/20241212/20241212054408207_thumb_1920x1080.jpg]
[class.foxconnect.kr/fox/cls/clsView86cc.html]
[class.foxconnect.kr/contents/CLASS/THUMB/20241212/20241212054540884_thumb_1920x1080.jpg]
[class.foxconnect.kr/fox/cls/clsViewc26e.html]
[class.foxconnect.kr/contents/CLASS/THUMB/20241212/20241212054643233_thumb_1920x1080.jpg]
[class.foxconnect.kr/fox/cls/clsView178c.html]
[class.foxconnect.kr/contents/CLASS/THUMB/20241212/20241212054722987_thumb_1920x1080.jpg]
[class.foxconnect.kr/fox/cls/clsViewa4ee.html]
[class.foxconnect.kr/fox/cls/globalSearchd165.html]
[class.foxconnect.kr/contents/CLASS/THUMB/20241212/20241212054905190_thumb_1920x1080.jpg]
[class.foxconnect.kr/fox/cls/globalSearch8f5e.html]
[class.foxconnect.kr/fox/cls/clsViewe3e6.html]
[class.foxconnect.kr/fox/cls/clsView2f78.html]
[class.foxconnect.kr/fox/cls/clsViewc422.html]
[class.foxconnect.kr/fox/cls/clsView4e93.html]
[class.foxconnect.kr/fox/cls/clsView16d0.html]
[class.foxconnect.kr/fox/cls/clsView4991.html]
[class.foxconnect.kr/fox/cls/clsViewc76e.html]
[class.foxconnect.kr/fox/cls/clsView8712.html]
[class.foxconnect.kr/fox/cls/clsView101c.html]
[class.foxconnect.kr/fox/cls/clsViewfbfa.html]
[class.foxconnect.kr/fox/cls/clsView83b0.html]
[class.foxconnect.kr/fox/cls/clsView9cee.html]
[class.foxconnect.kr/fox/cls/clsView75b6.html]
[class.foxconnect.kr/fox/cls/clsView6e7a.html]
[class.foxconnect.kr/fox/cls/clsView94a5-2.html]
[class.foxconnect.kr/fox/cls/clsViewfc83.html]
[class.foxconnect.kr/fox/cls/clsView633e-3.html]
[class.foxconnect.kr/fox/cls/clsViewa802.html]
[class.foxconnect.kr/fox/cls/clsView540d.html]
[class.foxconnect.kr/fox/cls/clsView43b1.html]
[class.foxconnect.kr/fox/cls/clsView2d49.html]
[class.foxconnect.kr/fox/cls/clsViewe3f4.html]
[class.foxconnect.kr/fox/cls/clsViewa36a.html]
[class.foxconnect.kr/fox/cls/clsView52a3.html]
[class.foxconnect.kr/fox/cls/clsViewccfe.html]
[class.foxconnect.kr/fox/cls/clsView2216.html]
[class.foxconnect.kr/fox/cls/clsViewebb9.html]
[class.foxconnect.kr/fox/cls/clsView6811.html]
[class.foxconnect.kr/fox/cls/clsViewd933.html]
[class.foxconnect.kr/fox/cls/clsView48ad.html]
[class.foxconnect.kr/fox/cls/clsView5ed6.html]
[class.foxconnect.kr/fox/cls/clsViewb6f3.html]
[class.foxconnect.kr/fox/cls/clsView2c02.html]
[class.foxconnect.kr/fox/cls/clsView0f2c.html]
[class.foxconnect.kr/fox/cls/clsViewde99.html]
[class.foxconnect.kr/fox/cls/clsView6bc9.html]
[class.foxconnect.kr/fox/cls/clsView4dbe.html]
[class.foxconnect.kr/fox/cls/clsViewf577.html]
[class.foxconnect.kr/fox/cls/clsView73c0.html]
[class.foxconnect.kr/fox/cls/clsViewa03e.html]
[class.foxconnect.kr/fox/cls/clsViewfe95.html]
[class.foxconnect.kr/fox/cls/clsViewf08c.html]
[class.foxconnect.kr/fox/cls/clsView8b00.html]
[class.foxconnect.kr/fox/cls/clsView1d45.html]
[class.foxconnect.kr/fox/cls/clsView0c5a.html]
[class.foxconnect.kr/fox/cls/clsView15c7.html]
[class.foxconnect.kr/fox/cls/clsViewfc0d.html]
[class.foxconnect.kr/fox/cls/clsView2720.html]
[class.foxconnect.kr/fox/cls/clsView82c2.html]
[class.foxconnect.kr/fox/cls/clsView7c42.html]
[class.foxconnect.kr/fox/cls/clsView3f07.html]
[class.foxconnect.kr/fox/cls/clsView99bf.html]
[class.foxconnect.kr/fox/cls/clsViewd65a-2.html]
[class.foxconnect.kr/fox/cls/clsView58c0.html]
[class.foxconnect.kr/fox/cls/clsView6efe.html]
[class.foxconnect.kr/fox/cls/clsView5947.html]
[class.foxconnect.kr/fox/cls/clsViewa48d.html]
[class.foxconnect.kr/fox/cls/clsView0f27.html]
[class.foxconnect.kr/fox/cls/clsView6d23.html]
[class.foxconnect.kr/fox/cls/clsView5b30.html]
[class.foxconnect.kr/fox/cls/clsView9f47.html]
[class.foxconnect.kr/fox/cls/clsView7d02.html]
[class.foxconnect.kr/fox/cls/clsView09cd.html]
[class.foxconnect.kr/fox/cls/clsView8730.html]
[class.foxconnect.kr/fox/cls/clsViewdd05.html]
[class.foxconnect.kr/fox/cls/clsView267c.html]
[class.foxconnect.kr/fox/cls/clsViewd38a.html]
[class.foxconnect.kr/fox/cls/clsView8dc6.html]
[class.foxconnect.kr/fox/cls/clsViewb3e4.html]
[class.foxconnect.kr/fox/cls/clsView079f-2.html]
[class.foxconnect.kr/fox/cls/clsView458c.html]
[class.foxconnect.kr/fox/cls/clsView1cbc.html]
[class.foxconnect.kr/fox/cls/clsView92f1.html]
[class.foxconnect.kr/fox/cls/clsViewc8d6.html]
[class.foxconnect.kr/fox/cls/clsView1ee6.html]
[class.foxconnect.kr/fox/cls/clsView37a6.html]
[class.foxconnect.kr/fox/cls/clsViewc49b.html]
[class.foxconnect.kr/fox/cls/clsView905d.html]
[class.foxconnect.kr/fox/cls/clsView9235.html]
[class.foxconnect.kr/fox/cls/clsView9c16.html]
[class.foxconnect.kr/fox/cls/clsView6560.html]
[class.foxconnect.kr/fox/cls/clsView0790.html]
[class.foxconnect.kr/fox/cls/clsViewad49.html]
[class.foxconnect.kr/fox/cls/clsViewd21f.html]
[class.foxconnect.kr/fox/cls/clsView45f8.html]
[class.foxconnect.kr/fox/cls/clsViewad5b.html]
[class.foxconnect.kr/fox/cls/clsViewc2f5.html]
[class.foxconnect.kr/fox/cls/clsViewcb9d.html]
[class.foxconnect.kr/fox/cls/clsView0162.html]
[class.foxconnect.kr/fox/cls/clsViewc784.html]
[class.foxconnect.kr/fox/cls/clsView3ec9.html]
[class.foxconnect.kr/fox/cls/clsViewa4e7.html]
[class.foxconnect.kr/fox/cls/clsViewf095.html]
[class.foxconnect.kr/fox/cls/clsView147b.html]
[class.foxconnect.kr/fox/cls/clsViewbb8d.html]
[class.foxconnect.kr/fox/cls/clsViewecc6.html]
[class.foxconnect.kr/fox/cls/clsView6ac3.html]
[class.foxconnect.kr/fox/cls/clsView139e-2.html]
[class.foxconnect.kr/fox/cls/clsView7b00.html]
[class.foxconnect.kr/fox/cls/clsView70cb.html]
[class.foxconnect.kr/fox/cls/clsView0dc6-2.html]
[class.foxconnect.kr/fox/cls/clsViewe2d6-2.html]
[class.foxconnect.kr/fox/cls/clsViewd674.html]
[class.foxconnect.kr/fox/cls/clsViewe512.html]
[class.foxconnect.kr/fox/cls/clsViewe59c.html]
[class.foxconnect.kr/fox/cls/clsViewd045.html]
[class.foxconnect.kr/fox/cls/clsView3040.html]
[class.foxconnect.kr/fox/cls/clsView0d3f.html]
[class.foxconnect.kr/fox/cls/clsVieweb13.html]
[class.foxconnect.kr/fox/cls/clsView4e52.html]
[class.foxconnect.kr/fox/cls/clsViewe738.html]
[class.foxconnect.kr/fox/cls/clsViewa195.html]
[class.foxconnect.kr/fox/cls/clsViewa6ec.html]
[class.foxconnect.kr/fox/cls/clsViewa9b6.html]
[class.foxconnect.kr/fox/cls/clsViewd814.html]
[class.foxconnect.kr/fox/cls/clsViewb9c9.html]
[class.foxconnect.kr/fox/cls/clsViewfc51.html]
[class.foxconnect.kr/fox/cls/clsView2564.html]
[class.foxconnect.kr/fox/cls/clsView9c5d-2.html]
[class.foxconnect.kr/fox/cls/clsViewa26d.html]
[class.foxconnect.kr/fox/cls/clsView6202-2.html]
[class.foxconnect.kr/fox/cls/clsView11fd.html]
[class.foxconnect.kr/fox/cls/clsView29a0.html]
[class.foxconnect.kr/fox/cls/clsViewf16b.html]
[class.foxconnect.kr/fox/cls/clsViewf501.html]
[class.foxconnect.kr/fox/cls/clsView9c42.html]
[class.foxconnect.kr/fox/cls/clsView841f.html]
[class.foxconnect.kr/fox/cls/clsViewa524.html]
[class.foxconnect.kr/fox/cls/clsViewf0c0.html]
[class.foxconnect.kr/fox/cls/clsView64e8.html]
[class.foxconnect.kr/fox/cls/clsView0bf0.html]
[class.foxconnect.kr/fox/cls/clsView0ac4.html]
[class.foxconnect.kr/fox/cls/clsView208e.html]
[class.foxconnect.kr/fox/cls/clsView5dba.html]
[class.foxconnect.kr/fox/cls/clsView4e89.html]
[class.foxconnect.kr/fox/cls/clsViewf7fe.html]
[class.foxconnect.kr/fox/cls/clsView6828.html]
[class.foxconnect.kr/fox/cls/clsView0a0d.html]
[class.foxconnect.kr/fox/cls/clsViewe142.html]
[class.foxconnect.kr/fox/cls/clsView23bc.html]
[class.foxconnect.kr/fox/cls/clsView2b95.html]
[class.foxconnect.kr/fox/cls/clsViewed2e.html]
[class.foxconnect.kr/fox/cls/clsViewba6f.html]
[class.foxconnect.kr/fox/cls/clsView7c8e.html]
[class.foxconnect.kr/fox/cls/clsView4e9a.html]
[class.foxconnect.kr/fox/cls/clsView79c0.html]
[class.foxconnect.kr/fox/cls/clsViewa090.html]
[class.foxconnect.kr/fox/cls/clsViewd9b5.html]
[class.foxconnect.kr/fox/cls/clsView9815.html]
[class.foxconnect.kr/fox/cls/clsView9328.html]
[class.foxconnect.kr/fox/cls/clsView006d.html]
[class.foxconnect.kr/fox/cls/clsViewddf3.html]
[class.foxconnect.kr/fox/cls/clsView2b98.html]
[class.foxconnect.kr/fox/cls/clsView6093.html]
[class.foxconnect.kr/fox/cls/clsView2b1e.html]
[class.foxconnect.kr/fox/cls/clsViewfcdd.html]
[class.foxconnect.kr/fox/cls/clsView9610.html]
[class.foxconnect.kr/fox/cls/clsView86b1.html]
[class.foxconnect.kr/fox/cls/clsViewe0d5.html]
[class.foxconnect.kr/fox/cls/clsView710b.html]
[class.foxconnect.kr/fox/cls/clsView0bfe.html]
[class.foxconnect.kr/fox/cls/clsViewee20.html]
[class.foxconnect.kr/fox/cls/clsViewf63e-2.html]
[class.foxconnect.kr/fox/cls/clsViewe221.html]
[class.foxconnect.kr/fox/cls/clsView5d7c.html]
[class.foxconnect.kr/fox/cls/clsViewbff0.html]
[class.foxconnect.kr/fox/cls/clsView75b8.html]
[class.foxconnect.kr/fox/cls/clsView83a5.html]
[class.foxconnect.kr/fox/cls/clsView9461.html]
[class.foxconnect.kr/fox/cls/clsView4427.html]
[class.foxconnect.kr/fox/cls/clsView8e23.html]
[class.foxconnect.kr/fox/cls/clsView4e86.html]
[class.foxconnect.kr/fox/cls/clsViewe112.html]
[class.foxconnect.kr/fox/cls/clsViewe6cf.html]
[class.foxconnect.kr/fox/cls/clsView8e90.html]
[class.foxconnect.kr/fox/cls/clsView7df2.html]
[class.foxconnect.kr/fox/cls/clsViewaa29.html]
[class.foxconnect.kr/fox/cls/clsView6624.html]
[class.foxconnect.kr/fox/cls/clsView0f5a.html]
[class.foxconnect.kr/fox/cls/clsView9110.html]
[class.foxconnect.kr/fox/cls/clsView3573.html]
[class.foxconnect.kr/fox/cls/clsView109b-3.html]
[class.foxconnect.kr/fox/cls/clsView3680.html]
[class.foxconnect.kr/fox/cls/clsViewe04b.html]
[class.foxconnect.kr/fox/cls/clsView20f9.html]
[class.foxconnect.kr/fox/cls/clsView2d57.html]
[class.foxconnect.kr/fox/cls/clsViewd4fc.html]
[class.foxconnect.kr/fox/cls/clsView52e7.html]
[class.foxconnect.kr/fox/cls/clsView398d.html]
[class.foxconnect.kr/contents/CLASS/THUMB/20241217/20241217015727226_thumb_1920x1080.jpg]
[class.foxconnect.kr/fox/cls/clsView94eb.html]
[class.foxconnect.kr/contents/CLASS/THUMB/20241217/20241217015757482_thumb_1920x1080.jpg]
[class.foxconnect.kr/fox/cls/clsView8f50.html]
[class.foxconnect.kr/contents/CLASS/THUMB/20241217/20241217015846774_thumb_1920x1080.jpg]
[class.foxconnect.kr/fox/cls/clsView1fcc.html]
[class.foxconnect.kr/contents/CLASS/THUMB/20241217/20241217015915058_thumb_1920x1080.jpg]
[class.foxconnect.kr/fox/cls/clsVieweb15.html]
[class.foxconnect.kr/contents/CLASS/THUMB/20241217/20241217015950479_thumb_1920x1080.jpg]
[class.foxconnect.kr/fox/cls/clsViewee4c.html]
[class.foxconnect.kr/contents/CLASS/THUMB/20241217/20241217020020337_thumb_1920x1080.jpg]
[class.foxconnect.kr/fox/cls/clsView2451.html]
[class.foxconnect.kr/contents/CLASS/THUMB/20241217/20241217020047790_thumb_1920x1080.jpg]
[class.foxconnect.kr/fox/cls/clsView057c.html]
[class.foxconnect.kr/contents/CLASS/THUMB/20241217/20241217020113985_thumb_1920x1080.jpg]
[class.foxconnect.kr/fox/cls/clsView801f.html]
[class.foxconnect.kr/contents/CLASS/THUMB/20241217/20241217020143128_thumb_1920x1080.jpg]
[class.foxconnect.kr/fox/cls/clsView416e.html]
[class.foxconnect.kr/contents/CLASS/THUMB/20241217/20241217020213998_thumb_1920x1080.jpg]
[class.foxconnect.kr/fox/cls/clsViewa076.html]
[class.foxconnect.kr/contents/CLASS/THUMB/20241217/20241217020245000_thumb_1920x1080.jpg]
[class.foxconnect.kr/fox/cls/clsViewf4ef.html]
[class.foxconnect.kr/contents/CLASS/THUMB/20241217/20241217020405327_thumb_1920x1080.jpg]
[class.foxconnect.kr/fox/cls/clsView70d9.html]
[class.foxconnect.kr/contents/CLASS/THUMB/20241217/20241217020441121_thumb_1920x1080.jpg]
[class.foxconnect.kr/fox/cls/clsView1197.html]
[class.foxconnect.kr/contents/CLASS/THUMB/20241217/20241217020509149_thumb_1920x1080.jpg]
[class.foxconnect.kr/fox/cls/clsView3deb-2.html]
[class.foxconnect.kr/contents/CLASS/THUMB/20241217/20241217020543485_thumb_1920x1080.jpg]
[class.foxconnect.kr/fox/cls/clsView6f23.html]
[class.foxconnect.kr/contents/CLASS/THUMB/20241217/20241217020616249_thumb_1920x1080.jpg]
[class.foxconnect.kr/fox/cls/clsView6af8.html]
[class.foxconnect.kr/contents/CLASS/THUMB/20241217/20241217020647795_thumb_1920x1080.jpg]
[class.foxconnect.kr/fox/cls/clsViewdf35.html]
[class.foxconnect.kr/contents/CLASS/THUMB/20241217/20241217020715634_thumb_1920x1080.jpg]
[class.foxconnect.kr/fox/cls/clsView9bee.html]
[class.foxconnect.kr/contents/CLASS/THUMB/20241217/20241217020745615_thumb_1920x1080.jpg]
[class.foxconnect.kr/fox/cls/clsView95de.html]
[class.foxconnect.kr/fox/cls/globalSearch9e6f.html]
[class.foxconnect.kr/contents/CLASS/THUMB/20241217/20241217020940718_thumb_1920x1080.jpg]
[class.foxconnect.kr/fox/cls/clsViewc0ce.html]
[class.foxconnect.kr/contents/CLASS/THUMB/20241217/20241217021008828_thumb_1920x1080.jpg]
[class.foxconnect.kr/fox/cls/clsViewf63c.html]
[class.foxconnect.kr/contents/CLASS/THUMB/20241217/20241217021037357_thumb_1920x1080.jpg]
[class.foxconnect.kr/fox/cls/clsView41f9.html]
[class.foxconnect.kr/contents/CLASS/THUMB/20241217/20241217021105257_thumb_1920x1080.jpg]
[class.foxconnect.kr/fox/cls/clsView29d0.html]
[class.foxconnect.kr/contents/CLASS/THUMB/20241217/20241217021139984_thumb_1920x1080.jpg]
[class.foxconnect.kr/fox/cls/clsViewe3c4.html]
[class.foxconnect.kr/contents/CLASS/THUMB/20241217/20241217021208319_thumb_1920x1080.jpg]
[class.foxconnect.kr/fox/cls/clsView55f3.html]
[class.foxconnect.kr/contents/CLASS/THUMB/20241217/20241217021248589_thumb_1920x1080.jpg]
[class.foxconnect.kr/fox/cls/clsView3d2e.html]
[class.foxconnect.kr/contents/CLASS/THUMB/20241217/20241217021316028_thumb_1920x1080.jpg]
[class.foxconnect.kr/fox/cls/clsViewad2d.html]
[class.foxconnect.kr/contents/CLASS/THUMB/20241217/20241217021354560_thumb_1920x1080.jpg]
[class.foxconnect.kr/fox/cls/clsViewb0e7.html]
[class.foxconnect.kr/contents/CLASS/THUMB/20241217/20241217021421744_thumb_1920x1080.jpg]
[class.foxconnect.kr/fox/cls/clsView03bc.html]
[class.foxconnect.kr/contents/CLASS/THUMB/20241217/20241217021526587_thumb_1920x1080.jpg]
[class.foxconnect.kr/fox/cls/clsViewd9ee.html]
[class.foxconnect.kr/contents/CLASS/THUMB/20241217/20241217021559984_thumb_1920x1080.jpg]
[class.foxconnect.kr/fox/cls/clsView0c11.html]
[class.foxconnect.kr/contents/CLASS/THUMB/20241217/20241217021643469_thumb_1920x1080.jpg]
[class.foxconnect.kr/fox/cls/clsViewc986.html]
[class.foxconnect.kr/contents/CLASS/THUMB/20241217/20241217021711649_thumb_1920x1080.jpg]
[class.foxconnect.kr/fox/cls/clsView07e5-2.html]
[class.foxconnect.kr/contents/CLASS/THUMB/20241217/20241217021757320_thumb_1920x1080.jpg]
[class.foxconnect.kr/fox/cls/clsViewef68.html]
[class.foxconnect.kr/contents/CLASS/THUMB/20241217/20241217021824724_thumb_1920x1080.jpg]
[class.foxconnect.kr/fox/cls/clsViewff80.html]
[class.foxconnect.kr/contents/CLASS/THUMB/20241217/20241217021855622_thumb_1920x1080.jpg]
[class.foxconnect.kr/fox/cls/clsView8e36.html]
[class.foxconnect.kr/contents/CLASS/THUMB/20241217/20241217021924536_thumb_1920x1080.jpg]
[class.foxconnect.kr/fox/cls/clsView156c.html]
[class.foxconnect.kr/contents/CLASS/THUMB/20241217/20241217021950067_thumb_1920x1080.jpg]
[class.foxconnect.kr/fox/cls/clsView6c3c.html]
[class.foxconnect.kr/contents/CLASS/THUMB/20241217/20241217022017109_thumb_1920x1080.jpg]
[class.foxconnect.kr/fox/cls/clsView4400.html]
[class.foxconnect.kr/contents/CLASS/THUMB/20241217/20241217022048812_thumb_1920x1080.jpg]
[class.foxconnect.kr/fox/cls/globalSearch3686.html]
[class.foxconnect.kr/fox/cls/clsView050e.html]
[class.foxconnect.kr/contents/CLASS/THUMB/20241217/20241217022116755_thumb_1920x1080.jpg]
[class.foxconnect.kr/fox/cls/clsView3b54.html]
[class.foxconnect.kr/contents/CLASS/THUMB/20241217/20241217022143130_thumb_1920x1080.jpg]
[class.foxconnect.kr/fox/cls/clsView7ec0.html]
[class.foxconnect.kr/contents/CLASS/THUMB/20241217/20241217022213563_thumb_1920x1080.jpg]
[class.foxconnect.kr/fox/cls/clsView07b6.html]
[class.foxconnect.kr/contents/CLASS/THUMB/20241217/20241217022240781_thumb_1920x1080.jpg]
[class.foxconnect.kr/fox/cls/clsView0fac.html]
[class.foxconnect.kr/contents/CLASS/THUMB/20241217/20241217022311335_thumb_1920x1080.jpg]
[class.foxconnect.kr/fox/cls/clsView3513.html]
[class.foxconnect.kr/contents/CLASS/THUMB/20241217/20241217022337288_thumb_1920x1080.jpg]
[class.foxconnect.kr/fox/cls/clsView347b.html]
[class.foxconnect.kr/contents/CLASS/THUMB/20241217/20241217024836171_thumb_1920x1080.jpg]
[class.foxconnect.kr/fox/cls/clsViewfa40.html]
[class.foxconnect.kr/contents/CLASS/THUMB/20241217/20241217024907986_thumb_1920x1080.jpg]
[class.foxconnect.kr/fox/cls/clsViewac6b.html]
[class.foxconnect.kr/contents/CLASS/THUMB/20241217/20241217024935283_thumb_1920x1080.jpg]
[class.foxconnect.kr/fox/cls/clsView916c.html]
[class.foxconnect.kr/contents/CLASS/THUMB/20241217/20241217025003415_thumb_1920x1080.jpg]
[class.foxconnect.kr/fox/cls/clsView0e2e.html]
[class.foxconnect.kr/contents/CLASS/THUMB/20241217/20241217025037191_thumb_1920x1080.jpg]
[class.foxconnect.kr/fox/cls/clsView4068.html]
[class.foxconnect.kr/contents/CLASS/THUMB/20241217/20241217025107032_thumb_1920x1080.jpg]
[class.foxconnect.kr/fox/cls/clsView26c0.html]
[class.foxconnect.kr/contents/CLASS/THUMB/20241217/20241217025134985_thumb_1920x1080.jpg]
[class.foxconnect.kr/fox/cls/clsView674a.html]
[class.foxconnect.kr/contents/CLASS/THUMB/20241217/20241217025205932_thumb_1920x1080.jpg]
[class.foxconnect.kr/fox/cls/clsViewc950.html]
[class.foxconnect.kr/contents/CLASS/THUMB/20241217/20241217025231037_thumb_1920x1080.jpg]
[class.foxconnect.kr/fox/cls/clsViewa98f.html]
[class.foxconnect.kr/contents/CLASS/THUMB/20241217/20241217025300882_thumb_1920x1080.jpg]
[class.foxconnect.kr/fox/cls/clsView847c.html]
[class.foxconnect.kr/contents/CLASS/THUMB/20241217/20241217025334580_thumb_1920x1080.jpg]
[class.foxconnect.kr/fox/cls/clsView536c.html]
[class.foxconnect.kr/contents/CLASS/THUMB/20241217/20241217025406379_thumb_1920x1080.jpg]
[class.foxconnect.kr/fox/cls/clsView60b5.html]
[class.foxconnect.kr/contents/CLASS/THUMB/20241217/20241217025556250_thumb_1920x1080.jpg]
[class.foxconnect.kr/fox/cls/clsView1352.html]
[class.foxconnect.kr/fox/cls/globalSearchb266.html]
[class.foxconnect.kr/contents/CLASS/THUMB/20241217/20241217025636176_thumb_1920x1080.jpg]
[class.foxconnect.kr/fox/cls/clsView09d8-2.html]
[class.foxconnect.kr/contents/CLASS/THUMB/20241217/20241217025836256_thumb_1920x1080.jpg]
[class.foxconnect.kr/fox/cls/clsView9c92.html]
[class.foxconnect.kr/contents/CLASS/THUMB/20241217/20241217025902940_thumb_1920x1080.jpg]
[class.foxconnect.kr/fox/cls/clsViewd2ed.html]
[class.foxconnect.kr/contents/CLASS/THUMB/20241217/20241217025929603_thumb_1920x1080.jpg]
[class.foxconnect.kr/fox/cls/clsViewe622.html]
[class.foxconnect.kr/contents/CLASS/THUMB/20241217/20241217025959533_thumb_1920x1080.jpg]
[class.foxconnect.kr/fox/cls/clsViewd07b.html]
[class.foxconnect.kr/contents/CLASS/THUMB/20241217/20241217030026735_thumb_1920x1080.jpg]
[class.foxconnect.kr/fox/cls/clsViewfc18.html]
[class.foxconnect.kr/contents/CLASS/THUMB/20241217/20241217030057718_thumb_1920x1080.jpg]
[class.foxconnect.kr/fox/cls/clsView33ce.html]
[class.foxconnect.kr/contents/CLASS/THUMB/20241217/20241217030125108_thumb_1920x1080.jpg]
[class.foxconnect.kr/fox/cls/clsView1168.html]
[class.foxconnect.kr/contents/CLASS/THUMB/20241217/20241217030153411_thumb_1920x1080.jpg]
[class.foxconnect.kr/fox/cls/clsViewf774.html]
[class.foxconnect.kr/contents/CLASS/THUMB/20241217/20241217030221053_thumb_1920x1080.jpg]
[class.foxconnect.kr/fox/cls/clsView69c7.html]
[class.foxconnect.kr/contents/CLASS/THUMB/20241217/20241217030250620_thumb_1920x1080.jpg]
[class.foxconnect.kr/fox/cls/clsView72da.html]
[class.foxconnect.kr/contents/CLASS/THUMB/20241217/20241217030320746_thumb_1920x1080.jpg]
[class.foxconnect.kr/fox/cls/clsViewbe18.html]
[class.foxconnect.kr/contents/CLASS/THUMB/20241217/20241217030350025_thumb_1920x1080.jpg]
[class.foxconnect.kr/fox/cls/clsView615d.html]
[class.foxconnect.kr/contents/CLASS/THUMB/20241217/20241217030420281_thumb_1920x1080.jpg]
[class.foxconnect.kr/fox/cls/clsView634d.html]
[class.foxconnect.kr/contents/CLASS/THUMB/20241217/20241217043841597_thumb_1920x1080.jpg]
[class.foxconnect.kr/fox/cls/clsView8811.html]
[class.foxconnect.kr/contents/CLASS/THUMB/20241217/20241217053354855_thumb_1920x1080.jpg]
[class.foxconnect.kr/fox/cls/clsView9400.html]
[class.foxconnect.kr/contents/CLASS/THUMB/20241217/20241217053429462_thumb_1920x1080.jpg]
[class.foxconnect.kr/fox/cls/clsViewf3ad.html]
[class.foxconnect.kr/contents/CLASS/THUMB/20241217/20241217053459582_thumb_1920x1080.jpg]
[class.foxconnect.kr/fox/cls/clsView93ba.html]
[class.foxconnect.kr/contents/CLASS/THUMB/20241217/20241217053633383_thumb_1920x1080.jpg]
[class.foxconnect.kr/fox/cls/clsViewb8d0.html]
[class.foxconnect.kr/contents/CLASS/THUMB/20241217/20241217053702551_thumb_1920x1080.jpg]
[class.foxconnect.kr/fox/cls/clsView3063.html]
[class.foxconnect.kr/contents/CLASS/THUMB/20241217/20241217053815720_thumb_1920x1080.jpg]
[class.foxconnect.kr/fox/cls/globalSearchfebe.html]
[class.foxconnect.kr/fox/cls/clsViewb53d.html]
[class.foxconnect.kr/contents/CLASS/THUMB/20241217/20241217053843649_thumb_1920x1080.jpg]
[class.foxconnect.kr/fox/cls/clsView7959.html]
[class.foxconnect.kr/contents/CLASS/THUMB/20241217/20241217053910955_thumb_1920x1080.jpg]
[class.foxconnect.kr/fox/cls/clsViewb705.html]
[class.foxconnect.kr/contents/CLASS/THUMB/20241217/20241217053939021_thumb_1920x1080.jpg]
[class.foxconnect.kr/fox/cls/clsView45a7.html]
[class.foxconnect.kr/contents/CLASS/THUMB/20241217/20241217054834256_thumb_1920x1080.jpg]
[class.foxconnect.kr/fox/cls/clsView6758.html]
[class.foxconnect.kr/contents/CLASS/THUMB/20241218/20241218093011701_thumb_1920x1080.jpg]
[class.foxconnect.kr/fox/cls/clsView4ab6-2.html]
[class.foxconnect.kr/contents/CLASS/THUMB/20241218/20241218093042670_thumb_1920x1080.jpg]
[class.foxconnect.kr/fox/cls/clsView0221.html]
[class.foxconnect.kr/contents/CLASS/THUMB/20241218/20241218093201713_thumb_1920x1080.jpg]
[class.foxconnect.kr/fox/cls/clsView33f4.html]
[class.foxconnect.kr/contents/CLASS/THUMB/20241218/20241218093311755_thumb_1920x1080.jpg]
[class.foxconnect.kr/fox/cls/clsViewedb0.html]
[class.foxconnect.kr/contents/CLASS/THUMB/20241218/20241218093406899_thumb_1920x1080.jpg]
[class.foxconnect.kr/fox/cls/clsView6297.html]
[class.foxconnect.kr/contents/CLASS/THUMB/20241218/20241218093436077_thumb_1920x1080.jpg]
[class.foxconnect.kr/fox/cls/clsViewce2a.html]
[class.foxconnect.kr/contents/CLASS/THUMB/20241218/20241218093507528_thumb_1920x1080.jpg]
[class.foxconnect.kr/fox/cls/clsView8ec3.html]
[class.foxconnect.kr/contents/CLASS/THUMB/20241218/20241218093536327_thumb_1920x1080.jpg]
[class.foxconnect.kr/fox/cls/clsView0ad1.html]
[class.foxconnect.kr/contents/CLASS/THUMB/20241218/20241218094631138_thumb_1920x1080.jpg]
[class.foxconnect.kr/fox/cls/clsViewf240.html]
[class.foxconnect.kr/contents/CLASS/THUMB/20241218/20241218094705900_thumb_1920x1080.jpg]
[class.foxconnect.kr/fox/cls/clsView2416.html]
[class.foxconnect.kr/contents/CLASS/THUMB/20241218/20241218094739293_thumb_1920x1080.jpg]
[class.foxconnect.kr/fox/cls/clsViewf866.html]
[class.foxconnect.kr/contents/CLASS/THUMB/20241218/20241218094809739_thumb_1920x1080.jpg]
[class.foxconnect.kr/fox/cls/clsViewdf95.html]
[class.foxconnect.kr/contents/CLASS/THUMB/20241218/20241218094841615_thumb_1920x1080.jpg]
[class.foxconnect.kr/fox/cls/clsView778a.html]
[class.foxconnect.kr/contents/CLASS/THUMB/20241218/20241218094910856_thumb_1920x1080.jpg]
[class.foxconnect.kr/fox/cls/clsView8cfc.html]
[class.foxconnect.kr/contents/CLASS/THUMB/20241218/20241218094939992_thumb_1920x1080.jpg]
[class.foxconnect.kr/fox/cls/clsView5cb9.html]
[class.foxconnect.kr/fox/cls/globalSearch85c9.html]
[class.foxconnect.kr/contents/CLASS/THUMB/20241218/20241218095009674_thumb_1920x1080.jpg]
[class.foxconnect.kr/fox/cls/clsView6d9a.html]
[class.foxconnect.kr/contents/CLASS/THUMB/20241218/20241218095037938_thumb_1920x1080.jpg]
[class.foxconnect.kr/fox/cls/clsViewb4ec.html]
[class.foxconnect.kr/contents/CLASS/THUMB/20241218/20241218095107565_thumb_1920x1080.jpg]
[class.foxconnect.kr/fox/cls/clsViewf80f.html]
[class.foxconnect.kr/contents/CLASS/THUMB/20241218/20241218095319914_thumb_1920x1080.jpg]
[class.foxconnect.kr/fox/cls/clsView634f.html]
[class.foxconnect.kr/contents/CLASS/THUMB/20241218/20241218095350197_thumb_1920x1080.jpg]
[class.foxconnect.kr/fox/cls/clsView2741.html]
[class.foxconnect.kr/contents/CLASS/THUMB/20241218/20241218095614710_thumb_1920x1080.jpg]
[class.foxconnect.kr/fox/cls/clsViewf4c6.html]
[class.foxconnect.kr/contents/CLASS/THUMB/20241218/20241218095643635_thumb_1920x1080.jpg]
[class.foxconnect.kr/fox/cls/clsView729f.html]
[class.foxconnect.kr/contents/CLASS/THUMB/20241218/20241218095711546_thumb_1920x1080.jpg]
[class.foxconnect.kr/fox/cls/clsView77a1.html]
[class.foxconnect.kr/contents/CLASS/THUMB/20241218/20241218095739416_thumb_1920x1080.jpg]
[class.foxconnect.kr/fox/cls/clsViewc47c.html]
[class.foxconnect.kr/contents/CLASS/THUMB/20241218/20241218103808115_thumb_1920x1080.jpg]
[class.foxconnect.kr/fox/cls/clsView085d.html]
[class.foxconnect.kr/contents/CLASS/THUMB/20241218/20241218103848373_thumb_1920x1080.jpg]
[class.foxconnect.kr/fox/cls/clsView701f.html]
[class.foxconnect.kr/contents/CLASS/THUMB/20241218/20241218103950027_thumb_1920x1080.jpg]
[class.foxconnect.kr/fox/cls/clsView21fe.html]
[class.foxconnect.kr/contents/CLASS/THUMB/20241218/20241218104019953_thumb_1920x1080.jpg]
[class.foxconnect.kr/fox/cls/clsViewb65a.html]
[class.foxconnect.kr/contents/CLASS/THUMB/20241218/20241218104059282_thumb_1920x1080.jpg]
[class.foxconnect.kr/fox/cls/clsViewe52f.html]
[class.foxconnect.kr/contents/CLASS/THUMB/20241218/20241218104130642_thumb_1920x1080.jpg]
[class.foxconnect.kr/fox/cls/clsViewd957.html]
[class.foxconnect.kr/contents/CLASS/THUMB/20241218/20241218104201411_thumb_1920x1080.jpg]
[class.foxconnect.kr/fox/cls/clsView95b9.html]
[class.foxconnect.kr/contents/CLASS/THUMB/20241218/20241218104345861_thumb_1920x1080.jpg]
[class.foxconnect.kr/fox/cls/clsViewb416.html]
[class.foxconnect.kr/contents/CLASS/THUMB/20241218/20241218104432868_thumb_1920x1080.jpg]
[class.foxconnect.kr/fox/cls/clsViewc139.html]
[class.foxconnect.kr/contents/CLASS/THUMB/20241218/20241218104505687_thumb_1920x1080.jpg]
[class.foxconnect.kr/fox/cls/clsView08cf.html]
[class.foxconnect.kr/contents/CLASS/THUMB/20241218/20241218104548074_thumb_1920x1080.jpg]
[class.foxconnect.kr/fox/cls/clsView227a.html]
[class.foxconnect.kr/fox/cls/globalSearchabe5.html]
[class.foxconnect.kr/contents/CLASS/THUMB/20241218/20241218104626981_thumb_1920x1080.jpg]
[class.foxconnect.kr/fox/cls/clsViewfdc4-2.html]
[class.foxconnect.kr/contents/CLASS/THUMB/20241218/20241218104654633_thumb_1920x1080.jpg]
[class.foxconnect.kr/fox/cls/clsViewb4a8.html]
[class.foxconnect.kr/contents/CLASS/THUMB/20241218/20241218104905441_thumb_1920x1080.jpg]
[class.foxconnect.kr/fox/cls/clsViewfb53.html]
[class.foxconnect.kr/contents/CLASS/THUMB/20241218/20241218104953150_thumb_1920x1080.jpg]
[class.foxconnect.kr/fox/cls/clsView431f.html]
[class.foxconnect.kr/contents/CLASS/THUMB/20241218/20241218105032140_thumb_1920x1080.jpg]
[class.foxconnect.kr/fox/cls/clsView816e.html]
[class.foxconnect.kr/contents/CLASS/THUMB/20241218/20241218105128160_thumb_1920x1080.jpg]
[class.foxconnect.kr/fox/cls/clsViewe6cf-2.html]
[class.foxconnect.kr/contents/CLASS/THUMB/20241218/20241218105201553_thumb_1920x1080.jpg]
[class.foxconnect.kr/fox/cls/clsView0947-2.html]
[class.foxconnect.kr/contents/CLASS/THUMB/20241218/20241218105648891_thumb_1920x1080.jpg]
[class.foxconnect.kr/fox/cls/clsView3e9d.html]
[class.foxconnect.kr/contents/CLASS/THUMB/20241218/20241218105928933_thumb_1920x1080.jpg]
[class.foxconnect.kr/fox/cls/clsViewd447.html]
[class.foxconnect.kr/contents/CLASS/THUMB/20241218/20241218105957827_thumb_1920x1080.jpg]
[class.foxconnect.kr/fox/cls/clsViewf17f.html]
[class.foxconnect.kr/contents/CLASS/THUMB/20241218/20241218110025623_thumb_1920x1080.jpg]
[class.foxconnect.kr/fox/cls/clsView7402.html]
[class.foxconnect.kr/contents/CLASS/THUMB/20241218/20241218110053693_thumb_1920x1080.jpg]
[class.foxconnect.kr/fox/cls/clsView6543.html]
[class.foxconnect.kr/contents/CLASS/THUMB/20241218/20241218110122775_thumb_1920x1080.jpg]
[class.foxconnect.kr/fox/cls/clsViewdc99.html]
[class.foxconnect.kr/contents/CLASS/THUMB/20241218/20241218110151911_thumb_1920x1080.jpg]
[class.foxconnect.kr/fox/cls/clsView811f.html]
[class.foxconnect.kr/contents/CLASS/THUMB/20241218/20241218110220633_thumb_1920x1080.jpg]
[class.foxconnect.kr/fox/cls/clsView5661.html]
[class.foxconnect.kr/contents/CLASS/THUMB/20241218/20241218110249340_thumb_1920x1080.jpg]
[class.foxconnect.kr/fox/cls/clsView70bd.html]
[class.foxconnect.kr/contents/CLASS/THUMB/20241218/20241218110316631_thumb_1920x1080.jpg]
[class.foxconnect.kr/fox/cls/clsView0ac6.html]
[class.foxconnect.kr/contents/CLASS/THUMB/20241218/20241218110346444_thumb_1920x1080.jpg]
[class.foxconnect.kr/fox/cls/clsView2d43.html]
[class.foxconnect.kr/contents/CLASS/THUMB/20241218/20241218110416889_thumb_1920x1080.jpg]
[class.foxconnect.kr/fox/cls/clsView1685-2.html]
[class.foxconnect.kr/contents/CLASS/THUMB/20241218/20241218110452931_thumb_1920x1080.jpg]
[class.foxconnect.kr/fox/cls/clsViewe482.html]
[class.foxconnect.kr/fox/cls/globalSearch337f.html]
[class.foxconnect.kr/contents/CLASS/THUMB/20241218/20241218110524047_thumb_1920x1080.jpg]
[class.foxconnect.kr/fox/cls/clsView7142.html]
[class.foxconnect.kr/contents/CLASS/THUMB/20241218/20241218110556492_thumb_1920x1080.jpg]
[class.foxconnect.kr/fox/cls/clsView6f04.html]
[class.foxconnect.kr/contents/CLASS/THUMB/20241218/20241218041146823_thumb_1920x1080.jpg]
[class.foxconnect.kr/fox/cls/clsViewf975.html]
[class.foxconnect.kr/contents/CLASS/THUMB/20241218/20241218124547170_thumb_1920x1080.jpg]
[class.foxconnect.kr/fox/cls/clsView6b2b.html]
[class.foxconnect.kr/contents/CLASS/THUMB/20241218/20241218124619352_thumb_1920x1080.jpg]
[class.foxconnect.kr/fox/cls/clsViewe258-2.html]
[class.foxconnect.kr/contents/CLASS/THUMB/20241218/20241218124650993_thumb_1920x1080.jpg]
[class.foxconnect.kr/fox/cls/clsViewb614.html]
[class.foxconnect.kr/contents/CLASS/THUMB/20241218/20241218124722557_thumb_1920x1080.jpg]
[class.foxconnect.kr/fox/cls/clsView0fa4.html]
[class.foxconnect.kr/contents/CLASS/THUMB/20241218/20241218124751211_thumb_1920x1080.jpg]
[class.foxconnect.kr/fox/cls/clsViewde61.html]
[class.foxconnect.kr/contents/CLASS/THUMB/20241218/20241218124818274_thumb_1920x1080.jpg]
[class.foxconnect.kr/fox/cls/clsView736f.html]
[class.foxconnect.kr/contents/CLASS/THUMB/20241218/20241218124852184_thumb_1920x1080.jpg]
[class.foxconnect.kr/fox/cls/clsViewadc1.html]
[class.foxconnect.kr/contents/CLASS/THUMB/20241218/20241218124919848_thumb_1920x1080.jpg]
[class.foxconnect.kr/fox/cls/clsView612a.html]
[class.foxconnect.kr/contents/CLASS/THUMB/20241218/20241218124954005_thumb_1920x1080.jpg]
[class.foxconnect.kr/fox/cls/clsView1d21.html]
[class.foxconnect.kr/contents/CLASS/THUMB/20241218/20241218125023090_thumb_1920x1080.jpg]
[class.foxconnect.kr/fox/cls/clsView8141.html]
[class.foxconnect.kr/contents/CLASS/THUMB/20241218/20241218125053679_thumb_1920x1080.jpg]
[class.foxconnect.kr/fox/cls/clsViewbd85.html]
[class.foxconnect.kr/contents/CLASS/THUMB/20241218/20241218125125933_thumb_1920x1080.jpg]
[class.foxconnect.kr/fox/cls/clsView11a2.html]
[class.foxconnect.kr/contents/CLASS/THUMB/20241218/20241218125157401_thumb_1920x1080.jpg]
[class.foxconnect.kr/fox/cls/clsViewe82e.html]
[class.foxconnect.kr/contents/CLASS/THUMB/20241218/20241218125227389_thumb_1920x1080.jpg]
[class.foxconnect.kr/fox/cls/clsVieweecc.html]
[class.foxconnect.kr/contents/CLASS/THUMB/20241218/20241218125255063_thumb_1920x1080.jpg]
[class.foxconnect.kr/fox/cls/clsView75b4.html]
[class.foxconnect.kr/contents/CLASS/THUMB/20241218/20241218125324427_thumb_1920x1080.jpg]
[class.foxconnect.kr/fox/cls/clsView5ef1.html]
[class.foxconnect.kr/contents/CLASS/THUMB/20241218/20241218125357999_thumb_1920x1080.jpg]
[class.foxconnect.kr/fox/cls/clsView4a5c-2.html]
[class.foxconnect.kr/fox/cls/globalSearch1783.html]
[class.foxconnect.kr/contents/CLASS/THUMB/20241218/20241218125426671_thumb_1920x1080.jpg]
[class.foxconnect.kr/fox/cls/clsViewbd5e.html]
[class.foxconnect.kr/fox/cls/clsView7dbd.html]
[class.foxconnect.kr/fox/cls/clsView4900.html]
[class.foxconnect.kr/fox/cls/clsViewb908.html]
[class.foxconnect.kr/fox/cls/clsView77d2.html]
[class.foxconnect.kr/fox/cls/clsView30cf.html]
[class.foxconnect.kr/fox/cls/clsView2cfd.html]
[class.foxconnect.kr/fox/cls/clsView9650.html]
[class.foxconnect.kr/fox/cls/clsViewab07.html]
[class.foxconnect.kr/fox/cls/clsViewfd05.html]
[class.foxconnect.kr/fox/cls/clsViewe1e3.html]
[class.foxconnect.kr/fox/cls/clsView1f0b.html]
[class.foxconnect.kr/fox/cls/clsViewb4f1.html]
[class.foxconnect.kr/fox/cls/clsView690f.html]
[class.foxconnect.kr/fox/cls/clsView9fca.html]
[class.foxconnect.kr/fox/cls/clsView3371.html]
[class.foxconnect.kr/fox/cls/clsView6ccf-2.html]
[class.foxconnect.kr/fox/cls/clsViewf435.html]
[class.foxconnect.kr/fox/cls/clsView5c8b.html]
[class.foxconnect.kr/fox/cls/clsViewf9a4.html]
[class.foxconnect.kr/fox/cls/clsView023b.html]
[class.foxconnect.kr/fox/cls/clsViewa862.html]
[class.foxconnect.kr/fox/cls/clsView93d6.html]
[class.foxconnect.kr/fox/cls/clsViewaada.html]
[class.foxconnect.kr/fox/cls/clsView3fa1.html]
[class.foxconnect.kr/fox/cls/clsView687d.html]
[class.foxconnect.kr/fox/cls/clsViewf040.html]
[class.foxconnect.kr/fox/cls/clsView972c.html]
[class.foxconnect.kr/fox/cls/clsView6b90.html]
[class.foxconnect.kr/fox/cls/clsView98e7.html]
[class.foxconnect.kr/fox/cls/clsView1424.html]
[class.foxconnect.kr/fox/cls/clsView4c9d.html]
[class.foxconnect.kr/fox/cls/clsView854c.html]
[class.foxconnect.kr/fox/cls/clsViewea7c.html]
[class.foxconnect.kr/fox/cls/clsView8be3.html]
[class.foxconnect.kr/fox/cls/clsView578d.html]
[class.foxconnect.kr/fox/cls/clsView570b.html]
[class.foxconnect.kr/fox/cls/clsViewbb11.html]
[class.foxconnect.kr/fox/cls/clsViewbc89.html]
[class.foxconnect.kr/fox/cls/clsView9602.html]
[class.foxconnect.kr/fox/cls/clsViewf3ab.html]
[class.foxconnect.kr/fox/cls/clsViewbf35.html]
[class.foxconnect.kr/fox/cls/clsView526d.html]
[class.foxconnect.kr/fox/cls/clsViewfec6.html]
[class.foxconnect.kr/fox/cls/clsView5aa3.html]
[class.foxconnect.kr/fox/cls/clsView9917.html]
[class.foxconnect.kr/fox/cls/clsView82d0.html]
[class.foxconnect.kr/fox/cls/clsViewf3fb.html]
[class.foxconnect.kr/fox/cls/clsView9f00.html]
[class.foxconnect.kr/fox/cls/clsView51cf.html]
[class.foxconnect.kr/fox/cls/clsViewb315.html]
[class.foxconnect.kr/fox/cls/clsView09ec-2.html]
[class.foxconnect.kr/fox/cls/clsViewc493.html]
[class.foxconnect.kr/fox/cls/clsView822a-2.html]
[class.foxconnect.kr/fox/cls/clsView5f84.html]
[class.foxconnect.kr/fox/cls/clsViewaf2a.html]
[class.foxconnect.kr/fox/cls/clsViewd5a0.html]
[class.foxconnect.kr/fox/cls/clsViewf122.html]
[class.foxconnect.kr/fox/cls/clsViewe78d.html]
[class.foxconnect.kr/fox/cls/clsViewdcac.html]
[class.foxconnect.kr/fox/cls/clsView2e36.html]
[class.foxconnect.kr/fox/cls/clsViewf26d.html]
[class.foxconnect.kr/fox/cls/clsView2738.html]
[class.foxconnect.kr/fox/cls/clsView1606.html]
[class.foxconnect.kr/fox/cls/clsView7417.html]
[class.foxconnect.kr/fox/cls/clsView711e.html]
[class.foxconnect.kr/fox/cls/clsView932e.html]
[class.foxconnect.kr/fox/cls/clsView84f9.html]
[class.foxconnect.kr/fox/cls/clsView2c72.html]
[class.foxconnect.kr/fox/cls/clsView34da.html]
[class.foxconnect.kr/fox/cls/clsView78db.html]
[class.foxconnect.kr/fox/cls/clsViewa3a6.html]
[class.foxconnect.kr/fox/cls/clsViewb42b.html]
[class.foxconnect.kr/fox/cls/clsView085e.html]
[class.foxconnect.kr/fox/cls/clsViewc922.html]
[class.foxconnect.kr/fox/cls/clsView0b66.html]
[class.foxconnect.kr/fox/cls/clsViewfb58.html]
[class.foxconnect.kr/fox/cls/clsViewc1eb.html]
[class.foxconnect.kr/fox/cls/clsView45ac.html]
[class.foxconnect.kr/fox/cls/clsView274f.html]
[class.foxconnect.kr/fox/cls/clsView9d20.html]
[class.foxconnect.kr/fox/cls/clsView980f.html]
[class.foxconnect.kr/fox/cls/clsView5962.html]
[class.foxconnect.kr/fox/cls/clsView277a.html]
[class.foxconnect.kr/fox/cls/clsView9219.html]
[class.foxconnect.kr/fox/cls/clsView403d-2.html]
[class.foxconnect.kr/fox/cls/clsView3026.html]
[class.foxconnect.kr/fox/cls/clsViewf9bd.html]
[class.foxconnect.kr/fox/cls/clsView7ebf.html]
[class.foxconnect.kr/fox/cls/clsView737d.html]
[class.foxconnect.kr/fox/cls/clsViewe708-2.html]
[class.foxconnect.kr/fox/cls/clsView0109-2.html]
[class.foxconnect.kr/fox/cls/clsView599a.html]
[class.foxconnect.kr/fox/cls/clsView85d9.html]
[class.foxconnect.kr/fox/cls/clsView0947.html]
[class.foxconnect.kr/fox/cls/clsViewd56d-3.html]
[class.foxconnect.kr/fox/cls/clsView13b5.html]
[class.foxconnect.kr/fox/cls/clsViewfbc8.html]
[class.foxconnect.kr/fox/cls/clsView9b2f.html]
[class.foxconnect.kr/fox/cls/clsViewa8ab.html]
[class.foxconnect.kr/fox/cls/clsView126a.html]
[class.foxconnect.kr/fox/cls/clsViewccac.html]
[class.foxconnect.kr/fox/cls/clsView72bc.html]
[class.foxconnect.kr/fox/cls/clsViewa7f6.html]
[class.foxconnect.kr/fox/cls/clsViewf74e.html]
[class.foxconnect.kr/fox/cls/clsView5b7f.html]
[class.foxconnect.kr/fox/cls/clsViewdb78.html]
[class.foxconnect.kr/fox/cls/clsViewd5ca.html]
[class.foxconnect.kr/fox/cls/clsView1e2f.html]
[class.foxconnect.kr/fox/cls/clsViewa918.html]
[class.foxconnect.kr/fox/cls/clsView219e-2.html]
[class.foxconnect.kr/fox/cls/clsViewf0d5.html]
[class.foxconnect.kr/fox/cls/clsView5331.html]
[class.foxconnect.kr/fox/cls/clsView0b8a.html]
[class.foxconnect.kr/fox/cls/clsView0165.html]
[class.foxconnect.kr/fox/cls/clsView6a5a.html]
[class.foxconnect.kr/fox/cls/clsView7cfb-2.html]
[class.foxconnect.kr/fox/cls/clsView8902.html]
[class.foxconnect.kr/fox/cls/clsView2434.html]
[class.foxconnect.kr/fox/cls/clsViewf7c1-2.html]
[class.foxconnect.kr/fox/cls/clsView207d.html]
[class.foxconnect.kr/fox/cls/clsViewae6e.html]
[class.foxconnect.kr/fox/cls/clsViewc888.html]
[class.foxconnect.kr/fox/cls/clsView0458.html]
[class.foxconnect.kr/fox/cls/clsViewf350.html]
[class.foxconnect.kr/fox/cls/clsView0dfd.html]
[class.foxconnect.kr/fox/cls/clsViewbf71.html]
[class.foxconnect.kr/fox/cls/clsView629c.html]
[class.foxconnect.kr/fox/cls/clsViewf5da.html]
[class.foxconnect.kr/fox/cls/clsView4b5e.html]
[class.foxconnect.kr/fox/cls/clsView8631.html]
[class.foxconnect.kr/fox/cls/clsView08be.html]
[class.foxconnect.kr/fox/cls/clsView49c4.html]
[class.foxconnect.kr/fox/cls/clsView74e2.html]
[class.foxconnect.kr/fox/cls/clsViewcc0c.html]
[class.foxconnect.kr/fox/cls/clsView2b84.html]
[class.foxconnect.kr/fox/cls/clsViewfa9b.html]
[class.foxconnect.kr/fox/cls/clsView3558.html]
[class.foxconnect.kr/fox/cls/clsView887b.html]
[class.foxconnect.kr/fox/cls/clsView1b00.html]
[class.foxconnect.kr/fox/cls/clsView2f69.html]
[class.foxconnect.kr/fox/cls/clsView1bb8.html]
[class.foxconnect.kr/fox/cls/clsView6ffb.html]
[class.foxconnect.kr/fox/cls/clsView31d9-2.html]
[class.foxconnect.kr/fox/cls/clsViewefb6.html]
[class.foxconnect.kr/fox/cls/clsView9cb1.html]
[class.foxconnect.kr/fox/cls/clsViewc0c3.html]
[class.foxconnect.kr/fox/cls/clsView6569.html]
[class.foxconnect.kr/fox/cls/clsView34c1.html]
[class.foxconnect.kr/fox/cls/clsView8f30.html]
[class.foxconnect.kr/fox/cls/clsView9111.html]
[class.foxconnect.kr/fox/cls/clsViewa456.html]
[class.foxconnect.kr/fox/cls/clsView79bc.html]
[class.foxconnect.kr/fox/cls/clsView0214.html]
[class.foxconnect.kr/fox/cls/clsViewe6e9.html]
[class.foxconnect.kr/fox/cls/clsViewfd66.html]
[class.foxconnect.kr/fox/cls/clsVieweb80.html]
[class.foxconnect.kr/fox/cls/clsViewce45.html]
[class.foxconnect.kr/fox/cls/clsViewff97.html]
[class.foxconnect.kr/fox/cls/clsView6e1e.html]
[class.foxconnect.kr/fox/cls/clsViewc0c1.html]
[class.foxconnect.kr/fox/cls/clsViewd041.html]
[class.foxconnect.kr/fox/cls/clsView6f54.html]
[class.foxconnect.kr/fox/cls/clsView13a3.html]
[class.foxconnect.kr/fox/cls/clsViewd002.html]
[class.foxconnect.kr/fox/cls/clsView76c4.html]
[class.foxconnect.kr/fox/cls/clsView8ead.html]
[class.foxconnect.kr/fox/cls/clsView0806.html]
[class.foxconnect.kr/fox/cls/clsView0c9d.html]
[class.foxconnect.kr/fox/cls/clsView0da8.html]
[class.foxconnect.kr/fox/cls/clsViewfe19.html]
[class.foxconnect.kr/fox/cls/clsViewcc36.html]
[class.foxconnect.kr/fox/cls/clsView2539.html]
[class.foxconnect.kr/fox/cls/clsView7ef3.html]
[class.foxconnect.kr/fox/cls/clsView1216.html]
[class.foxconnect.kr/fox/cls/clsView8c48.html]
[class.foxconnect.kr/fox/cls/clsView89f6.html]
[class.foxconnect.kr/fox/cls/clsVieweb38.html]
[class.foxconnect.kr/fox/cls/clsView553e.html]
[class.foxconnect.kr/fox/cls/clsView4aec.html]
[class.foxconnect.kr/fox/cls/clsView752f.html]
[class.foxconnect.kr/fox/cls/clsView20a3.html]
[class.foxconnect.kr/fox/cls/clsView0dc4.html]
[class.foxconnect.kr/fox/cls/clsView3151.html]
[class.foxconnect.kr/fox/cls/clsView10c9.html]
[class.foxconnect.kr/fox/cls/clsView3730.html]
[class.foxconnect.kr/fox/cls/clsViewba0d.html]
[class.foxconnect.kr/fox/cls/clsView098f.html]
[class.foxconnect.kr/fox/cls/clsView5b4a.html]
[class.foxconnect.kr/fox/cls/clsView9c8e.html]
[class.foxconnect.kr/fox/cls/clsViewc586.html]
[class.foxconnect.kr/fox/cls/clsView0430.html]
[class.foxconnect.kr/fox/cls/clsView3146.html]
[class.foxconnect.kr/fox/cls/clsViewdfff.html]
[class.foxconnect.kr/fox/cls/clsView19ee.html]
[class.foxconnect.kr/fox/cls/clsView8a59.html]
[class.foxconnect.kr/fox/cls/clsView488e.html]
[class.foxconnect.kr/fox/cls/clsView07bb.html]
[class.foxconnect.kr/fox/cls/clsView96b0-2.html]
[class.foxconnect.kr/fox/cls/clsViewbd63.html]
[class.foxconnect.kr/fox/cls/clsView7b16.html]
[class.foxconnect.kr/fox/cls/globalSearch81a4.html]
[class.foxconnect.kr/fox/cls/globalSearch5586.html]
[class.foxconnect.kr/fox/cls/globalSearch52e7.html]
[class.foxconnect.kr/fox/cls/globalSearch4c58.html]
[class.foxconnect.kr/fox/cls/globalSearch12a5.html]
[class.foxconnect.kr/fox/cls/globalSearch6e28.html]
[class.foxconnect.kr/fox/cls/globalSearche1c0.html]
[class.foxconnect.kr/fox/cls/globalSearch10a1.html]
[class.foxconnect.kr/fox/cls/globalSearch0cff.html]
[class.foxconnect.kr/fox/cls/globalSearch8cbf.html]
[class.foxconnect.kr/fox/cls/globalSearche580.html]
[class.foxconnect.kr/fox/cls/globalSearcha943.html]
[class.foxconnect.kr/fox/cls/globalSearch8ef7.html]
[class.foxconnect.kr/fox/cls/globalSearch1ac0.html]
[class.foxconnect.kr/fox/cls/globalSearch303e.html]
[class.foxconnect.kr/fox/cls/globalSearch3730.html]
[class.foxconnect.kr/fox/cls/globalSearchd279.html]
[class.foxconnect.kr/fox/cls/globalSearchf4e0.html]
[class.foxconnect.kr/fox/cls/globalSearch0f6d.html]
[class.foxconnect.kr/fox/cls/globalSearchdcf3.html]
[class.foxconnect.kr/fox/cls/clsView19b7.html]
[class.foxconnect.kr/fox/cls/clsView514f.html]
[class.foxconnect.kr/fox/cls/clsViewca04.html]
[class.foxconnect.kr/fox/cls/clsView4042.html]
[class.foxconnect.kr/fox/cls/clsViewa463.html]
[class.foxconnect.kr/fox/cls/clsView08c2.html]
[class.foxconnect.kr/fox/cls/clsView7fbe.html]
[class.foxconnect.kr/fox/cls/clsView3fac.html]
[class.foxconnect.kr/fox/cls/clsViewfde1.html]
[class.foxconnect.kr/fox/cls/clsView56d9.html]
[class.foxconnect.kr/fox/cls/clsView3e8b.html]
[class.foxconnect.kr/contents/CLASS/THUMB/20220901/20220901034719485_thumb_1920x1080.jpg]
[class.foxconnect.kr/fox/cls/globalSearch86cf.html]
[class.foxconnect.kr/fox/cls/globalSearchfa0b.html]
[class.foxconnect.kr/fox/cls/globalSearch1895.html]
[class.foxconnect.kr/fox/cls/globalSearchfbf3.html]
[class.foxconnect.kr/fox/cls/globalSearchb9a9.html]
[class.foxconnect.kr/fox/cls/globalSearchc02e.html]
[class.foxconnect.kr/fox/cls/globalSearchf3a4.html]
[class.foxconnect.kr/fox/cls/globalSearchcb3c.html]
[class.foxconnect.kr/fox/cls/globalSearch1234.html]
[class.foxconnect.kr/fox/cls/globalSearcha6c6.html]
[class.foxconnect.kr/fox/cls/globalSearch7d05.html]
[class.foxconnect.kr/fox/cls/clsView8803.html]
[class.foxconnect.kr/fox/cls/globalSearch38cf.html]
[class.foxconnect.kr/contents/CLASS/THUMB/20220901/20220901032442259_thumb_1920x1080.jpg]
[class.foxconnect.kr/fox/cls/globalSearch6819.html]
[class.foxconnect.kr/fox/cls/clsView97a4.html]
[class.foxconnect.kr/contents/CLASS/THUMB/20220901/20220901011158407_thumb_1920x1080.jpg]
[class.foxconnect.kr/fox/cls/clsView1a69.html]
[class.foxconnect.kr/contents/CLASS/THUMB/20240326/20240326103225362_thumb_1920x1080.jpg]
[class.foxconnect.kr/fox/cls/clsView9bd2-2.html]
[class.foxconnect.kr/contents/CLASS/THUMB/20220901/20220901011050082_thumb_1920x1080.jpg]
[class.foxconnect.kr/fox/cls/globalSearchac3f.html]
[class.foxconnect.kr/fox/cls/clsView94d4.html]
[class.foxconnect.kr/contents/CLASS/THUMB/20240326/20240326095727708_thumb_1920x1080.jpg]
[class.foxconnect.kr/fox/cls/clsViewa2ee.html]
[class.foxconnect.kr/contents/CLASS/THUMB/20221102/20221102044205412_thumb_1920x1080.jpg]
[class.foxconnect.kr/fox/cls/clsView3625.html]
[class.foxconnect.kr/contents/CLASS/THUMB/20240326/20240326095127927_thumb_1920x1080.jpg]
[class.foxconnect.kr/fox/cls/clsViewc3d7.html]
[class.foxconnect.kr/contents/CLASS/THUMB/20240326/20240326091943187_thumb_1920x1080.jpg]
[class.foxconnect.kr/fox/cls/clsView5d8c.html]
[class.foxconnect.kr/contents/CLASS/THUMB/20240411/20240411102613625_thumb_1920x1080.jpg]
[class.foxconnect.kr/fox/cls/clsView3737.html]
[class.foxconnect.kr/contents/CLASS/THUMB/20240326/20240326090608415_thumb_1920x1080.jpg]
[class.foxconnect.kr/fox/cls/globalSearchb272.html]
[class.foxconnect.kr/fox/cls/clsViewa512.html]
[class.foxconnect.kr/contents/CLASS/THUMB/20240320/20240320032625113_thumb_1920x1080.jpg]
[class.foxconnect.kr/fox/cls/clsViewe7d2.html]
[class.foxconnect.kr/contents/CLASS/THUMB/20240411/20240411101617563_thumb_1920x1080.jpg]
[class.foxconnect.kr/fox/cls/clsViewa577.html]
[class.foxconnect.kr/contents/CLASS/THUMB/20240411/20240411101041401_thumb_1920x1080.jpg]
[class.foxconnect.kr/fox/cls/clsViewe18f.html]
[class.foxconnect.kr/contents/CLASS/THUMB/20240320/20240320030948563_thumb_1920x1080.jpg]
[class.foxconnect.kr/fox/cls/clsView6a47.html]
[class.foxconnect.kr/contents/CLASS/THUMB/20240411/20240411095225656_thumb_1920x1080.jpg]
[class.foxconnect.kr/fox/cls/clsViewa099.html]
[class.foxconnect.kr/contents/CLASS/THUMB/20220901/20220901010107960_thumb_1920x1080.jpg]
[class.foxconnect.kr/fox/cls/clsViewf93e.html]
[class.foxconnect.kr/contents/CLASS/THUMB/20240320/20240320023517975_thumb_1920x1080.jpg]
[class.foxconnect.kr/fox/cls/clsViewda80.html]
[class.foxconnect.kr/contents/CLASS/THUMB/20240411/20240411094247514_thumb_1920x1080.jpg]
[class.foxconnect.kr/fox/cls/globalSearchccca.html]
[class.foxconnect.kr/fox/cls/clsView3a59.html]
[class.foxconnect.kr/contents/CLASS/THUMB/20240411/20240411093618746_thumb_1920x1080.jpg]
[class.foxconnect.kr/fox/cls/clsViewab05.html]
[class.foxconnect.kr/contents/CLASS/THUMB/20240320/20240320022248926_thumb_1920x1080.jpg]
[class.foxconnect.kr/fox/cls/clsViewe8ba.html]
[class.foxconnect.kr/contents/CLASS/THUMB/20240320/20240320053007912_thumb_1920x1080.jpg]
[class.foxconnect.kr/fox/cls/clsViewaaa1.html]
[class.foxconnect.kr/fox/cls/globalSearch09a9.html]
[class.foxconnect.kr/contents/CLASS/THUMB/20240320/20240320051033895_thumb_1920x1080.jpg]
[class.foxconnect.kr/fox/cls/clsView4a38.html]
[class.foxconnect.kr/contents/CLASS/THUMB/20240320/20240320034231467_thumb_1920x1080.jpg]
[class.foxconnect.kr/fox/cls/clsView4cf2.html]
[class.foxconnect.kr/contents/CLASS/THUMB/20240320/20240320044950737_thumb_1920x1080.jpg]
[class.foxconnect.kr/fox/cls/clsViewb8ef-2.html]
[class.foxconnect.kr/contents/CLASS/THUMB/20240320/20240320034150110_thumb_1920x1080.jpg]
[class.foxconnect.kr/fox/cls/clsView2cc0.html]
[class.foxconnect.kr/contents/CLASS/THUMB/20240320/20240320041847049_thumb_1920x1080.jpg]
[class.foxconnect.kr/fox/cls/clsViewd996.html]
[class.foxconnect.kr/contents/CLASS/THUMB/20240320/20240320034132808_thumb_1920x1080.jpg]
[class.foxconnect.kr/fox/cls/clsViewe9f5.html]
[class.foxconnect.kr/fox/cls/globalSearch642f.html]
[class.foxconnect.kr/contents/CLASS/THUMB/20240320/20240320040137179_thumb_1920x1080.jpg]
[class.foxconnect.kr/fox/cls/clsView5928.html]
[class.foxconnect.kr/contents/CLASS/THUMB/20240319/20240319030505833_thumb_1920x1080.jpg]
[class.foxconnect.kr/fox/cls/clsView9684.html]
[class.foxconnect.kr/contents/CLASS/THUMB/20240320/20240320034112620_thumb_1920x1080.jpg]
[class.foxconnect.kr/fox/cls/clsView1646.html]
[class.foxconnect.kr/contents/CLASS/THUMB/20240318/20240318043630567_thumb_1920x1080.jpg]
[class.foxconnect.kr/fox/cls/clsView995b.html]
[class.foxconnect.kr/fox/cls/globalSearch71d4.html]
[class.foxconnect.kr/contents/CLASS/THUMB/20250108/20250108031109853_thumb_1920x1080.jpg]
[class.foxconnect.kr/fox/cls/clsView7a83.html]
[class.foxconnect.kr/contents/CLASS/THUMB/20241212/20241212011101909_thumb_1920x1080.jpg]
[class.foxconnect.kr/fox/cls/globalSearchcfbf.html]
[class.foxconnect.kr/fox/cls/clsViewd266.html]
[class.foxconnect.kr/fox/cls/clsView463c-2.html]
[class.foxconnect.kr/fox/cls/clsViewb3aa.html]
[class.foxconnect.kr/fox/cls/clsView3257.html]
[class.foxconnect.kr/fox/cls/clsViewe553.html]
[class.foxconnect.kr/fox/cls/clsViewf2b1.html]
[class.foxconnect.kr/fox/cls/clsViewa76f.html]
[class.foxconnect.kr/fox/cls/clsView9a14.html]
[class.foxconnect.kr/fox/cls/clsViewcd9c.html]
[class.foxconnect.kr/fox/cls/clsView28a7.html]
[class.foxconnect.kr/fox/cls/clsView73f9.html]
[class.foxconnect.kr/fox/cls/clsView22f0.html]
[class.foxconnect.kr/fox/cls/clsView0896.html]
[class.foxconnect.kr/fox/cls/clsView6ce0.html]
[class.foxconnect.kr/fox/cls/clsView3944.html]
[class.foxconnect.kr/fox/cls/clsView0b61.html]
[class.foxconnect.kr/fox/cls/clsView65dc.html]
[class.foxconnect.kr/fox/cls/clsView32c2.html]
[class.foxconnect.kr/fox/cls/clsView34e1.html]
[class.foxconnect.kr/fox/cls/clsView4b0f.html]
[class.foxconnect.kr/fox/cls/clsView2688.html]
[class.foxconnect.kr/fox/cls/clsView8232.html]
[class.foxconnect.kr/fox/cls/clsViewc3e1.html]
[class.foxconnect.kr/fox/cls/clsViewd538.html]
[class.foxconnect.kr/fox/cls/clsView62d9.html]
[class.foxconnect.kr/fox/cls/clsView561e.html]
[class.foxconnect.kr/fox/cls/clsView343b-2.html]
[class.foxconnect.kr/fox/cls/clsView1231.html]
[class.foxconnect.kr/fox/cls/clsView1362.html]
[class.foxconnect.kr/fox/cls/clsViewb0fb.html]
[class.foxconnect.kr/fox/cls/clsView2b4b.html]
[class.foxconnect.kr/fox/cls/clsView0af6.html]
[class.foxconnect.kr/fox/cls/clsView91ad.html]
[class.foxconnect.kr/fox/cls/clsViewc2e9.html]
[class.foxconnect.kr/fox/cls/clsView4277.html]
[class.foxconnect.kr/fox/cls/clsView2c24.html]
[class.foxconnect.kr/fox/cls/clsView1b0b.html]
[class.foxconnect.kr/fox/cls/clsView4b74.html]
[class.foxconnect.kr/fox/cls/clsView3801.html]
[class.foxconnect.kr/fox/cls/clsView2183.html]
[class.foxconnect.kr/fox/cls/clsViewd1ee.html]
[class.foxconnect.kr/fox/cls/clsView790e.html]
[class.foxconnect.kr/fox/cls/clsViewe7be.html]
[class.foxconnect.kr/fox/cls/clsView8b17.html]
[class.foxconnect.kr/fox/cls/clsView0a17.html]
[class.foxconnect.kr/fox/cls/clsView2c7b.html]
[class.foxconnect.kr/fox/cls/clsView7867-2.html]
[class.foxconnect.kr/fox/cls/clsViewd1f9.html]
[class.foxconnect.kr/fox/cls/clsView0db8.html]
[class.foxconnect.kr/fox/cls/clsView5023.html]
[class.foxconnect.kr/fox/cls/clsView4a5c.html]
[class.foxconnect.kr/fox/cls/clsView67b8.html]
[class.foxconnect.kr/fox/cls/clsView179f.html]
[class.foxconnect.kr/fox/cls/clsView5c4c.html]
[class.foxconnect.kr/fox/cls/clsViewab35.html]
[class.foxconnect.kr/fox/cls/clsView0f02.html]
[class.foxconnect.kr/fox/cls/clsView5028.html]
[class.foxconnect.kr/fox/cls/clsViewc26f.html]
[class.foxconnect.kr/fox/cls/clsView7928.html]
[class.foxconnect.kr/fox/cls/clsView0d75.html]
[class.foxconnect.kr/fox/cls/clsView89e9.html]
[class.foxconnect.kr/fox/cls/clsView7368.html]
[class.foxconnect.kr/fox/cls/clsView6d8e.html]
[class.foxconnect.kr/fox/cls/clsView8f8f.html]
[class.foxconnect.kr/fox/cls/clsView41b3.html]
[class.foxconnect.kr/fox/cls/clsView1d04.html]
[class.foxconnect.kr/fox/cls/clsView751b.html]
[class.foxconnect.kr/fox/cls/clsView6031.html]
[class.foxconnect.kr/fox/cls/clsView950c.html]
[class.foxconnect.kr/fox/cls/clsViewc90d.html]
[class.foxconnect.kr/fox/cls/clsViewa732.html]
[class.foxconnect.kr/fox/cls/clsView405f.html]
[class.foxconnect.kr/fox/cls/clsView3060.html]
[class.foxconnect.kr/fox/cls/clsView2499.html]
[class.foxconnect.kr/fox/cls/clsView5cc0.html]
[class.foxconnect.kr/fox/cls/clsView9a02.html]
[class.foxconnect.kr/fox/cls/clsView59b1.html]
[class.foxconnect.kr/fox/cls/clsViewf437.html]
[class.foxconnect.kr/fox/cls/clsView6420.html]
[class.foxconnect.kr/fox/cls/clsViewe80f.html]
[class.foxconnect.kr/fox/cls/clsView83c6.html]
[class.foxconnect.kr/fox/cls/clsView366f.html]
[class.foxconnect.kr/fox/cls/clsView4c17.html]
[class.foxconnect.kr/fox/cls/clsView3e15.html]
[class.foxconnect.kr/fox/cls/clsView6f93.html]
[class.foxconnect.kr/fox/cls/clsView7106.html]
[class.foxconnect.kr/fox/cls/clsView9d38.html]
[class.foxconnect.kr/fox/cls/clsViewf9b6.html]
[class.foxconnect.kr/fox/cls/clsView6f13.html]
[class.foxconnect.kr/fox/cls/clsView3a4d.html]
[class.foxconnect.kr/fox/cls/clsViewf030.html]
[class.foxconnect.kr/fox/cls/clsViewe1e2.html]
[class.foxconnect.kr/fox/cls/clsViewdf83.html]
[class.foxconnect.kr/fox/cls/clsView562c.html]
[class.foxconnect.kr/fox/cls/clsView3488.html]
[class.foxconnect.kr/fox/cls/clsView282f.html]
[class.foxconnect.kr/fox/cls/clsView2861.html]
[class.foxconnect.kr/fox/cls/clsViewac9c.html]
[class.foxconnect.kr/fox/cls/clsView287a.html]
[class.foxconnect.kr/fox/cls/clsViewb368.html]
[class.foxconnect.kr/fox/cls/clsViewf30f.html]
[class.foxconnect.kr/fox/cls/clsView6365.html]
[class.foxconnect.kr/fox/cls/clsView0290.html]
[class.foxconnect.kr/fox/cls/clsViewf808.html]
[class.foxconnect.kr/fox/cls/clsView0abf.html]
[class.foxconnect.kr/fox/cls/clsView86cc.html]
[class.foxconnect.kr/fox/cls/clsViewc26e.html]
[class.foxconnect.kr/fox/cls/clsView178c.html]
[class.foxconnect.kr/fox/cls/clsViewa4ee.html]
[class.foxconnect.kr/fox/cls/clsView398d.html]
[class.foxconnect.kr/fox/cls/clsView94eb.html]
[class.foxconnect.kr/fox/cls/clsView8f50.html]
[class.foxconnect.kr/fox/cls/clsView1fcc.html]
[class.foxconnect.kr/fox/cls/clsVieweb15.html]
[class.foxconnect.kr/fox/cls/clsViewee4c.html]
[class.foxconnect.kr/fox/cls/clsView2451.html]
[class.foxconnect.kr/fox/cls/clsView057c.html]
[class.foxconnect.kr/fox/cls/clsView801f.html]
[class.foxconnect.kr/fox/cls/clsView416e.html]
[class.foxconnect.kr/fox/cls/clsViewa076.html]
[class.foxconnect.kr/fox/cls/clsViewf4ef.html]
[class.foxconnect.kr/fox/cls/clsView70d9.html]
[class.foxconnect.kr/fox/cls/clsView1197.html]
[class.foxconnect.kr/fox/cls/clsView3deb-2.html]
[class.foxconnect.kr/fox/cls/clsView6f23.html]
[class.foxconnect.kr/fox/cls/clsView6af8.html]
[class.foxconnect.kr/fox/cls/clsViewdf35.html]
[class.foxconnect.kr/fox/cls/clsView9bee.html]
[class.foxconnect.kr/fox/cls/clsView95de.html]
[class.foxconnect.kr/fox/cls/clsViewc0ce.html]
[class.foxconnect.kr/fox/cls/clsViewf63c.html]
[class.foxconnect.kr/fox/cls/clsView41f9.html]
[class.foxconnect.kr/fox/cls/clsView29d0.html]
[class.foxconnect.kr/fox/cls/clsViewe3c4.html]
[class.foxconnect.kr/fox/cls/clsView55f3.html]
[class.foxconnect.kr/fox/cls/clsView3d2e.html]
[class.foxconnect.kr/fox/cls/clsViewad2d.html]
[class.foxconnect.kr/fox/cls/clsViewb0e7.html]
[class.foxconnect.kr/fox/cls/clsView03bc.html]
[class.foxconnect.kr/fox/cls/clsViewd9ee.html]
[class.foxconnect.kr/fox/cls/clsView0c11.html]
[class.foxconnect.kr/fox/cls/clsViewc986.html]
[class.foxconnect.kr/fox/cls/clsView07e5-2.html]
[class.foxconnect.kr/fox/cls/clsViewef68.html]
[class.foxconnect.kr/fox/cls/clsViewff80.html]
[class.foxconnect.kr/fox/cls/clsView8e36.html]
[class.foxconnect.kr/fox/cls/clsView156c.html]
[class.foxconnect.kr/fox/cls/clsView6c3c.html]
[class.foxconnect.kr/fox/cls/clsView4400.html]
[class.foxconnect.kr/fox/cls/clsView050e.html]
[class.foxconnect.kr/fox/cls/clsView3b54.html]
[class.foxconnect.kr/fox/cls/clsView7ec0.html]
[class.foxconnect.kr/fox/cls/clsView07b6.html]
[class.foxconnect.kr/fox/cls/clsView0fac.html]
[class.foxconnect.kr/fox/cls/clsView3513.html]
[class.foxconnect.kr/fox/cls/clsView347b.html]
[class.foxconnect.kr/fox/cls/clsViewfa40.html]
[class.foxconnect.kr/fox/cls/clsViewac6b.html]
[class.foxconnect.kr/fox/cls/clsView916c.html]
[class.foxconnect.kr/fox/cls/clsView0e2e.html]
[class.foxconnect.kr/fox/cls/clsView4068.html]
[class.foxconnect.kr/fox/cls/clsView26c0.html]
[class.foxconnect.kr/fox/cls/clsView674a.html]
[class.foxconnect.kr/fox/cls/clsViewc950.html]
[class.foxconnect.kr/fox/cls/clsViewa98f.html]
[class.foxconnect.kr/fox/cls/clsView847c.html]
[class.foxconnect.kr/fox/cls/clsView536c.html]
[class.foxconnect.kr/fox/cls/clsView60b5.html]
[class.foxconnect.kr/fox/cls/clsView1352.html]
[class.foxconnect.kr/fox/cls/clsView09d8-2.html]
[class.foxconnect.kr/fox/cls/clsView9c92.html]
[class.foxconnect.kr/fox/cls/clsViewd2ed.html]
[class.foxconnect.kr/fox/cls/clsViewe622.html]
[class.foxconnect.kr/fox/cls/clsViewd07b.html]
[class.foxconnect.kr/fox/cls/clsViewfc18.html]
[class.foxconnect.kr/fox/cls/clsView33ce.html]
[class.foxconnect.kr/fox/cls/clsView1168.html]
[class.foxconnect.kr/fox/cls/clsViewf774.html]
[class.foxconnect.kr/fox/cls/clsView69c7.html]
[class.foxconnect.kr/fox/cls/clsView72da.html]
[class.foxconnect.kr/fox/cls/clsViewbe18.html]
[class.foxconnect.kr/fox/cls/clsView615d.html]
[class.foxconnect.kr/fox/cls/clsView634d.html]
[class.foxconnect.kr/fox/cls/clsView8811.html]
[class.foxconnect.kr/fox/cls/clsView9400.html]
[class.foxconnect.kr/fox/cls/clsViewf3ad.html]
[class.foxconnect.kr/fox/cls/clsView93ba.html]
[class.foxconnect.kr/fox/cls/clsViewb8d0.html]
[class.foxconnect.kr/fox/cls/clsView3063.html]
[class.foxconnect.kr/fox/cls/clsViewb53d.html]
[class.foxconnect.kr/fox/cls/clsView7959.html]
[class.foxconnect.kr/fox/cls/clsViewb705.html]
[class.foxconnect.kr/fox/cls/clsView45a7.html]
[class.foxconnect.kr/fox/cls/clsView6758.html]
[class.foxconnect.kr/fox/cls/clsView4ab6-2.html]
[class.foxconnect.kr/fox/cls/clsView0221.html]
[class.foxconnect.kr/fox/cls/clsView33f4.html]
[class.foxconnect.kr/fox/cls/clsViewedb0.html]
[class.foxconnect.kr/fox/cls/clsView6297.html]
[class.foxconnect.kr/fox/cls/clsViewce2a.html]
[class.foxconnect.kr/fox/cls/clsView8ec3.html]
[class.foxconnect.kr/fox/cls/clsView0ad1.html]
[class.foxconnect.kr/fox/cls/clsViewf240.html]
[class.foxconnect.kr/fox/cls/clsView2416.html]
[class.foxconnect.kr/fox/cls/clsViewf866.html]
[class.foxconnect.kr/fox/cls/clsViewdf95.html]
[class.foxconnect.kr/fox/cls/clsView778a.html]
[class.foxconnect.kr/fox/cls/clsView8cfc.html]
[class.foxconnect.kr/fox/cls/clsView5cb9.html]
[class.foxconnect.kr/fox/cls/clsView6d9a.html]
[class.foxconnect.kr/fox/cls/clsViewb4ec.html]
[class.foxconnect.kr/fox/cls/clsViewf80f.html]
[class.foxconnect.kr/fox/cls/clsView634f.html]
[class.foxconnect.kr/fox/cls/clsView2741.html]
[class.foxconnect.kr/fox/cls/clsViewf4c6.html]
[class.foxconnect.kr/fox/cls/clsView729f.html]
[class.foxconnect.kr/fox/cls/clsView77a1.html]
[class.foxconnect.kr/fox/cls/clsViewc47c.html]
[class.foxconnect.kr/fox/cls/clsView085d.html]
[class.foxconnect.kr/fox/cls/clsView701f.html]
[class.foxconnect.kr/fox/cls/clsView21fe.html]
[class.foxconnect.kr/fox/cls/clsViewb65a.html]
[class.foxconnect.kr/fox/cls/clsViewe52f.html]
[class.foxconnect.kr/fox/cls/clsViewd957.html]
[class.foxconnect.kr/fox/cls/clsView95b9.html]
[class.foxconnect.kr/fox/cls/clsViewb416.html]
[class.foxconnect.kr/fox/cls/clsViewc139.html]
[class.foxconnect.kr/fox/cls/clsView08cf.html]
[class.foxconnect.kr/fox/cls/clsView227a.html]
[class.foxconnect.kr/fox/cls/clsViewfdc4-2.html]
[class.foxconnect.kr/fox/cls/clsViewb4a8.html]
[class.foxconnect.kr/fox/cls/clsViewfb53.html]
[class.foxconnect.kr/fox/cls/clsView431f.html]
[class.foxconnect.kr/fox/cls/clsView816e.html]
[class.foxconnect.kr/fox/cls/clsViewe6cf-2.html]
[class.foxconnect.kr/fox/cls/clsView0947-2.html]
[class.foxconnect.kr/fox/cls/clsView3e9d.html]
[class.foxconnect.kr/fox/cls/clsViewd447.html]
[class.foxconnect.kr/fox/cls/clsViewf17f.html]
[class.foxconnect.kr/fox/cls/clsView7402.html]
[class.foxconnect.kr/fox/cls/clsView6543.html]
[class.foxconnect.kr/fox/cls/clsViewdc99.html]
[class.foxconnect.kr/fox/cls/clsView811f.html]
[class.foxconnect.kr/fox/cls/clsView5661.html]
[class.foxconnect.kr/fox/cls/clsView70bd.html]
[class.foxconnect.kr/fox/cls/clsView0ac6.html]
[class.foxconnect.kr/fox/cls/clsView2d43.html]
[class.foxconnect.kr/fox/cls/clsView1685-2.html]
[class.foxconnect.kr/fox/cls/clsViewe482.html]
[class.foxconnect.kr/fox/cls/clsView7142.html]
[class.foxconnect.kr/fox/cls/clsView6f04.html]
[class.foxconnect.kr/fox/cls/clsViewf975.html]
[class.foxconnect.kr/fox/cls/clsView6b2b.html]
[class.foxconnect.kr/fox/cls/clsViewe258-2.html]
[class.foxconnect.kr/fox/cls/clsViewb614.html]
[class.foxconnect.kr/fox/cls/clsView0fa4.html]
[class.foxconnect.kr/fox/cls/clsViewde61.html]
[class.foxconnect.kr/fox/cls/clsView736f.html]
[class.foxconnect.kr/fox/cls/clsViewadc1.html]
[class.foxconnect.kr/fox/cls/clsView612a.html]
[class.foxconnect.kr/fox/cls/clsView1d21.html]
[class.foxconnect.kr/fox/cls/clsView8141.html]
[class.foxconnect.kr/fox/cls/clsViewbd85.html]
[class.foxconnect.kr/fox/cls/clsView11a2.html]
[class.foxconnect.kr/fox/cls/clsViewe82e.html]
[class.foxconnect.kr/fox/cls/clsVieweecc.html]
[class.foxconnect.kr/fox/cls/clsView75b4.html]
[class.foxconnect.kr/fox/cls/clsView5ef1.html]
[class.foxconnect.kr/fox/cls/clsView4a5c-2.html]
[class.foxconnect.kr/fox/cls/globalSearch8cbf.html]
[class.foxconnect.kr/fox/cls/globalSearche580.html]
[class.foxconnect.kr/fox/cls/globalSearcha943.html]
[class.foxconnect.kr/fox/cls/globalSearch8ef7.html]
[class.foxconnect.kr/fox/cls/globalSearch1ac0.html]
[class.foxconnect.kr/fox/cls/globalSearch303e.html]
[class.foxconnect.kr/fox/cls/globalSearch3730.html]
[class.foxconnect.kr/fox/cls/globalSearchd279.html]
[class.foxconnect.kr/fox/cls/globalSearchf4e0.html]
[class.foxconnect.kr/fox/cls/globalSearch559f.html]
[class.foxconnect.kr/fox/cls/globalSearchc9e3.html]
[class.foxconnect.kr/fox/cls/globalSearchdc87.html]
[class.foxconnect.kr/fox/cls/globalSearch78d7.html]
[class.foxconnect.kr/fox/cls/globalSearch2209.html]
[class.foxconnect.kr/fox/cls/globalSearch86ae.html]
[class.foxconnect.kr/fox/cls/globalSearchfbb5.html]
[class.foxconnect.kr/fox/cls/globalSearcha6a3.html]
[class.foxconnect.kr/fox/cls/globalSearch0f6d.html]
[class.foxconnect.kr/fox/cls/clsView3e8b.html]
[class.foxconnect.kr/fox/cls/globalSearch86cf.html]
[class.foxconnect.kr/fox/cls/globalSearchfa0b.html]
[class.foxconnect.kr/fox/cls/globalSearch1895.html]
[class.foxconnect.kr/fox/cls/globalSearchfbf3.html]
[class.foxconnect.kr/fox/cls/globalSearchb9a9.html]
[class.foxconnect.kr/fox/cls/globalSearchc02e.html]
[class.foxconnect.kr/fox/cls/clsView0d8b.html]
[class.foxconnect.kr/contents/CLASS/THUMB/20220907/20220907011700463_thumb_1920x1080.jpg]
[class.foxconnect.kr/fox/cls/globalSearchf3a4.html]
[class.foxconnect.kr/fox/cls/clsView9659.html]
[class.foxconnect.kr/fox/cls/globalSearchcb3c.html]
[class.foxconnect.kr/contents/CLASS/THUMB/20220907/20220907010456049_thumb_1920x1080.jpg]
[class.foxconnect.kr/fox/cls/clsView60dc.html]
[class.foxconnect.kr/fox/cls/globalSearch1234.html]
[class.foxconnect.kr/contents/CLASS/THUMB/20220907/20220907105052054_thumb_1920x1080.jpg]
[class.foxconnect.kr/fox/cls/clsViewcb99.html]
[class.foxconnect.kr/contents/CLASS/THUMB/20220906/20220906052158218_thumb_1920x1080.jpg]
[class.foxconnect.kr/fox/cls/clsView5d75.html]
[class.foxconnect.kr/fox/cls/globalSearcha6c6.html]
[class.foxconnect.kr/contents/CLASS/THUMB/20220906/20220906051244489_thumb_1920x1080.jpg]
[class.foxconnect.kr/fox/cls/clsView8803.html]
[class.foxconnect.kr/fox/cls/clsView97a4.html]
[class.foxconnect.kr/fox/cls/clsView1a69.html]
[class.foxconnect.kr/fox/cls/clsView9bd2-2.html]
[class.foxconnect.kr/fox/cls/clsView94d4.html]
[class.foxconnect.kr/fox/cls/clsViewa2ee.html]
[class.foxconnect.kr/fox/cls/clsView3625.html]
[class.foxconnect.kr/fox/cls/clsViewc3d7.html]
[class.foxconnect.kr/fox/cls/clsView5d8c.html]
[class.foxconnect.kr/fox/cls/clsView3737.html]
[class.foxconnect.kr/fox/cls/clsViewa512.html]
[class.foxconnect.kr/fox/cls/clsViewe7d2.html]
[class.foxconnect.kr/fox/cls/clsViewa577.html]
[class.foxconnect.kr/fox/cls/clsViewe18f.html]
[class.foxconnect.kr/fox/cls/clsView6a47.html]
[class.foxconnect.kr/fox/cls/clsViewa099.html]
[class.foxconnect.kr/fox/cls/clsViewf93e.html]
[class.foxconnect.kr/fox/cls/clsViewda80.html]
[class.foxconnect.kr/fox/cls/clsView3a59.html]
[class.foxconnect.kr/fox/cls/clsViewab05.html]
[class.foxconnect.kr/fox/cls/clsViewe8ba.html]
[class.foxconnect.kr/fox/cls/clsViewaaa1.html]
[class.foxconnect.kr/fox/cls/clsView4a38.html]
[class.foxconnect.kr/fox/cls/clsView4cf2.html]
[class.foxconnect.kr/fox/cls/clsViewb8ef-2.html]
[class.foxconnect.kr/fox/cls/clsView2cc0.html]
[class.foxconnect.kr/fox/cls/clsViewd996.html]
[class.foxconnect.kr/fox/cls/clsViewe9f5.html]
[class.foxconnect.kr/fox/cls/clsView5928.html]
[class.foxconnect.kr/fox/cls/clsView9684.html]
[class.foxconnect.kr/fox/cls/clsView1646.html]
[class.foxconnect.kr/fox/cls/clsView995b.html]
[class.foxconnect.kr/fox/cls/clsView7a83.html]
[class.foxconnect.kr/fox/cls/globalSearch559f.html]
[class.foxconnect.kr/fox/cls/globalSearchc9e3.html]
[class.foxconnect.kr/fox/cls/globalSearchdc87.html]
[class.foxconnect.kr/fox/cls/globalSearch78d7.html]
[class.foxconnect.kr/fox/cls/globalSearch2209.html]
[class.foxconnect.kr/fox/cls/globalSearch86ae.html]
[class.foxconnect.kr/fox/cls/globalSearchfbb5.html]
[class.foxconnect.kr/fox/cls/globalSearcha6a3.html]
[class.foxconnect.kr/fox/cls/clsView0d8b.html]
[class.foxconnect.kr/fox/cls/clsView9659.html]
[class.foxconnect.kr/fox/cls/clsView60dc.html]
[class.foxconnect.kr/fox/cls/clsViewcb99.html]
[class.foxconnect.kr/fox/cls/clsView5d75.html]
